,Angol,Carahue,Cholchol,Collipulli,Cunco,Curacautin,Curarrehue,Ercilla,Freire,Galvarino,Gorbea,Lautaro,Loncoche,Lonquimay,Los Sauces,Lumaco,Melipeuco,Nueva Imperial,Padre Las Casas,Perquenco,Pitrufquen,Pucon,Puren,Renaico,Saavedra,Temuco,Teodoro Schmidt,Tolten,Traiguen,Victoria,Vilcun,Villarrica,Desconocido Araucania,Total
2020-06-15,0.0,0.0,0.0,0.0,0.0,0.0,0.0,0.0,0.0,0.0,0.0,0.0,0.0,0.0,0.0,0.0,0.0,0.0,0.0,0.0,0.0,0.0,0.0,0.0,0.0,0.0,0.0,0.0,0.0,0.0,1.0,0.0,0.0,1.0
2020-06-19,0.0,0.0,0.0,0.0,0.0,0.0,0.0,0.0,0.0,0.0,0.0,0.0,0.0,0.0,0.0,0.0,0.0,0.0,0.0,0.0,0.0,0.0,0.0,0.0,0.0,0.0,0.0,0.0,0.0,0.0,0.0,0.0,0.0,0.0
2020-06-23,0.0,0.0,0.0,0.0,0.0,0.0,0.0,0.0,0.0,0.0,0.0,0.0,0.0,0.0,0.0,0.0,0.0,0.0,0.0,0.0,0.0,0.0,0.0,0.0,0.0,0.0,0.0,0.0,0.0,0.0,0.0,1.0,0.0,1.0
2020-06-28,3.0,0.0,0.0,1.0,1.0,1.0,1.0,0.0,0.0,0.0,0.0,2.0,1.0,1.0,0.0,0.0,0.0,1.0,1.0,0.0,0.0,0.0,0.0,0.0,0.0,4.0,0.0,0.0,0.0,1.0,0.0,-1.0,0.0,17.0
2020-07-01,0.0,0.0,0.0,0.0,0.0,0.0,0.0,0.0,0.0,0.0,0.0,0.0,0.0,0.0,0.0,0.0,0.0,0.0,0.0,0.0,0.0,0.0,0.0,0.0,0.0,0.0,0.0,0.0,0.0,1.0,0.0,0.0,0.0,1.0
2020-07-05,2.0,0.0,0.0,0.0,0.0,0.0,0.0,0.0,0.0,0.0,0.0,0.0,1.0,0.0,0.0,0.0,0.0,0.0,0.0,0.0,0.0,0.0,0.0,0.0,0.0,0.0,0.0,0.0,0.0,1.0,1.0,0.0,0.0,5.0
2020-07-10,0.0,0.0,0.0,0.0,0.0,0.0,0.0,0.0,0.0,0.0,0.0,0.0,0.0,0.0,0.0,0.0,0.0,0.0,0.0,0.0,0.0,0.0,0.0,0.0,0.0,1.0,0.0,0.0,0.0,1.0,0.0,0.0,0.0,2.0
2020-07-13,0.0,0.0,0.0,0.0,0.0,0.0,0.0,0.0,0.0,0.0,0.0,0.0,0.0,0.0,0.0,0.0,0.0,0.0,0.0,0.0,0.0,0.0,0.0,0.0,0.0,0.0,0.0,0.0,0.0,0.0,0.0,0.0,0.0,0.0
2020-07-17,0.0,0.0,0.0,0.0,0.0,0.0,0.0,0.0,0.0,0.0,0.0,0.0,0.0,0.0,0.0,0.0,0.0,0.0,0.0,0.0,0.0,0.0,0.0,0.0,0.0,0.0,0.0,0.0,0.0,0.0,0.0,0.0,0.0,0.0
2020-07-20,0.0,0.0,0.0,0.0,0.0,0.0,0.0,0.0,0.0,0.0,0.0,0.0,0.0,0.0,0.0,0.0,0.0,0.0,0.0,0.0,0.0,0.0,0.0,0.0,0.0,0.0,0.0,0.0,0.0,0.0,0.0,0.0,0.0,0.0
2020-07-24,0.0,0.0,0.0,0.0,0.0,0.0,0.0,1.0,0.0,0.0,0.0,1.0,0.0,0.0,0.0,0.0,0.0,1.0,0.0,0.0,0.0,0.0,0.0,0.0,0.0,0.0,0.0,0.0,0.0,0.0,0.0,0.0,0.0,3.0
2020-07-27,0.0,0.0,0.0,0.0,0.0,0.0,0.0,0.0,0.0,0.0,0.0,0.0,-1.0,0.0,0.0,0.0,0.0,0.0,0.0,0.0,0.0,0.0,0.0,0.0,0.0,0.0,1.0,0.0,0.0,0.0,0.0,1.0,0.0,1.0
2020-07-31,1.0,0.0,0.0,0.0,0.0,0.0,0.0,0.0,0.0,0.0,0.0,0.0,0.0,0.0,0.0,0.0,0.0,0.0,0.0,0.0,0.0,0.0,0.0,0.0,0.0,0.0,0.0,0.0,0.0,0.0,0.0,0.0,0.0,1.0
2020-08-03,0.0,0.0,0.0,0.0,0.0,0.0,0.0,0.0,0.0,0.0,0.0,0.0,0.0,0.0,0.0,0.0,0.0,0.0,0.0,0.0,0.0,0.0,0.0,0.0,0.0,1.0,0.0,0.0,0.0,0.0,0.0,0.0,0.0,1.0
2020-08-07,0.0,0.0,0.0,0.0,0.0,0.0,0.0,0.0,0.0,0.0,0.0,0.0,0.0,0.0,0.0,0.0,0.0,0.0,0.0,0.0,0.0,0.0,0.0,0.0,0.0,2.0,0.0,0.0,0.0,0.0,1.0,0.0,0.0,3.0
2020-08-10,0.0,0.0,0.0,0.0,0.0,0.0,0.0,0.0,0.0,0.0,0.0,0.0,0.0,0.0,0.0,0.0,0.0,0.0,1.0,0.0,0.0,0.0,0.0,0.0,0.0,0.0,0.0,0.0,0.0,0.0,0.0,0.0,0.0,1.0
2020-08-14,0.0,0.0,0.0,0.0,0.0,0.0,0.0,0.0,0.0,0.0,0.0,0.0,0.0,0.0,0.0,0.0,0.0,0.0,0.0,0.0,0.0,0.0,0.0,0.0,0.0,0.0,0.0,1.0,0.0,0.0,0.0,0.0,0.0,1.0
2020-08-17,0.0,0.0,0.0,0.0,0.0,0.0,0.0,0.0,0.0,0.0,0.0,0.0,0.0,0.0,0.0,0.0,0.0,1.0,0.0,0.0,0.0,0.0,0.0,1.0,0.0,1.0,0.0,0.0,0.0,0.0,0.0,0.0,0.0,3.0
2020-08-21,0.0,0.0,0.0,0.0,0.0,0.0,0.0,1.0,0.0,0.0,0.0,0.0,0.0,0.0,0.0,0.0,0.0,0.0,0.0,0.0,0.0,0.0,0.0,0.0,0.0,1.0,0.0,0.0,0.0,0.0,0.0,0.0,0.0,2.0
2020-08-24,0.0,0.0,0.0,1.0,0.0,0.0,0.0,1.0,0.0,0.0,0.0,0.0,0.0,0.0,0.0,0.0,0.0,0.0,0.0,0.0,0.0,0.0,0.0,0.0,0.0,1.0,0.0,0.0,0.0,0.0,0.0,0.0,0.0,3.0
2020-08-28,1.0,0.0,0.0,0.0,0.0,0.0,0.0,0.0,0.0,0.0,0.0,0.0,0.0,0.0,0.0,0.0,0.0,0.0,0.0,0.0,0.0,0.0,0.0,0.0,0.0,0.0,1.0,0.0,0.0,0.0,0.0,0.0,0.0,2.0
2020-08-31,0.0,0.0,0.0,0.0,0.0,0.0,0.0,0.0,0.0,0.0,0.0,0.0,0.0,0.0,0.0,0.0,0.0,0.0,0.0,0.0,0.0,0.0,0.0,0.0,0.0,0.0,0.0,0.0,0.0,0.0,0.0,0.0,0.0,0.0
2020-09-04,0.0,0.0,0.0,1.0,0.0,0.0,0.0,0.0,0.0,0.0,0.0,0.0,0.0,0.0,0.0,0.0,0.0,1.0,0.0,0.0,0.0,0.0,0.0,0.0,0.0,0.0,0.0,0.0,0.0,0.0,0.0,0.0,0.0,2.0
2020-09-07,0.0,0.0,0.0,0.0,0.0,0.0,0.0,0.0,0.0,0.0,0.0,0.0,0.0,0.0,0.0,0.0,0.0,0.0,0.0,0.0,0.0,0.0,0.0,0.0,0.0,0.0,0.0,0.0,0.0,0.0,0.0,0.0,0.0,0.0
2020-09-11,1.0,0.0,0.0,0.0,0.0,0.0,0.0,0.0,0.0,0.0,0.0,0.0,0.0,0.0,0.0,0.0,0.0,0.0,0.0,0.0,0.0,0.0,0.0,0.0,0.0,0.0,0.0,0.0,0.0,0.0,0.0,0.0,0.0,1.0
2020-09-14,0.0,0.0,0.0,0.0,0.0,0.0,0.0,0.0,0.0,0.0,0.0,0.0,0.0,0.0,1.0,0.0,0.0,0.0,0.0,0.0,0.0,0.0,0.0,0.0,0.0,1.0,0.0,0.0,1.0,0.0,0.0,0.0,0.0,3.0
2020-09-18,0.0,0.0,0.0,0.0,0.0,0.0,0.0,0.0,0.0,0.0,0.0,0.0,0.0,0.0,0.0,0.0,0.0,0.0,0.0,0.0,0.0,0.0,0.0,0.0,0.0,0.0,0.0,0.0,1.0,0.0,0.0,0.0,0.0,1.0
2020-09-21,0.0,0.0,0.0,0.0,0.0,0.0,0.0,0.0,0.0,0.0,0.0,0.0,0.0,0.0,0.0,0.0,0.0,0.0,0.0,0.0,1.0,0.0,0.0,0.0,0.0,1.0,0.0,0.0,0.0,0.0,1.0,0.0,0.0,3.0
2020-09-25,1.0,1.0,0.0,0.0,0.0,0.0,0.0,0.0,0.0,0.0,0.0,0.0,0.0,0.0,0.0,0.0,0.0,0.0,0.0,0.0,0.0,0.0,0.0,1.0,0.0,0.0,0.0,0.0,1.0,0.0,0.0,0.0,0.0,4.0
2020-09-28,1.0,0.0,0.0,0.0,0.0,0.0,0.0,0.0,0.0,0.0,0.0,1.0,0.0,0.0,0.0,0.0,0.0,1.0,0.0,0.0,0.0,0.0,0.0,0.0,0.0,0.0,0.0,1.0,0.0,0.0,0.0,0.0,0.0,4.0
2020-10-02,0.0,0.0,0.0,0.0,0.0,0.0,0.0,0.0,0.0,0.0,0.0,0.0,1.0,0.0,0.0,0.0,0.0,0.0,0.0,0.0,0.0,0.0,0.0,0.0,0.0,2.0,0.0,0.0,0.0,0.0,0.0,1.0,0.0,4.0
2020-10-05,0.0,0.0,0.0,0.0,0.0,0.0,0.0,0.0,0.0,0.0,0.0,0.0,0.0,0.0,0.0,0.0,0.0,0.0,0.0,0.0,0.0,0.0,0.0,0.0,0.0,0.0,0.0,0.0,0.0,0.0,1.0,0.0,0.0,1.0
2020-10-09,0.0,0.0,0.0,0.0,0.0,0.0,0.0,0.0,0.0,0.0,0.0,0.0,0.0,0.0,0.0,0.0,0.0,0.0,0.0,0.0,0.0,0.0,0.0,0.0,1.0,3.0,0.0,0.0,0.0,0.0,0.0,0.0,0.0,4.0
2020-10-12,0.0,0.0,0.0,0.0,0.0,0.0,0.0,0.0,0.0,1.0,0.0,0.0,0.0,1.0,0.0,0.0,0.0,0.0,0.0,0.0,0.0,0.0,0.0,1.0,0.0,1.0,1.0,0.0,0.0,1.0,0.0,0.0,0.0,6.0
2020-10-16,0.0,0.0,0.0,0.0,0.0,0.0,0.0,0.0,0.0,0.0,0.0,0.0,0.0,0.0,0.0,0.0,0.0,0.0,0.0,0.0,0.0,0.0,0.0,1.0,0.0,0.0,0.0,0.0,0.0,1.0,0.0,0.0,0.0,2.0
2020-10-19,0.0,0.0,0.0,0.0,0.0,0.0,0.0,0.0,0.0,0.0,0.0,0.0,0.0,1.0,0.0,0.0,0.0,0.0,1.0,0.0,0.0,0.0,0.0,0.0,0.0,0.0,0.0,0.0,0.0,0.0,0.0,3.0,0.0,5.0
2020-10-24,0.0,3.0,0.0,0.0,0.0,0.0,0.0,0.0,0.0,0.0,0.0,0.0,0.0,0.0,0.0,0.0,0.0,0.0,0.0,0.0,0.0,0.0,1.0,0.0,0.0,3.0,0.0,0.0,0.0,0.0,0.0,0.0,0.0,7.0
2020-10-26,0.0,0.0,0.0,0.0,0.0,0.0,0.0,0.0,0.0,0.0,0.0,0.0,1.0,0.0,0.0,0.0,0.0,0.0,0.0,0.0,2.0,0.0,0.0,0.0,0.0,0.0,0.0,0.0,0.0,0.0,0.0,0.0,0.0,3.0
2020-10-30,1.0,1.0,1.0,0.0,0.0,0.0,0.0,0.0,0.0,0.0,0.0,0.0,0.0,0.0,0.0,0.0,0.0,2.0,0.0,0.0,0.0,0.0,0.0,0.0,0.0,2.0,0.0,0.0,0.0,1.0,0.0,0.0,0.0,8.0
2020-11-02,4.0,0.0,0.0,0.0,0.0,0.0,0.0,0.0,0.0,0.0,0.0,0.0,0.0,0.0,0.0,0.0,0.0,0.0,1.0,0.0,0.0,1.0,0.0,0.0,0.0,2.0,0.0,0.0,0.0,0.0,0.0,1.0,0.0,9.0
2020-11-06,3.0,0.0,1.0,1.0,0.0,1.0,0.0,0.0,0.0,0.0,1.0,0.0,0.0,0.0,0.0,0.0,0.0,0.0,0.0,0.0,0.0,0.0,0.0,0.0,1.0,1.0,0.0,0.0,0.0,0.0,0.0,0.0,0.0,9.0
2020-11-09,0.0,0.0,0.0,0.0,1.0,0.0,0.0,0.0,0.0,0.0,0.0,0.0,0.0,0.0,0.0,0.0,0.0,0.0,2.0,1.0,0.0,0.0,0.0,0.0,0.0,1.0,0.0,0.0,0.0,0.0,0.0,0.0,0.0,5.0
2020-11-13,0.0,1.0,1.0,0.0,0.0,0.0,0.0,0.0,0.0,1.0,0.0,0.0,0.0,0.0,0.0,0.0,0.0,0.0,2.0,0.0,0.0,0.0,0.0,0.0,0.0,2.0,0.0,0.0,0.0,1.0,0.0,0.0,0.0,8.0
2020-11-16,0.0,0.0,1.0,0.0,0.0,0.0,0.0,0.0,1.0,0.0,0.0,0.0,0.0,0.0,0.0,0.0,0.0,0.0,1.0,0.0,1.0,0.0,0.0,0.0,0.0,5.0,0.0,0.0,1.0,0.0,0.0,0.0,0.0,10.0
2020-11-20,1.0,0.0,1.0,0.0,0.0,0.0,0.0,0.0,0.0,0.0,1.0,0.0,0.0,0.0,0.0,0.0,0.0,1.0,1.0,0.0,0.0,0.0,0.0,0.0,0.0,5.0,0.0,0.0,0.0,1.0,0.0,0.0,0.0,11.0
2020-11-23,0.0,0.0,0.0,1.0,0.0,0.0,0.0,1.0,0.0,0.0,0.0,0.0,0.0,0.0,0.0,0.0,0.0,0.0,1.0,0.0,0.0,0.0,0.0,0.0,0.0,5.0,0.0,0.0,0.0,1.0,1.0,1.0,0.0,11.0
2020-11-27,1.0,0.0,0.0,0.0,0.0,0.0,0.0,0.0,0.0,0.0,0.0,0.0,0.0,0.0,0.0,0.0,0.0,0.0,1.0,0.0,0.0,0.0,0.0,0.0,0.0,3.0,0.0,0.0,0.0,0.0,0.0,0.0,0.0,5.0
2020-11-30,0.0,1.0,0.0,1.0,1.0,0.0,0.0,0.0,1.0,0.0,0.0,1.0,0.0,0.0,0.0,1.0,0.0,0.0,1.0,0.0,0.0,0.0,0.0,0.0,0.0,3.0,0.0,0.0,1.0,0.0,0.0,0.0,0.0,11.0
2020-12-04,0.0,1.0,0.0,0.0,0.0,0.0,1.0,0.0,1.0,1.0,0.0,1.0,0.0,0.0,0.0,0.0,1.0,0.0,1.0,0.0,0.0,0.0,0.0,0.0,1.0,3.0,0.0,0.0,0.0,0.0,2.0,0.0,0.0,13.0
2020-12-07,0.0,0.0,0.0,0.0,0.0,0.0,0.0,0.0,0.0,0.0,0.0,0.0,0.0,1.0,0.0,0.0,0.0,1.0,2.0,0.0,0.0,0.0,0.0,0.0,0.0,5.0,0.0,0.0,0.0,0.0,0.0,0.0,0.0,9.0
2020-12-11,1.0,1.0,0.0,0.0,0.0,0.0,0.0,0.0,0.0,0.0,0.0,1.0,0.0,0.0,0.0,0.0,0.0,0.0,0.0,0.0,0.0,1.0,0.0,0.0,1.0,2.0,0.0,0.0,0.0,0.0,0.0,0.0,0.0,7.0
2020-12-14,1.0,0.0,0.0,1.0,0.0,0.0,0.0,0.0,0.0,0.0,0.0,0.0,0.0,0.0,0.0,0.0,0.0,0.0,0.0,0.0,0.0,0.0,0.0,0.0,0.0,2.0,0.0,0.0,0.0,0.0,0.0,0.0,0.0,4.0
2020-12-18,0.0,0.0,0.0,1.0,0.0,0.0,0.0,0.0,2.0,1.0,0.0,0.0,0.0,0.0,1.0,0.0,0.0,0.0,0.0,0.0,0.0,0.0,0.0,0.0,0.0,1.0,0.0,0.0,0.0,0.0,0.0,0.0,0.0,6.0
2020-12-21,3.0,0.0,0.0,0.0,1.0,1.0,0.0,0.0,0.0,0.0,0.0,0.0,0.0,0.0,0.0,0.0,0.0,1.0,1.0,1.0,0.0,0.0,0.0,1.0,0.0,1.0,0.0,0.0,0.0,0.0,1.0,0.0,0.0,11.0
2020-12-25,2.0,0.0,0.0,0.0,0.0,0.0,0.0,0.0,0.0,0.0,0.0,0.0,0.0,0.0,0.0,0.0,0.0,0.0,0.0,0.0,0.0,0.0,0.0,0.0,0.0,5.0,0.0,0.0,0.0,0.0,1.0,1.0,0.0,9.0
2020-12-28,1.0,0.0,0.0,0.0,0.0,0.0,0.0,1.0,0.0,0.0,0.0,1.0,0.0,1.0,0.0,0.0,0.0,0.0,0.0,0.0,0.0,0.0,0.0,0.0,0.0,0.0,0.0,0.0,0.0,0.0,0.0,1.0,0.0,5.0
2021-01-01,2.0,0.0,0.0,0.0,0.0,0.0,0.0,0.0,0.0,0.0,0.0,2.0,0.0,0.0,1.0,0.0,0.0,1.0,2.0,0.0,0.0,0.0,1.0,0.0,1.0,8.0,0.0,0.0,0.0,0.0,0.0,1.0,0.0,19.0
2021-01-04,0.0,0.0,0.0,0.0,0.0,0.0,0.0,0.0,0.0,0.0,1.0,0.0,0.0,0.0,0.0,0.0,0.0,2.0,0.0,1.0,0.0,0.0,0.0,0.0,0.0,1.0,0.0,0.0,0.0,0.0,1.0,0.0,0.0,6.0
2021-01-08,1.0,1.0,1.0,0.0,0.0,0.0,0.0,1.0,0.0,0.0,0.0,0.0,0.0,0.0,0.0,2.0,0.0,1.0,0.0,0.0,0.0,0.0,0.0,0.0,0.0,2.0,0.0,0.0,1.0,1.0,0.0,2.0,0.0,13.0
2021-01-11,0.0,0.0,0.0,0.0,1.0,0.0,1.0,0.0,0.0,1.0,0.0,0.0,0.0,2.0,1.0,1.0,0.0,0.0,2.0,1.0,0.0,0.0,0.0,0.0,1.0,2.0,0.0,0.0,0.0,0.0,1.0,0.0,0.0,14.0
2021-01-15,0.0,0.0,0.0,0.0,0.0,0.0,0.0,0.0,1.0,2.0,0.0,0.0,0.0,0.0,0.0,1.0,0.0,0.0,0.0,0.0,1.0,0.0,0.0,0.0,0.0,3.0,1.0,1.0,0.0,1.0,0.0,0.0,0.0,11.0
2021-01-18,1.0,0.0,0.0,0.0,2.0,0.0,0.0,0.0,0.0,0.0,0.0,0.0,1.0,0.0,0.0,0.0,0.0,1.0,1.0,0.0,0.0,0.0,0.0,0.0,0.0,3.0,0.0,0.0,0.0,1.0,0.0,0.0,0.0,10.0
2021-01-22,0.0,0.0,0.0,0.0,0.0,0.0,0.0,0.0,0.0,0.0,0.0,2.0,2.0,0.0,0.0,0.0,0.0,1.0,0.0,0.0,1.0,0.0,1.0,0.0,0.0,1.0,1.0,0.0,0.0,2.0,0.0,0.0,0.0,11.0
2021-01-25,1.0,0.0,1.0,0.0,0.0,2.0,0.0,0.0,0.0,0.0,1.0,0.0,0.0,0.0,0.0,0.0,0.0,0.0,0.0,0.0,0.0,0.0,0.0,0.0,0.0,2.0,0.0,0.0,1.0,1.0,0.0,0.0,0.0,9.0
2021-01-29,1.0,1.0,1.0,1.0,0.0,0.0,0.0,0.0,0.0,0.0,0.0,0.0,1.0,0.0,0.0,0.0,0.0,1.0,0.0,0.0,1.0,1.0,0.0,0.0,1.0,1.0,0.0,0.0,1.0,1.0,2.0,0.0,0.0,14.0
2021-02-01,0.0,0.0,0.0,1.0,1.0,0.0,0.0,0.0,2.0,0.0,1.0,0.0,0.0,0.0,0.0,0.0,0.0,0.0,0.0,0.0,1.0,1.0,0.0,0.0,1.0,8.0,0.0,0.0,0.0,0.0,0.0,0.0,0.0,16.0
2021-02-05,1.0,0.0,0.0,0.0,0.0,0.0,0.0,1.0,0.0,0.0,0.0,0.0,0.0,0.0,0.0,0.0,0.0,1.0,2.0,1.0,1.0,0.0,0.0,1.0,0.0,4.0,1.0,0.0,0.0,2.0,0.0,0.0,0.0,15.0
2021-02-08,0.0,0.0,0.0,0.0,1.0,0.0,0.0,0.0,0.0,0.0,0.0,1.0,0.0,0.0,0.0,0.0,0.0,1.0,1.0,0.0,1.0,0.0,0.0,0.0,0.0,5.0,0.0,0.0,1.0,1.0,0.0,0.0,0.0,12.0
2021-02-12,2.0,1.0,0.0,1.0,0.0,1.0,0.0,0.0,0.0,0.0,0.0,1.0,0.0,0.0,0.0,0.0,0.0,0.0,3.0,0.0,1.0,0.0,1.0,0.0,0.0,2.0,0.0,0.0,0.0,0.0,0.0,0.0,0.0,13.0
2021-02-15,1.0,0.0,0.0,0.0,0.0,0.0,0.0,0.0,0.0,1.0,3.0,0.0,1.0,0.0,0.0,1.0,0.0,1.0,2.0,0.0,0.0,0.0,0.0,0.0,1.0,5.0,0.0,1.0,0.0,0.0,0.0,2.0,0.0,19.0
2021-02-19,1.0,0.0,0.0,0.0,0.0,0.0,0.0,0.0,0.0,0.0,1.0,0.0,1.0,0.0,0.0,0.0,0.0,3.0,1.0,0.0,0.0,0.0,0.0,0.0,2.0,6.0,1.0,0.0,0.0,1.0,0.0,2.0,0.0,19.0
2021-02-22,0.0,0.0,0.0,0.0,0.0,1.0,0.0,0.0,1.0,0.0,3.0,0.0,0.0,0.0,0.0,0.0,0.0,1.0,2.0,0.0,1.0,1.0,0.0,0.0,0.0,2.0,0.0,0.0,0.0,0.0,0.0,1.0,0.0,13.0
2021-02-26,0.0,0.0,1.0,0.0,1.0,1.0,0.0,0.0,0.0,0.0,0.0,1.0,0.0,0.0,0.0,0.0,0.0,1.0,0.0,0.0,0.0,1.0,0.0,1.0,0.0,4.0,0.0,0.0,0.0,3.0,1.0,1.0,0.0,16.0
2021-03-01,2.0,0.0,1.0,2.0,3.0,0.0,0.0,2.0,1.0,1.0,1.0,1.0,0.0,0.0,0.0,0.0,0.0,0.0,2.0,0.0,0.0,1.0,0.0,0.0,0.0,7.0,1.0,1.0,2.0,0.0,0.0,3.0,0.0,31.0
2021-03-05,1.0,1.0,0.0,1.0,0.0,1.0,0.0,1.0,1.0,0.0,3.0,1.0,3.0,0.0,0.0,1.0,1.0,2.0,3.0,0.0,0.0,1.0,0.0,0.0,0.0,5.0,0.0,1.0,0.0,1.0,0.0,0.0,0.0,28.0
2021-03-08,2.0,1.0,1.0,0.0,0.0,-1.0,0.0,0.0,0.0,0.0,1.0,1.0,1.0,0.0,0.0,0.0,0.0,1.0,1.0,0.0,1.0,0.0,0.0,1.0,1.0,6.0,1.0,0.0,0.0,2.0,0.0,1.0,0.0,21.0
2021-03-12,-1.0,0.0,0.0,0.0,0.0,1.0,0.0,2.0,0.0,1.0,-1.0,0.0,2.0,0.0,0.0,0.0,0.0,2.0,3.0,1.0,0.0,1.0,1.0,1.0,2.0,3.0,0.0,0.0,0.0,1.0,3.0,1.0,0.0,23.0
2021-03-15,1.0,2.0,1.0,1.0,0.0,0.0,0.0,0.0,3.0,1.0,1.0,0.0,3.0,0.0,0.0,0.0,0.0,2.0,2.0,0.0,3.0,1.0,1.0,0.0,0.0,8.0,0.0,1.0,3.0,1.0,0.0,3.0,0.0,38.0
2021-03-19,1.0,0.0,1.0,1.0,0.0,0.0,0.0,0.0,0.0,0.0,-1.0,0.0,1.0,1.0,0.0,2.0,0.0,3.0,2.0,0.0,2.0,3.0,0.0,0.0,0.0,9.0,0.0,1.0,0.0,1.0,0.0,1.0,0.0,28.0
2021-03-22,1.0,2.0,1.0,1.0,0.0,1.0,0.0,0.0,2.0,1.0,1.0,-1.0,0.0,1.0,0.0,1.0,0.0,0.0,2.0,0.0,1.0,0.0,1.0,0.0,1.0,9.0,0.0,0.0,1.0,0.0,1.0,3.0,0.0,30.0
2021-03-26,5.0,1.0,0.0,1.0,2.0,0.0,0.0,0.0,0.0,2.0,1.0,2.0,0.0,0.0,0.0,2.0,0.0,2.0,1.0,0.0,0.0,1.0,-1.0,0.0,5.0,9.0,0.0,0.0,2.0,1.0,2.0,1.0,0.0,39.0
2021-03-29,4.0,0.0,1.0,1.0,3.0,0.0,0.0,2.0,1.0,1.0,1.0,0.0,1.0,0.0,0.0,0.0,0.0,0.0,0.0,0.0,0.0,1.0,2.0,0.0,0.0,9.0,0.0,0.0,1.0,0.0,0.0,3.0,0.0,31.0
2021-04-02,3.0,0.0,0.0,0.0,0.0,0.0,0.0,0.0,1.0,2.0,1.0,0.0,1.0,0.0,0.0,1.0,1.0,0.0,2.0,0.0,0.0,0.0,0.0,0.0,0.0,13.0,1.0,0.0,0.0,5.0,-1.0,5.0,0.0,35.0
2021-04-05,1.0,0.0,2.0,1.0,1.0,0.0,0.0,0.0,0.0,1.0,1.0,0.0,1.0,0.0,0.0,0.0,0.0,1.0,1.0,0.0,3.0,0.0,0.0,0.0,0.0,7.0,0.0,0.0,0.0,0.0,0.0,0.0,0.0,20.0
2021-04-09,3.0,1.0,2.0,0.0,2.0,1.0,0.0,0.0,0.0,0.0,0.0,0.0,3.0,1.0,0.0,1.0,0.0,0.0,1.0,1.0,1.0,1.0,0.0,0.0,0.0,8.0,0.0,0.0,0.0,0.0,0.0,2.0,0.0,28.0
2021-04-12,4.0,1.0,1.0,0.0,1.0,0.0,0.0,0.0,1.0,0.0,1.0,1.0,0.0,1.0,0.0,0.0,0.0,0.0,1.0,0.0,2.0,1.0,1.0,2.0,0.0,9.0,0.0,0.0,0.0,1.0,1.0,2.0,0.0,31.0
2021-04-16,3.0,0.0,2.0,2.0,0.0,1.0,0.0,1.0,2.0,0.0,0.0,1.0,0.0,1.0,2.0,0.0,0.0,1.0,1.0,0.0,3.0,0.0,1.0,1.0,2.0,12.0,1.0,1.0,1.0,1.0,0.0,0.0,0.0,40.0
2021-04-19,3.0,3.0,0.0,1.0,1.0,-1.0,0.0,2.0,1.0,0.0,0.0,2.0,3.0,0.0,0.0,0.0,0.0,3.0,3.0,0.0,4.0,4.0,0.0,0.0,1.0,13.0,2.0,0.0,0.0,2.0,1.0,1.0,0.0,49.0
2021-04-23,-5.0,-3.0,-5.0,-1.0,-3.0,0.0,1.0,0.0,-6.0,-2.0,-1.0,-1.0,-1.0,0.0,0.0,-1.0,0.0,-5.0,-3.0,-1.0,-5.0,-2.0,-1.0,-1.0,-2.0,-8.0,-1.0,-1.0,1.0,-1.0,0.0,1.0,0.0,-57.0
2021-04-26,2.0,1.0,0.0,1.0,1.0,2.0,1.0,1.0,1.0,1.0,2.0,2.0,-2.0,0.0,1.0,3.0,1.0,1.0,1.0,0.0,-3.0,1.0,2.0,0.0,0.0,8.0,0.0,0.0,0.0,0.0,1.0,1.0,0.0,30.0
2021-04-30,4.0,1.0,1.0,0.0,1.0,0.0,1.0,0.0,0.0,0.0,1.0,1.0,0.0,0.0,0.0,0.0,0.0,1.0,4.0,0.0,0.0,3.0,0.0,0.0,0.0,5.0,0.0,1.0,1.0,0.0,1.0,0.0,0.0,26.0
2021-05-03,3.0,1.0,0.0,0.0,0.0,0.0,0.0,1.0,0.0,2.0,0.0,1.0,2.0,0.0,0.0,0.0,0.0,1.0,3.0,0.0,0.0,2.0,0.0,0.0,0.0,8.0,0.0,0.0,0.0,0.0,0.0,0.0,0.0,24.0
2021-05-07,5.0,1.0,0.0,1.0,1.0,0.0,0.0,0.0,1.0,1.0,1.0,0.0,0.0,0.0,0.0,0.0,0.0,1.0,1.0,0.0,0.0,1.0,2.0,1.0,0.0,9.0,0.0,0.0,1.0,1.0,2.0,3.0,0.0,33.0
2021-05-10,1.0,1.0,0.0,1.0,1.0,2.0,1.0,0.0,0.0,0.0,1.0,1.0,0.0,0.0,0.0,0.0,0.0,1.0,1.0,1.0,1.0,0.0,0.0,0.0,2.0,6.0,1.0,3.0,1.0,0.0,0.0,2.0,0.0,28.0
2021-05-14,3.0,1.0,0.0,0.0,1.0,0.0,0.0,1.0,0.0,0.0,0.0,0.0,0.0,0.0,0.0,0.0,0.0,1.0,3.0,1.0,4.0,2.0,1.0,1.0,0.0,4.0,0.0,0.0,1.0,1.0,2.0,0.0,0.0,27.0
2021-05-17,2.0,2.0,1.0,2.0,1.0,0.0,0.0,1.0,0.0,0.0,0.0,1.0,1.0,0.0,0.0,0.0,0.0,1.0,3.0,0.0,1.0,0.0,1.0,0.0,1.0,4.0,0.0,1.0,0.0,2.0,0.0,1.0,0.0,26.0
2021-05-21,4.0,2.0,0.0,0.0,0.0,0.0,0.0,0.0,1.0,0.0,2.0,3.0,1.0,0.0,0.0,0.0,1.0,2.0,4.0,0.0,0.0,0.0,1.0,1.0,2.0,6.0,0.0,0.0,0.0,0.0,1.0,1.0,0.0,32.0
2021-05-24,2.0,0.0,0.0,0.0,0.0,0.0,0.0,0.0,2.0,2.0,0.0,0.0,0.0,0.0,0.0,1.0,0.0,0.0,7.0,0.0,2.0,0.0,0.0,0.0,0.0,-2.0,0.0,1.0,1.0,0.0,2.0,1.0,0.0,19.0
2021-05-28,3.0,2.0,0.0,2.0,0.0,0.0,0.0,0.0,0.0,1.0,0.0,0.0,0.0,0.0,0.0,1.0,0.0,3.0,1.0,1.0,1.0,1.0,0.0,2.0,0.0,9.0,0.0,0.0,3.0,3.0,2.0,0.0,0.0,35.0
2021-05-31,3.0,0.0,1.0,1.0,0.0,3.0,0.0,2.0,3.0,1.0,1.0,0.0,3.0,2.0,1.0,0.0,0.0,1.0,3.0,0.0,1.0,1.0,1.0,0.0,0.0,9.0,0.0,0.0,1.0,0.0,2.0,2.0,0.0,42.0
2021-06-04,2.0,1.0,1.0,1.0,0.0,0.0,0.0,0.0,3.0,2.0,1.0,1.0,1.0,0.0,0.0,0.0,0.0,2.0,5.0,0.0,0.0,0.0,0.0,0.0,2.0,8.0,0.0,1.0,0.0,1.0,0.0,0.0,0.0,32.0
2021-06-07,2.0,1.0,-1.0,3.0,1.0,1.0,0.0,2.0,0.0,0.0,0.0,4.0,1.0,0.0,0.0,0.0,0.0,2.0,5.0,0.0,1.0,0.0,0.0,1.0,0.0,5.0,1.0,0.0,1.0,1.0,0.0,2.0,0.0,33.0
2021-06-11,1.0,2.0,0.0,0.0,0.0,1.0,0.0,0.0,1.0,0.0,1.0,2.0,0.0,0.0,0.0,0.0,0.0,1.0,2.0,0.0,0.0,1.0,0.0,0.0,0.0,4.0,0.0,1.0,0.0,0.0,2.0,2.0,0.0,21.0
2021-06-14,2.0,0.0,2.0,1.0,0.0,1.0,1.0,1.0,1.0,1.0,0.0,1.0,2.0,0.0,1.0,0.0,0.0,1.0,2.0,0.0,1.0,0.0,0.0,0.0,2.0,3.0,0.0,2.0,0.0,1.0,0.0,0.0,0.0,26.0
2021-06-18,0.0,0.0,1.0,1.0,0.0,0.0,0.0,1.0,0.0,3.0,1.0,1.0,0.0,1.0,0.0,0.0,0.0,2.0,0.0,0.0,1.0,1.0,1.0,0.0,2.0,6.0,3.0,1.0,4.0,1.0,1.0,4.0,0.0,36.0
2021-06-21,0.0,2.0,0.0,0.0,1.0,0.0,0.0,1.0,0.0,1.0,-1.0,2.0,0.0,0.0,1.0,0.0,1.0,1.0,0.0,0.0,1.0,5.0,0.0,0.0,-1.0,5.0,1.0,0.0,-1.0,0.0,1.0,0.0,0.0,20.0
2021-06-25,2.0,2.0,0.0,0.0,1.0,1.0,0.0,0.0,1.0,0.0,1.0,0.0,1.0,0.0,0.0,0.0,0.0,0.0,1.0,1.0,1.0,0.0,0.0,1.0,0.0,5.0,0.0,1.0,2.0,0.0,0.0,0.0,0.0,21.0
2021-06-28,2.0,2.0,1.0,0.0,0.0,0.0,0.0,1.0,1.0,2.0,1.0,0.0,0.0,1.0,0.0,0.0,0.0,1.0,2.0,0.0,3.0,1.0,0.0,2.0,0.0,3.0,0.0,1.0,0.0,1.0,0.0,2.0,0.0,27.0
2021-07-02,0.0,0.0,0.0,2.0,0.0,1.0,0.0,0.0,0.0,1.0,0.0,1.0,0.0,1.0,0.0,0.0,0.0,1.0,2.0,0.0,1.0,1.0,0.0,0.0,0.0,2.0,0.0,3.0,2.0,0.0,1.0,1.0,0.0,20.0
2021-07-05,3.0,2.0,1.0,0.0,0.0,1.0,0.0,0.0,0.0,0.0,0.0,0.0,2.0,1.0,0.0,0.0,0.0,1.0,1.0,0.0,0.0,0.0,0.0,1.0,1.0,4.0,0.0,0.0,0.0,1.0,0.0,3.0,0.0,22.0
2021-07-09,0.0,2.0,1.0,0.0,0.0,0.0,0.0,2.0,1.0,0.0,0.0,2.0,2.0,1.0,0.0,0.0,0.0,0.0,2.0,1.0,4.0,1.0,0.0,0.0,0.0,8.0,1.0,0.0,3.0,4.0,1.0,2.0,0.0,38.0
2021-07-12,2.0,1.0,0.0,3.0,0.0,0.0,2.0,0.0,1.0,0.0,2.0,2.0,-1.0,0.0,0.0,0.0,0.0,1.0,5.0,0.0,0.0,0.0,0.0,0.0,1.0,5.0,1.0,1.0,1.0,0.0,0.0,3.0,0.0,30.0
2021-07-16,0.0,2.0,0.0,0.0,0.0,0.0,1.0,1.0,1.0,1.0,0.0,1.0,1.0,0.0,0.0,0.0,0.0,1.0,0.0,1.0,1.0,0.0,-1.0,0.0,3.0,4.0,0.0,0.0,0.0,1.0,-1.0,1.0,0.0,18.0
2021-07-19,-1.0,0.0,-1.0,1.0,0.0,0.0,0.0,0.0,0.0,1.0,1.0,2.0,0.0,1.0,0.0,0.0,0.0,2.0,2.0,0.0,2.0,1.0,0.0,0.0,0.0,2.0,0.0,1.0,1.0,0.0,1.0,3.0,0.0,19.0
2021-07-23,1.0,1.0,1.0,2.0,0.0,0.0,1.0,0.0,1.0,0.0,0.0,3.0,0.0,1.0,0.0,0.0,0.0,1.0,4.0,0.0,1.0,0.0,0.0,0.0,1.0,4.0,2.0,1.0,1.0,3.0,2.0,3.0,0.0,34.0
2021-07-26,0.0,1.0,1.0,2.0,1.0,0.0,0.0,2.0,0.0,1.0,0.0,0.0,1.0,0.0,0.0,0.0,0.0,0.0,2.0,0.0,1.0,0.0,0.0,0.0,0.0,6.0,2.0,0.0,0.0,1.0,0.0,1.0,0.0,22.0
2021-07-30,0.0,1.0,0.0,0.0,0.0,0.0,0.0,1.0,1.0,1.0,1.0,2.0,0.0,0.0,0.0,0.0,0.0,1.0,1.0,1.0,0.0,2.0,2.0,0.0,0.0,1.0,2.0,1.0,1.0,2.0,1.0,1.0,0.0,23.0
2021-08-02,2.0,2.0,0.0,0.0,0.0,0.0,0.0,0.0,1.0,0.0,0.0,0.0,0.0,1.0,0.0,0.0,0.0,2.0,1.0,0.0,0.0,1.0,1.0,0.0,1.0,7.0,0.0,0.0,2.0,0.0,1.0,1.0,0.0,23.0
2021-08-06,1.0,1.0,0.0,0.0,0.0,0.0,1.0,3.0,0.0,1.0,0.0,0.0,1.0,0.0,0.0,0.0,1.0,0.0,0.0,1.0,0.0,2.0,0.0,0.0,1.0,9.0,3.0,0.0,0.0,-1.0,0.0,2.0,0.0,26.0
2021-08-09,1.0,1.0,0.0,2.0,0.0,1.0,0.0,0.0,1.0,0.0,0.0,0.0,0.0,1.0,0.0,0.0,0.0,0.0,2.0,0.0,3.0,3.0,0.0,0.0,1.0,4.0,0.0,2.0,3.0,0.0,2.0,1.0,0.0,28.0
2021-08-13,2.0,0.0,1.0,1.0,0.0,0.0,1.0,3.0,1.0,1.0,0.0,0.0,0.0,0.0,0.0,0.0,0.0,1.0,1.0,0.0,0.0,1.0,0.0,0.0,0.0,8.0,0.0,0.0,1.0,0.0,0.0,1.0,0.0,23.0
2021-08-16,-1.0,0.0,0.0,0.0,0.0,1.0,0.0,1.0,0.0,0.0,0.0,0.0,0.0,0.0,0.0,0.0,0.0,3.0,0.0,0.0,2.0,0.0,1.0,0.0,1.0,1.0,0.0,0.0,0.0,0.0,0.0,2.0,0.0,11.0
2021-08-20,2.0,0.0,1.0,0.0,0.0,0.0,0.0,1.0,0.0,0.0,1.0,1.0,0.0,0.0,0.0,0.0,1.0,0.0,0.0,0.0,0.0,0.0,0.0,0.0,0.0,3.0,1.0,0.0,0.0,0.0,0.0,0.0,0.0,11.0
2021-08-23,1.0,0.0,0.0,0.0,1.0,0.0,0.0,0.0,1.0,0.0,1.0,0.0,0.0,1.0,0.0,0.0,0.0,0.0,0.0,0.0,0.0,1.0,0.0,0.0,1.0,6.0,0.0,0.0,1.0,2.0,0.0,1.0,0.0,17.0
2021-08-27,0.0,1.0,0.0,0.0,1.0,0.0,0.0,0.0,1.0,0.0,1.0,0.0,0.0,0.0,0.0,0.0,0.0,1.0,0.0,1.0,0.0,0.0,2.0,0.0,0.0,2.0,0.0,0.0,0.0,2.0,0.0,1.0,0.0,13.0
2021-08-30,1.0,0.0,0.0,0.0,0.0,1.0,1.0,1.0,0.0,0.0,0.0,0.0,0.0,1.0,0.0,0.0,0.0,0.0,0.0,0.0,0.0,1.0,1.0,0.0,0.0,1.0,0.0,0.0,2.0,0.0,0.0,1.0,0.0,11.0
2021-09-03,0.0,0.0,0.0,1.0,0.0,0.0,0.0,0.0,0.0,0.0,1.0,1.0,0.0,1.0,0.0,1.0,0.0,0.0,3.0,0.0,0.0,0.0,0.0,0.0,0.0,2.0,0.0,0.0,1.0,0.0,0.0,0.0,0.0,11.0
2021-09-06,0.0,0.0,0.0,0.0,0.0,1.0,0.0,0.0,0.0,1.0,0.0,2.0,0.0,1.0,0.0,0.0,0.0,0.0,1.0,1.0,0.0,0.0,0.0,1.0,0.0,1.0,0.0,0.0,0.0,0.0,0.0,0.0,0.0,9.0
2021-09-10,1.0,0.0,0.0,0.0,0.0,2.0,0.0,0.0,0.0,0.0,1.0,0.0,0.0,0.0,0.0,0.0,0.0,0.0,1.0,0.0,0.0,2.0,0.0,0.0,0.0,1.0,0.0,0.0,1.0,0.0,0.0,1.0,0.0,10.0
2021-09-13,1.0,0.0,0.0,0.0,0.0,3.0,0.0,0.0,0.0,0.0,0.0,2.0,0.0,0.0,0.0,0.0,0.0,0.0,2.0,0.0,0.0,0.0,1.0,1.0,0.0,1.0,0.0,0.0,0.0,2.0,1.0,2.0,0.0,16.0
2021-09-17,1.0,0.0,0.0,1.0,0.0,1.0,0.0,0.0,1.0,0.0,0.0,0.0,0.0,0.0,0.0,0.0,0.0,0.0,1.0,0.0,0.0,0.0,0.0,0.0,1.0,2.0,0.0,1.0,0.0,0.0,0.0,0.0,0.0,9.0
2021-09-20,1.0,0.0,0.0,0.0,0.0,0.0,0.0,1.0,0.0,1.0,0.0,1.0,1.0,0.0,0.0,0.0,0.0,0.0,0.0,0.0,0.0,0.0,0.0,0.0,0.0,0.0,0.0,0.0,0.0,1.0,0.0,0.0,0.0,6.0
2021-09-24,0.0,0.0,0.0,0.0,0.0,0.0,0.0,0.0,0.0,0.0,0.0,0.0,1.0,1.0,0.0,0.0,0.0,1.0,0.0,0.0,0.0,0.0,0.0,0.0,0.0,3.0,0.0,0.0,2.0,1.0,0.0,0.0,0.0,9.0
2021-09-27,0.0,0.0,0.0,1.0,0.0,0.0,0.0,1.0,0.0,0.0,0.0,1.0,0.0,0.0,0.0,0.0,0.0,1.0,2.0,0.0,1.0,0.0,2.0,0.0,0.0,3.0,1.0,0.0,2.0,1.0,0.0,0.0,0.0,16.0
2021-10-01,0.0,0.0,1.0,0.0,0.0,0.0,1.0,0.0,0.0,1.0,0.0,0.0,1.0,0.0,0.0,0.0,0.0,0.0,1.0,1.0,0.0,0.0,0.0,1.0,2.0,1.0,0.0,1.0,0.0,1.0,0.0,0.0,0.0,12.0
2021-10-04,0.0,0.0,0.0,1.0,0.0,0.0,0.0,0.0,0.0,1.0,0.0,1.0,0.0,0.0,0.0,0.0,0.0,0.0,0.0,0.0,0.0,0.0,2.0,0.0,2.0,1.0,0.0,0.0,0.0,0.0,0.0,0.0,0.0,8.0
2021-10-08,0.0,0.0,0.0,0.0,0.0,0.0,0.0,0.0,1.0,1.0,0.0,0.0,1.0,1.0,0.0,0.0,0.0,0.0,1.0,0.0,0.0,0.0,0.0,0.0,0.0,5.0,0.0,0.0,1.0,0.0,0.0,0.0,0.0,11.0
2021-10-11,0.0,0.0,1.0,0.0,0.0,0.0,0.0,1.0,0.0,0.0,0.0,0.0,0.0,0.0,0.0,1.0,0.0,0.0,0.0,0.0,0.0,0.0,0.0,1.0,0.0,0.0,0.0,0.0,0.0,0.0,0.0,0.0,0.0,4.0
2021-10-15,0.0,0.0,0.0,0.0,0.0,0.0,0.0,0.0,0.0,0.0,0.0,1.0,1.0,0.0,0.0,0.0,0.0,0.0,1.0,1.0,0.0,0.0,0.0,0.0,0.0,2.0,0.0,0.0,0.0,0.0,0.0,0.0,0.0,6.0
2021-10-18,1.0,1.0,0.0,1.0,0.0,1.0,0.0,0.0,1.0,1.0,0.0,0.0,0.0,0.0,0.0,0.0,0.0,0.0,0.0,0.0,1.0,0.0,1.0,2.0,0.0,1.0,0.0,0.0,0.0,0.0,0.0,1.0,0.0,12.0
2021-10-22,0.0,0.0,0.0,0.0,0.0,0.0,0.0,0.0,0.0,0.0,0.0,0.0,2.0,0.0,0.0,1.0,0.0,0.0,1.0,0.0,1.0,0.0,0.0,0.0,0.0,3.0,0.0,0.0,0.0,1.0,0.0,1.0,0.0,10.0
2021-10-25,1.0,0.0,0.0,0.0,0.0,0.0,0.0,0.0,0.0,0.0,0.0,0.0,0.0,0.0,0.0,0.0,0.0,1.0,2.0,0.0,0.0,0.0,0.0,0.0,0.0,2.0,0.0,0.0,1.0,0.0,0.0,0.0,0.0,7.0
2021-10-29,0.0,0.0,0.0,1.0,0.0,1.0,0.0,0.0,0.0,0.0,0.0,0.0,0.0,0.0,0.0,0.0,0.0,0.0,1.0,0.0,0.0,1.0,0.0,0.0,0.0,1.0,0.0,1.0,0.0,0.0,0.0,0.0,0.0,6.0
2021-11-01,3.0,0.0,0.0,0.0,1.0,0.0,0.0,0.0,0.0,0.0,0.0,0.0,1.0,0.0,0.0,0.0,0.0,0.0,2.0,0.0,1.0,0.0,0.0,0.0,0.0,5.0,0.0,0.0,0.0,1.0,0.0,0.0,0.0,14.0
2021-11-05,0.0,1.0,0.0,0.0,1.0,1.0,0.0,0.0,0.0,0.0,0.0,0.0,0.0,0.0,0.0,0.0,0.0,1.0,0.0,0.0,0.0,0.0,0.0,0.0,0.0,1.0,0.0,0.0,0.0,0.0,0.0,0.0,0.0,5.0
2021-11-08,0.0,0.0,0.0,0.0,1.0,0.0,0.0,0.0,0.0,0.0,0.0,0.0,1.0,0.0,0.0,0.0,0.0,1.0,0.0,0.0,0.0,1.0,0.0,0.0,0.0,0.0,0.0,0.0,0.0,0.0,0.0,0.0,0.0,4.0
2021-11-12,1.0,0.0,0.0,0.0,1.0,1.0,0.0,0.0,0.0,0.0,0.0,0.0,0.0,0.0,0.0,0.0,0.0,0.0,1.0,0.0,0.0,0.0,0.0,0.0,0.0,2.0,1.0,0.0,1.0,1.0,0.0,1.0,0.0,10.0
2021-11-15,1.0,0.0,0.0,0.0,0.0,0.0,0.0,1.0,0.0,0.0,0.0,0.0,0.0,0.0,0.0,0.0,0.0,0.0,1.0,0.0,0.0,0.0,0.0,0.0,0.0,2.0,0.0,0.0,0.0,0.0,0.0,0.0,0.0,5.0
2021-11-19,0.0,0.0,0.0,0.0,0.0,1.0,0.0,0.0,0.0,1.0,0.0,0.0,0.0,0.0,0.0,0.0,0.0,0.0,1.0,0.0,0.0,0.0,0.0,0.0,0.0,5.0,0.0,0.0,0.0,0.0,0.0,1.0,0.0,9.0
2021-11-22,0.0,1.0,0.0,0.0,0.0,0.0,1.0,0.0,0.0,0.0,0.0,1.0,0.0,0.0,0.0,0.0,0.0,0.0,0.0,0.0,1.0,0.0,0.0,0.0,0.0,3.0,0.0,1.0,0.0,0.0,0.0,0.0,0.0,8.0
2021-11-26,6.0,-1.0,0.0,0.0,0.0,0.0,0.0,0.0,0.0,0.0,1.0,0.0,-1.0,1.0,0.0,0.0,0.0,0.0,1.0,0.0,0.0,0.0,1.0,0.0,0.0,-1.0,-1.0,-1.0,-1.0,1.0,-2.0,1.0,0.0,4.0
2021-11-29,2.0,1.0,0.0,0.0,0.0,0.0,1.0,0.0,0.0,0.0,0.0,0.0,0.0,0.0,0.0,0.0,0.0,0.0,0.0,0.0,0.0,0.0,0.0,0.0,1.0,3.0,0.0,0.0,0.0,1.0,0.0,0.0,0.0,9.0
2021-12-03,0.0,2.0,0.0,1.0,1.0,0.0,0.0,1.0,0.0,0.0,1.0,0.0,0.0,0.0,0.0,0.0,0.0,0.0,2.0,1.0,1.0,0.0,0.0,0.0,0.0,3.0,1.0,0.0,0.0,0.0,0.0,0.0,0.0,14.0
2021-12-06,0.0,0.0,0.0,1.0,0.0,0.0,0.0,0.0,0.0,0.0,0.0,0.0,0.0,0.0,0.0,0.0,0.0,0.0,1.0,0.0,0.0,0.0,0.0,0.0,0.0,1.0,0.0,0.0,0.0,0.0,0.0,1.0,0.0,4.0
2021-12-10,0.0,2.0,0.0,0.0,0.0,1.0,0.0,0.0,0.0,0.0,0.0,0.0,0.0,0.0,0.0,1.0,0.0,1.0,0.0,0.0,0.0,0.0,0.0,0.0,0.0,4.0,0.0,0.0,0.0,1.0,0.0,0.0,0.0,10.0
2021-12-13,0.0,0.0,0.0,0.0,0.0,1.0,0.0,0.0,0.0,2.0,0.0,0.0,0.0,0.0,0.0,0.0,0.0,1.0,0.0,0.0,0.0,1.0,0.0,0.0,0.0,2.0,0.0,0.0,1.0,0.0,0.0,0.0,0.0,8.0
2021-12-17,0.0,0.0,0.0,0.0,0.0,0.0,0.0,0.0,1.0,0.0,0.0,0.0,0.0,0.0,0.0,0.0,0.0,0.0,0.0,0.0,0.0,0.0,0.0,1.0,0.0,3.0,0.0,0.0,1.0,0.0,0.0,0.0,0.0,6.0
2021-12-20,1.0,0.0,0.0,0.0,0.0,0.0,0.0,0.0,1.0,0.0,0.0,0.0,0.0,0.0,0.0,1.0,0.0,0.0,0.0,0.0,1.0,0.0,0.0,0.0,0.0,5.0,1.0,0.0,1.0,0.0,0.0,0.0,0.0,11.0
2021-12-24,1.0,0.0,0.0,0.0,0.0,0.0,0.0,0.0,0.0,0.0,1.0,1.0,0.0,0.0,0.0,0.0,0.0,0.0,0.0,0.0,0.0,0.0,0.0,1.0,0.0,9.0,1.0,0.0,1.0,1.0,0.0,0.0,0.0,16.0
2021-12-27,1.0,0.0,0.0,1.0,0.0,0.0,0.0,0.0,1.0,0.0,0.0,0.0,0.0,0.0,1.0,0.0,0.0,0.0,1.0,0.0,0.0,0.0,0.0,0.0,0.0,3.0,0.0,0.0,1.0,0.0,0.0,0.0,0.0,9.0
2021-12-31,1.0,0.0,0.0,1.0,0.0,0.0,0.0,0.0,0.0,1.0,0.0,0.0,0.0,0.0,0.0,0.0,0.0,0.0,3.0,0.0,0.0,0.0,0.0,0.0,0.0,4.0,0.0,0.0,0.0,0.0,0.0,0.0,0.0,10.0
2022-01-03,1.0,1.0,0.0,0.0,0.0,0.0,0.0,0.0,2.0,1.0,0.0,1.0,1.0,0.0,0.0,0.0,0.0,0.0,0.0,0.0,0.0,0.0,0.0,1.0,0.0,0.0,0.0,0.0,0.0,1.0,0.0,0.0,0.0,9.0
2022-01-07,1.0,0.0,0.0,0.0,1.0,1.0,0.0,0.0,0.0,1.0,0.0,0.0,0.0,0.0,0.0,0.0,0.0,1.0,0.0,0.0,0.0,0.0,0.0,0.0,1.0,6.0,1.0,1.0,1.0,0.0,0.0,1.0,0.0,16.0
2022-01-10,-2.0,0.0,0.0,0.0,0.0,0.0,0.0,0.0,0.0,0.0,0.0,0.0,0.0,0.0,0.0,0.0,0.0,0.0,0.0,0.0,0.0,0.0,0.0,0.0,0.0,0.0,0.0,0.0,0.0,0.0,0.0,0.0,0.0,-2.0
2022-01-14,0.0,0.0,0.0,1.0,0.0,0.0,0.0,0.0,1.0,0.0,0.0,0.0,0.0,2.0,0.0,0.0,0.0,1.0,2.0,0.0,0.0,0.0,0.0,0.0,0.0,6.0,0.0,0.0,0.0,1.0,0.0,0.0,0.0,14.0
2022-01-17,1.0,0.0,0.0,0.0,0.0,0.0,0.0,0.0,0.0,0.0,0.0,1.0,1.0,0.0,0.0,0.0,0.0,0.0,0.0,0.0,0.0,1.0,0.0,0.0,0.0,0.0,0.0,0.0,0.0,2.0,0.0,1.0,0.0,7.0
2022-01-21,0.0,0.0,0.0,0.0,0.0,0.0,1.0,0.0,0.0,0.0,0.0,0.0,1.0,0.0,0.0,0.0,0.0,1.0,2.0,0.0,1.0,1.0,1.0,0.0,0.0,8.0,0.0,0.0,0.0,1.0,0.0,0.0,0.0,17.0
2022-01-24,-1.0,0.0,0.0,2.0,0.0,0.0,0.0,0.0,1.0,0.0,0.0,1.0,0.0,0.0,0.0,0.0,0.0,0.0,1.0,0.0,0.0,0.0,-1.0,0.0,0.0,1.0,0.0,0.0,0.0,0.0,1.0,1.0,0.0,6.0
2022-01-28,0.0,0.0,0.0,0.0,0.0,0.0,0.0,0.0,0.0,1.0,0.0,0.0,0.0,1.0,0.0,0.0,0.0,0.0,0.0,0.0,1.0,0.0,1.0,0.0,1.0,2.0,0.0,0.0,0.0,0.0,1.0,2.0,0.0,10.0
2022-01-31,2.0,2.0,0.0,1.0,0.0,0.0,0.0,0.0,0.0,0.0,0.0,0.0,0.0,0.0,0.0,1.0,0.0,0.0,0.0,0.0,0.0,1.0,0.0,0.0,0.0,4.0,0.0,0.0,0.0,0.0,2.0,0.0,0.0,13.0
2022-02-04,1.0,1.0,0.0,0.0,2.0,1.0,0.0,0.0,1.0,0.0,0.0,1.0,0.0,1.0,0.0,0.0,0.0,0.0,0.0,0.0,1.0,0.0,0.0,0.0,0.0,4.0,0.0,0.0,1.0,0.0,0.0,0.0,0.0,14.0
2022-02-07,0.0,1.0,0.0,2.0,1.0,1.0,0.0,0.0,1.0,0.0,1.0,0.0,0.0,0.0,0.0,0.0,0.0,0.0,3.0,1.0,2.0,2.0,1.0,0.0,0.0,4.0,0.0,0.0,0.0,0.0,0.0,0.0,0.0,20.0
2022-02-11,2.0,0.0,0.0,0.0,0.0,0.0,0.0,0.0,0.0,0.0,0.0,0.0,0.0,0.0,0.0,0.0,0.0,0.0,1.0,0.0,0.0,1.0,1.0,0.0,0.0,4.0,0.0,0.0,1.0,1.0,0.0,1.0,0.0,12.0
2022-02-14,5.0,1.0,0.0,1.0,1.0,0.0,1.0,0.0,0.0,0.0,0.0,1.0,0.0,0.0,0.0,0.0,1.0,1.0,0.0,1.0,1.0,1.0,3.0,0.0,1.0,4.0,0.0,0.0,0.0,0.0,0.0,3.0,0.0,26.0
2022-02-18,4.0,2.0,0.0,0.0,3.0,2.0,0.0,0.0,0.0,0.0,0.0,2.0,2.0,1.0,1.0,1.0,0.0,0.0,1.0,0.0,0.0,1.0,0.0,0.0,1.0,7.0,1.0,1.0,1.0,0.0,1.0,1.0,0.0,33.0
2022-02-21,1.0,0.0,0.0,1.0,0.0,2.0,1.0,0.0,0.0,0.0,1.0,0.0,1.0,0.0,1.0,1.0,1.0,0.0,2.0,0.0,0.0,0.0,0.0,0.0,0.0,6.0,0.0,0.0,1.0,0.0,1.0,2.0,0.0,22.0
2022-02-25,1.0,0.0,0.0,0.0,1.0,0.0,0.0,0.0,0.0,0.0,3.0,1.0,1.0,0.0,0.0,1.0,0.0,1.0,4.0,0.0,1.0,0.0,1.0,1.0,1.0,13.0,0.0,0.0,1.0,0.0,2.0,0.0,0.0,33.0
2022-02-28,0.0,0.0,0.0,1.0,0.0,0.0,0.0,0.0,2.0,0.0,1.0,2.0,3.0,1.0,0.0,1.0,0.0,0.0,1.0,0.0,1.0,0.0,2.0,0.0,0.0,11.0,1.0,1.0,1.0,4.0,2.0,5.0,0.0,40.0
2022-03-04,0.0,1.0,2.0,2.0,1.0,1.0,0.0,0.0,1.0,0.0,0.0,1.0,1.0,0.0,0.0,0.0,0.0,5.0,1.0,0.0,0.0,0.0,1.0,0.0,2.0,13.0,2.0,1.0,2.0,2.0,1.0,3.0,0.0,43.0
2022-03-07,3.0,0.0,1.0,0.0,3.0,2.0,1.0,0.0,2.0,0.0,0.0,2.0,4.0,0.0,1.0,1.0,0.0,6.0,2.0,0.0,1.0,1.0,1.0,0.0,2.0,18.0,2.0,0.0,0.0,2.0,1.0,3.0,0.0,59.0
2022-03-11,0.0,1.0,0.0,2.0,1.0,0.0,1.0,0.0,2.0,1.0,1.0,2.0,4.0,0.0,0.0,1.0,0.0,1.0,0.0,0.0,1.0,2.0,1.0,2.0,0.0,7.0,0.0,1.0,0.0,1.0,0.0,3.0,0.0,35.0
2022-03-14,1.0,0.0,0.0,2.0,1.0,1.0,0.0,0.0,1.0,1.0,2.0,1.0,1.0,0.0,0.0,0.0,0.0,1.0,1.0,0.0,0.0,0.0,1.0,0.0,0.0,7.0,0.0,0.0,0.0,0.0,2.0,2.0,0.0,25.0
2022-03-18,2.0,2.0,1.0,2.0,2.0,1.0,3.0,0.0,0.0,0.0,0.0,1.0,0.0,0.0,0.0,0.0,0.0,2.0,2.0,0.0,2.0,2.0,1.0,0.0,1.0,10.0,1.0,1.0,2.0,1.0,1.0,1.0,0.0,41.0
2022-03-21,1.0,1.0,0.0,0.0,1.0,1.0,0.0,1.0,1.0,1.0,2.0,1.0,0.0,0.0,0.0,0.0,1.0,3.0,1.0,0.0,1.0,1.0,1.0,1.0,0.0,4.0,0.0,0.0,1.0,1.0,1.0,1.0,0.0,27.0
2022-03-25,1.0,2.0,2.0,1.0,2.0,1.0,0.0,1.0,2.0,1.0,0.0,0.0,1.0,1.0,1.0,1.0,1.0,2.0,0.0,0.0,2.0,2.0,0.0,0.0,1.0,10.0,0.0,1.0,0.0,2.0,1.0,4.0,0.0,43.0
2022-03-28,2.0,2.0,0.0,2.0,0.0,1.0,0.0,0.0,1.0,0.0,2.0,2.0,1.0,0.0,0.0,0.0,1.0,0.0,3.0,0.0,0.0,2.0,0.0,0.0,0.0,4.0,1.0,0.0,0.0,0.0,0.0,3.0,0.0,27.0
2022-04-01,0.0,0.0,0.0,0.0,0.0,0.0,0.0,0.0,0.0,0.0,0.0,1.0,0.0,0.0,0.0,0.0,1.0,1.0,2.0,0.0,2.0,0.0,0.0,0.0,1.0,7.0,1.0,2.0,0.0,1.0,1.0,0.0,0.0,20.0
2022-04-04,1.0,0.0,0.0,2.0,0.0,0.0,0.0,0.0,1.0,0.0,0.0,1.0,1.0,1.0,0.0,0.0,0.0,1.0,0.0,0.0,1.0,1.0,0.0,0.0,1.0,6.0,0.0,1.0,0.0,0.0,1.0,2.0,0.0,21.0
2022-04-08,0.0,2.0,0.0,0.0,0.0,0.0,0.0,0.0,1.0,0.0,0.0,3.0,1.0,1.0,0.0,0.0,0.0,1.0,1.0,1.0,0.0,2.0,0.0,0.0,1.0,6.0,0.0,0.0,0.0,3.0,1.0,2.0,0.0,26.0
2022-04-11,0.0,1.0,0.0,0.0,1.0,1.0,0.0,0.0,2.0,0.0,0.0,0.0,0.0,0.0,0.0,0.0,0.0,1.0,2.0,0.0,0.0,1.0,1.0,0.0,2.0,1.0,0.0,0.0,0.0,2.0,0.0,0.0,0.0,15.0
2022-04-15,0.0,1.0,0.0,2.0,0.0,0.0,0.0,0.0,1.0,1.0,1.0,0.0,3.0,0.0,0.0,0.0,0.0,1.0,1.0,0.0,2.0,0.0,1.0,0.0,1.0,5.0,1.0,0.0,1.0,3.0,0.0,1.0,0.0,26.0
2022-04-18,0.0,0.0,0.0,0.0,0.0,0.0,0.0,0.0,1.0,0.0,0.0,0.0,0.0,0.0,0.0,0.0,0.0,0.0,1.0,0.0,0.0,0.0,0.0,0.0,0.0,2.0,0.0,0.0,0.0,0.0,0.0,1.0,0.0,5.0
2022-04-22,2.0,0.0,1.0,0.0,0.0,1.0,0.0,0.0,1.0,1.0,2.0,1.0,0.0,0.0,0.0,1.0,0.0,1.0,0.0,0.0,1.0,3.0,0.0,0.0,1.0,12.0,1.0,1.0,1.0,2.0,0.0,0.0,0.0,33.0
2022-04-25,1.0,0.0,0.0,0.0,0.0,1.0,0.0,0.0,0.0,0.0,0.0,0.0,0.0,0.0,0.0,0.0,0.0,0.0,0.0,0.0,1.0,0.0,0.0,0.0,1.0,2.0,0.0,0.0,0.0,0.0,0.0,0.0,0.0,6.0
2022-04-29,1.0,1.0,0.0,2.0,0.0,1.0,0.0,1.0,2.0,0.0,2.0,2.0,2.0,0.0,1.0,0.0,1.0,1.0,2.0,0.0,1.0,1.0,0.0,0.0,1.0,10.0,0.0,0.0,2.0,1.0,1.0,0.0,0.0,36.0
2022-05-02,3.0,0.0,0.0,0.0,0.0,0.0,0.0,0.0,1.0,1.0,0.0,0.0,0.0,0.0,1.0,0.0,0.0,0.0,3.0,0.0,0.0,0.0,0.0,0.0,1.0,8.0,0.0,0.0,1.0,0.0,0.0,1.0,0.0,20.0
2022-05-06,1.0,0.0,0.0,0.0,0.0,0.0,0.0,0.0,0.0,0.0,0.0,1.0,1.0,0.0,1.0,0.0,0.0,0.0,2.0,0.0,2.0,1.0,0.0,1.0,0.0,4.0,0.0,1.0,2.0,0.0,0.0,3.0,0.0,20.0
2022-05-09,1.0,0.0,0.0,1.0,0.0,0.0,0.0,1.0,0.0,0.0,1.0,0.0,1.0,0.0,1.0,0.0,0.0,1.0,2.0,0.0,0.0,0.0,0.0,0.0,0.0,7.0,0.0,0.0,0.0,0.0,0.0,1.0,0.0,17.0
2022-05-13,1.0,0.0,0.0,-1.0,0.0,0.0,0.0,0.0,0.0,1.0,0.0,1.0,0.0,0.0,0.0,1.0,0.0,1.0,0.0,1.0,2.0,0.0,0.0,0.0,0.0,5.0,0.0,0.0,1.0,0.0,0.0,-1.0,0.0,12.0
2022-05-16,0.0,1.0,0.0,1.0,0.0,0.0,1.0,1.0,0.0,0.0,1.0,1.0,0.0,0.0,1.0,0.0,0.0,1.0,2.0,0.0,1.0,0.0,0.0,0.0,0.0,2.0,2.0,0.0,0.0,1.0,1.0,2.0,0.0,19.0
2022-05-20,0.0,1.0,0.0,0.0,0.0,0.0,0.0,0.0,0.0,0.0,0.0,2.0,0.0,1.0,0.0,0.0,1.0,1.0,0.0,0.0,0.0,0.0,0.0,0.0,1.0,6.0,0.0,0.0,0.0,0.0,3.0,1.0,0.0,17.0
2022-05-23,1.0,0.0,1.0,0.0,1.0,0.0,0.0,0.0,0.0,0.0,1.0,0.0,0.0,0.0,1.0,0.0,0.0,0.0,0.0,0.0,1.0,0.0,0.0,1.0,0.0,3.0,1.0,0.0,1.0,1.0,0.0,0.0,0.0,13.0
2022-05-27,0.0,0.0,0.0,0.0,0.0,1.0,1.0,0.0,0.0,0.0,0.0,0.0,0.0,0.0,1.0,0.0,1.0,0.0,1.0,0.0,0.0,1.0,0.0,0.0,0.0,6.0,0.0,0.0,0.0,0.0,0.0,3.0,0.0,15.0
2022-05-30,0.0,1.0,0.0,1.0,0.0,0.0,0.0,0.0,1.0,1.0,0.0,1.0,0.0,0.0,0.0,0.0,1.0,1.0,0.0,0.0,0.0,1.0,1.0,0.0,1.0,3.0,0.0,0.0,1.0,1.0,0.0,0.0,0.0,15.0
2022-06-03,2.0,1.0,0.0,0.0,0.0,1.0,0.0,0.0,2.0,2.0,1.0,1.0,0.0,1.0,0.0,0.0,0.0,2.0,1.0,1.0,0.0,3.0,0.0,0.0,0.0,3.0,2.0,0.0,0.0,1.0,1.0,3.0,0.0,28.0
2022-06-06,0.0,0.0,0.0,0.0,1.0,0.0,0.0,0.0,1.0,1.0,0.0,0.0,1.0,0.0,0.0,0.0,0.0,0.0,0.0,0.0,0.0,0.0,0.0,1.0,0.0,4.0,0.0,1.0,0.0,0.0,1.0,1.0,0.0,12.0
2022-06-10,4.0,0.0,0.0,2.0,0.0,0.0,2.0,0.0,0.0,0.0,0.0,1.0,1.0,0.0,0.0,0.0,0.0,2.0,2.0,0.0,0.0,0.0,0.0,0.0,0.0,11.0,0.0,0.0,0.0,0.0,0.0,1.0,0.0,26.0
2022-06-13,0.0,1.0,0.0,1.0,1.0,1.0,1.0,1.0,0.0,0.0,0.0,0.0,0.0,0.0,0.0,0.0,0.0,1.0,1.0,0.0,2.0,0.0,0.0,1.0,1.0,3.0,0.0,2.0,0.0,1.0,0.0,0.0,0.0,18.0
2022-06-17,0.0,0.0,0.0,0.0,0.0,0.0,0.0,0.0,0.0,0.0,0.0,1.0,0.0,1.0,0.0,0.0,0.0,1.0,0.0,0.0,1.0,1.0,0.0,0.0,1.0,7.0,0.0,0.0,0.0,1.0,0.0,1.0,0.0,15.0
2022-06-20,0.0,0.0,0.0,0.0,1.0,0.0,0.0,0.0,0.0,0.0,1.0,0.0,1.0,1.0,0.0,0.0,0.0,1.0,2.0,0.0,0.0,0.0,1.0,0.0,1.0,5.0,0.0,0.0,0.0,0.0,0.0,1.0,0.0,15.0
2022-06-24,1.0,0.0,1.0,0.0,1.0,0.0,0.0,0.0,0.0,1.0,1.0,0.0,0.0,1.0,0.0,0.0,0.0,2.0,0.0,0.0,1.0,0.0,0.0,0.0,0.0,3.0,0.0,1.0,0.0,0.0,1.0,0.0,0.0,14.0
2022-06-27,0.0,0.0,0.0,0.0,1.0,0.0,0.0,0.0,0.0,0.0,0.0,1.0,0.0,1.0,0.0,0.0,0.0,1.0,2.0,0.0,0.0,0.0,0.0,0.0,0.0,3.0,0.0,1.0,0.0,0.0,1.0,1.0,0.0,12.0
2022-07-01,2.0,0.0,0.0,2.0,2.0,0.0,0.0,0.0,0.0,1.0,0.0,0.0,0.0,1.0,0.0,0.0,0.0,1.0,0.0,1.0,0.0,0.0,0.0,1.0,0.0,3.0,0.0,0.0,1.0,0.0,0.0,0.0,0.0,15.0
2022-07-04,0.0,0.0,0.0,1.0,0.0,0.0,0.0,1.0,1.0,0.0,1.0,1.0,1.0,0.0,0.0,0.0,1.0,1.0,2.0,1.0,0.0,0.0,1.0,0.0,0.0,4.0,1.0,0.0,0.0,0.0,2.0,0.0,0.0,19.0
2022-07-08,0.0,0.0,0.0,1.0,0.0,0.0,0.0,0.0,0.0,1.0,0.0,1.0,1.0,0.0,0.0,0.0,0.0,1.0,1.0,0.0,0.0,0.0,0.0,0.0,0.0,2.0,1.0,1.0,0.0,0.0,0.0,3.0,0.0,13.0
2022-07-11,1.0,0.0,0.0,1.0,0.0,1.0,1.0,0.0,1.0,0.0,1.0,2.0,0.0,0.0,1.0,0.0,0.0,2.0,2.0,1.0,0.0,0.0,0.0,0.0,1.0,5.0,0.0,0.0,1.0,1.0,1.0,2.0,0.0,25.0
2022-07-15,0.0,1.0,0.0,0.0,2.0,1.0,1.0,0.0,0.0,0.0,0.0,0.0,1.0,0.0,0.0,1.0,0.0,2.0,0.0,0.0,0.0,0.0,0.0,1.0,0.0,4.0,0.0,0.0,2.0,2.0,0.0,1.0,0.0,19.0
2022-07-18,1.0,0.0,0.0,1.0,0.0,0.0,0.0,0.0,0.0,0.0,1.0,2.0,0.0,0.0,0.0,0.0,0.0,1.0,2.0,0.0,1.0,0.0,0.0,1.0,0.0,6.0,0.0,0.0,0.0,0.0,1.0,4.0,0.0,21.0
2022-07-22,1.0,0.0,0.0,0.0,0.0,0.0,0.0,0.0,0.0,3.0,1.0,1.0,0.0,0.0,0.0,0.0,0.0,0.0,0.0,0.0,1.0,0.0,1.0,0.0,1.0,3.0,1.0,0.0,1.0,1.0,0.0,1.0,0.0,16.0
2022-07-25,1.0,0.0,0.0,0.0,0.0,1.0,2.0,0.0,0.0,0.0,0.0,1.0,0.0,0.0,0.0,0.0,0.0,1.0,3.0,1.0,0.0,0.0,0.0,0.0,0.0,5.0,0.0,1.0,1.0,0.0,0.0,0.0,0.0,17.0
2022-07-29,0.0,2.0,0.0,3.0,0.0,0.0,0.0,3.0,0.0,0.0,0.0,1.0,0.0,0.0,1.0,0.0,0.0,0.0,1.0,0.0,0.0,0.0,2.0,0.0,0.0,5.0,0.0,1.0,0.0,2.0,0.0,2.0,0.0,23.0
2022-08-01,0.0,1.0,0.0,1.0,0.0,0.0,0.0,0.0,1.0,0.0,1.0,1.0,1.0,0.0,0.0,0.0,0.0,0.0,3.0,0.0,0.0,0.0,0.0,0.0,0.0,1.0,0.0,0.0,1.0,1.0,1.0,1.0,0.0,14.0
2022-08-05,4.0,0.0,0.0,0.0,0.0,1.0,1.0,0.0,0.0,0.0,1.0,2.0,1.0,1.0,0.0,0.0,0.0,1.0,1.0,1.0,0.0,0.0,0.0,0.0,0.0,5.0,0.0,0.0,1.0,1.0,1.0,1.0,0.0,23.0
2022-08-08,1.0,0.0,1.0,0.0,1.0,0.0,0.0,0.0,0.0,3.0,0.0,1.0,1.0,0.0,1.0,0.0,0.0,1.0,4.0,1.0,0.0,1.0,0.0,0.0,1.0,3.0,2.0,0.0,0.0,0.0,0.0,2.0,0.0,24.0
2022-08-12,0.0,0.0,2.0,0.0,2.0,0.0,1.0,0.0,0.0,1.0,2.0,2.0,1.0,0.0,0.0,0.0,1.0,0.0,1.0,0.0,0.0,0.0,0.0,0.0,2.0,3.0,1.0,0.0,0.0,3.0,0.0,0.0,0.0,22.0
2022-08-15,1.0,0.0,0.0,0.0,0.0,3.0,0.0,0.0,1.0,0.0,0.0,0.0,1.0,0.0,0.0,0.0,0.0,1.0,1.0,0.0,2.0,0.0,0.0,0.0,1.0,6.0,0.0,0.0,0.0,1.0,2.0,3.0,0.0,23.0
2022-08-19,2.0,0.0,0.0,0.0,0.0,2.0,1.0,0.0,1.0,1.0,3.0,0.0,2.0,0.0,0.0,1.0,0.0,0.0,0.0,0.0,2.0,0.0,1.0,0.0,0.0,5.0,0.0,1.0,0.0,0.0,0.0,1.0,0.0,23.0
2022-08-22,1.0,1.0,0.0,0.0,0.0,1.0,0.0,0.0,2.0,1.0,1.0,1.0,0.0,0.0,0.0,0.0,0.0,0.0,3.0,0.0,1.0,1.0,1.0,0.0,0.0,5.0,0.0,0.0,1.0,1.0,3.0,1.0,0.0,25.0
2022-08-26,4.0,0.0,0.0,0.0,0.0,0.0,0.0,0.0,1.0,1.0,2.0,0.0,1.0,0.0,0.0,0.0,0.0,2.0,3.0,1.0,0.0,0.0,0.0,0.0,0.0,5.0,1.0,0.0,1.0,1.0,0.0,0.0,0.0,23.0
2022-08-29,0.0,1.0,0.0,0.0,1.0,0.0,0.0,0.0,0.0,2.0,0.0,0.0,3.0,0.0,0.0,1.0,0.0,0.0,0.0,0.0,1.0,0.0,2.0,0.0,0.0,5.0,0.0,0.0,0.0,2.0,1.0,2.0,0.0,21.0
2022-09-02,1.0,1.0,0.0,0.0,0.0,0.0,0.0,0.0,2.0,1.0,1.0,1.0,0.0,0.0,0.0,0.0,0.0,0.0,1.0,1.0,0.0,0.0,1.0,0.0,1.0,7.0,2.0,0.0,0.0,1.0,0.0,1.0,0.0,22.0
2022-09-05,0.0,1.0,0.0,1.0,0.0,1.0,0.0,1.0,3.0,1.0,0.0,1.0,0.0,0.0,1.0,0.0,0.0,1.0,3.0,0.0,1.0,1.0,1.0,0.0,0.0,9.0,0.0,0.0,0.0,1.0,0.0,0.0,0.0,27.0
2022-09-09,0.0,2.0,0.0,0.0,0.0,2.0,0.0,0.0,1.0,0.0,0.0,0.0,0.0,0.0,1.0,0.0,0.0,1.0,2.0,0.0,1.0,0.0,1.0,1.0,0.0,6.0,0.0,0.0,0.0,-1.0,0.0,4.0,0.0,21.0
2022-09-12,3.0,1.0,0.0,0.0,1.0,0.0,1.0,0.0,0.0,0.0,0.0,0.0,1.0,0.0,1.0,0.0,0.0,0.0,1.0,0.0,1.0,0.0,1.0,0.0,0.0,3.0,0.0,0.0,3.0,3.0,0.0,0.0,0.0,20.0
2022-09-19,4.0,1.0,0.0,0.0,1.0,1.0,1.0,0.0,0.0,0.0,1.0,0.0,0.0,0.0,0.0,1.0,0.0,1.0,2.0,0.0,1.0,0.0,1.0,0.0,0.0,5.0,1.0,1.0,0.0,0.0,1.0,2.0,0.0,25.0
2022-09-23,1.0,2.0,0.0,0.0,0.0,0.0,0.0,0.0,0.0,0.0,1.0,2.0,0.0,0.0,1.0,0.0,0.0,1.0,1.0,0.0,0.0,0.0,0.0,0.0,0.0,5.0,0.0,1.0,0.0,4.0,0.0,1.0,0.0,20.0
2022-09-26,3.0,1.0,1.0,0.0,1.0,1.0,0.0,0.0,2.0,0.0,1.0,1.0,2.0,0.0,0.0,2.0,0.0,2.0,3.0,0.0,2.0,0.0,0.0,0.0,0.0,11.0,0.0,0.0,0.0,3.0,3.0,0.0,0.0,39.0
2022-10-03,6.0,2.0,0.0,2.0,0.0,1.0,0.0,0.0,2.0,0.0,1.0,3.0,2.0,0.0,1.0,0.0,0.0,2.0,5.0,0.0,4.0,0.0,1.0,0.0,2.0,10.0,0.0,0.0,2.0,2.0,1.0,4.0,0.0,53.0
2022-10-10,1.0,0.0,0.0,1.0,3.0,0.0,1.0,0.0,2.0,0.0,0.0,2.0,2.0,0.0,0.0,0.0,0.0,1.0,5.0,1.0,1.0,1.0,1.0,0.0,0.0,6.0,0.0,0.0,0.0,1.0,2.0,1.0,0.0,32.0
2022-10-14,0.0,1.0,0.0,1.0,1.0,1.0,0.0,0.0,0.0,0.0,0.0,1.0,1.0,0.0,0.0,0.0,0.0,0.0,1.0,0.0,0.0,0.0,0.0,0.0,1.0,3.0,0.0,1.0,0.0,1.0,1.0,0.0,0.0,14.0
2022-10-17,1.0,0.0,0.0,0.0,0.0,1.0,0.0,0.0,1.0,0.0,0.0,0.0,0.0,0.0,0.0,0.0,0.0,0.0,2.0,1.0,1.0,0.0,0.0,0.0,1.0,6.0,0.0,1.0,1.0,2.0,0.0,2.0,0.0,20.0
2022-10-21,2.0,1.0,0.0,0.0,0.0,1.0,0.0,2.0,0.0,0.0,1.0,1.0,0.0,0.0,0.0,1.0,0.0,0.0,0.0,0.0,2.0,1.0,0.0,0.0,0.0,7.0,0.0,1.0,1.0,0.0,1.0,1.0,0.0,23.0
2022-10-24,1.0,1.0,0.0,0.0,0.0,0.0,0.0,0.0,2.0,0.0,1.0,1.0,0.0,0.0,0.0,0.0,1.0,0.0,1.0,1.0,2.0,0.0,0.0,0.0,0.0,3.0,0.0,0.0,1.0,0.0,0.0,0.0,0.0,15.0
2022-10-28,3.0,1.0,0.0,0.0,0.0,0.0,0.0,0.0,3.0,0.0,1.0,3.0,0.0,2.0,0.0,0.0,1.0,1.0,1.0,0.0,1.0,1.0,0.0,1.0,1.0,5.0,0.0,1.0,2.0,0.0,1.0,1.0,0.0,30.0
2022-10-31,2.0,1.0,0.0,0.0,1.0,0.0,0.0,0.0,0.0,0.0,0.0,0.0,0.0,0.0,0.0,0.0,0.0,2.0,0.0,0.0,1.0,1.0,1.0,0.0,0.0,5.0,0.0,0.0,0.0,0.0,0.0,0.0,0.0,14.0
2022-11-04,1.0,0.0,0.0,0.0,0.0,0.0,0.0,0.0,0.0,0.0,0.0,1.0,1.0,0.0,0.0,0.0,0.0,0.0,2.0,0.0,0.0,0.0,0.0,0.0,0.0,4.0,0.0,0.0,1.0,0.0,0.0,0.0,0.0,10.0
2022-11-07,5.0,1.0,1.0,3.0,2.0,0.0,0.0,0.0,1.0,1.0,0.0,2.0,0.0,0.0,0.0,0.0,0.0,2.0,0.0,0.0,2.0,3.0,0.0,0.0,1.0,5.0,0.0,0.0,2.0,2.0,0.0,0.0,0.0,33.0
2022-11-11,2.0,1.0,0.0,0.0,0.0,2.0,0.0,0.0,1.0,0.0,1.0,0.0,1.0,0.0,0.0,1.0,0.0,3.0,0.0,1.0,1.0,0.0,2.0,1.0,1.0,8.0,1.0,0.0,0.0,0.0,3.0,1.0,0.0,31.0
2022-11-14,1.0,2.0,0.0,1.0,1.0,0.0,0.0,0.0,1.0,1.0,0.0,1.0,0.0,1.0,0.0,0.0,0.0,0.0,0.0,0.0,0.0,0.0,0.0,1.0,0.0,7.0,0.0,0.0,0.0,0.0,0.0,0.0,0.0,17.0
2022-11-18,2.0,0.0,0.0,0.0,0.0,1.0,1.0,0.0,0.0,0.0,0.0,1.0,0.0,0.0,0.0,1.0,0.0,1.0,0.0,1.0,1.0,0.0,0.0,0.0,0.0,5.0,0.0,0.0,1.0,1.0,0.0,1.0,0.0,17.0
2022-11-21,1.0,0.0,0.0,0.0,0.0,1.0,0.0,0.0,0.0,0.0,0.0,3.0,1.0,0.0,0.0,0.0,0.0,1.0,1.0,1.0,0.0,0.0,0.0,1.0,0.0,6.0,0.0,0.0,2.0,1.0,1.0,0.0,0.0,20.0
2022-11-25,2.0,1.0,0.0,0.0,2.0,0.0,1.0,0.0,0.0,0.0,1.0,3.0,2.0,0.0,1.0,0.0,1.0,1.0,1.0,0.0,1.0,4.0,0.0,0.0,1.0,9.0,0.0,2.0,1.0,2.0,1.0,2.0,0.0,39.0
2022-11-28,0.0,4.0,0.0,1.0,0.0,0.0,0.0,1.0,1.0,0.0,1.0,2.0,1.0,0.0,0.0,0.0,0.0,0.0,2.0,0.0,1.0,0.0,0.0,1.0,0.0,7.0,0.0,0.0,1.0,0.0,2.0,0.0,0.0,25.0
2022-12-02,0.0,3.0,0.0,1.0,1.0,0.0,0.0,1.0,1.0,1.0,2.0,1.0,0.0,0.0,2.0,1.0,2.0,0.0,1.0,0.0,3.0,0.0,1.0,0.0,1.0,3.0,1.0,0.0,1.0,2.0,1.0,1.0,0.0,31.0
2022-12-05,1.0,1.0,0.0,0.0,2.0,0.0,0.0,0.0,0.0,0.0,2.0,2.0,1.0,0.0,0.0,0.0,0.0,1.0,0.0,0.0,0.0,0.0,0.0,0.0,0.0,3.0,0.0,1.0,0.0,2.0,1.0,0.0,0.0,17.0
2022-12-09,1.0,1.0,0.0,2.0,0.0,0.0,0.0,0.0,0.0,0.0,1.0,0.0,0.0,0.0,0.0,0.0,0.0,1.0,1.0,0.0,1.0,0.0,1.0,1.0,0.0,6.0,0.0,3.0,0.0,1.0,0.0,0.0,0.0,20.0
2022-12-12,2.0,0.0,0.0,0.0,0.0,1.0,0.0,0.0,0.0,0.0,1.0,0.0,1.0,0.0,0.0,0.0,0.0,0.0,2.0,0.0,0.0,1.0,0.0,0.0,1.0,6.0,0.0,1.0,1.0,0.0,0.0,1.0,0.0,18.0
2022-12-16,0.0,1.0,0.0,0.0,0.0,0.0,0.0,0.0,0.0,2.0,0.0,1.0,0.0,0.0,0.0,0.0,0.0,0.0,1.0,0.0,1.0,1.0,1.0,2.0,0.0,8.0,0.0,0.0,1.0,1.0,0.0,3.0,0.0,23.0
2022-12-19,0.0,0.0,0.0,3.0,0.0,0.0,0.0,0.0,2.0,1.0,0.0,1.0,0.0,0.0,0.0,0.0,1.0,0.0,1.0,1.0,1.0,0.0,2.0,0.0,0.0,7.0,1.0,0.0,0.0,0.0,0.0,3.0,0.0,24.0
2022-12-23,0.0,0.0,0.0,1.0,0.0,0.0,0.0,0.0,0.0,0.0,0.0,2.0,1.0,0.0,0.0,0.0,0.0,1.0,2.0,0.0,1.0,1.0,0.0,1.0,0.0,5.0,1.0,0.0,0.0,0.0,2.0,2.0,0.0,20.0
2022-12-26,0.0,0.0,0.0,0.0,0.0,1.0,1.0,0.0,1.0,0.0,0.0,0.0,1.0,0.0,0.0,0.0,1.0,0.0,0.0,0.0,1.0,0.0,0.0,0.0,0.0,3.0,0.0,0.0,0.0,0.0,0.0,0.0,0.0,9.0
2022-12-30,2.0,1.0,0.0,1.0,3.0,0.0,0.0,1.0,1.0,1.0,1.0,1.0,1.0,0.0,0.0,0.0,0.0,4.0,2.0,1.0,0.0,4.0,1.0,0.0,1.0,18.0,1.0,0.0,0.0,2.0,1.0,2.0,0.0,50.0
2023-01-05,0.0,0.0,0.0,1.0,0.0,0.0,0.0,0.0,0.0,0.0,0.0,0.0,0.0,0.0,0.0,0.0,0.0,0.0,1.0,0.0,0.0,1.0,0.0,0.0,0.0,1.0,0.0,0.0,0.0,1.0,0.0,0.0,0.0,5.0
2023-01-09,0.0,0.0,0.0,0.0,0.0,0.0,0.0,0.0,0.0,0.0,0.0,0.0,0.0,0.0,0.0,0.0,0.0,0.0,0.0,0.0,0.0,0.0,0.0,0.0,0.0,0.0,0.0,0.0,0.0,0.0,0.0,0.0,0.0,0.0
