"","fecha","ACONCHI","AGUA PRIETA","ALAMOS","ALTAR","ARIVECHI","ARIZPE","BACADÉHUACHI","BACANORA","BACERAC","BACOACHI","BÁCUM","BANÁMICHI","BAVIÁCORA","BAVISPE","BENJAMÍN HILL","CABORCA","CAJEME","CANANEA","CARBÓ","LA COLORADA","CUCURPE","CUMPAS","DIVISADEROS","EMPALME","ETCHOJOA","FRONTERAS","GRANADOS","GUAYMAS","HERMOSILLO","HUACHINERA","HUÁSABAS","HUATABAMPO","HUÉPAC","IMURIS","MAGDALENA","MAZATÁN","MOCTEZUMA","NACO","NÁCORI CHICO","NACOZARI DE GARCÍA","NAVOJOA","NOGALES","ONAVAS","OPODEPE","OQUITOA","PITIQUITO","PUERTO PEÑASCO","QUIRIEGO","RAYÓN","ROSARIO","SAHUARIPA","SAN FELIPE DE JESÚS","SAN JAVIER","SAN LUIS RÍO COLORADO","SAN MIGUEL DE HORCASITAS","SAN PEDRO DE LA CUEVA","SANTA ANA","SANTA CRUZ","SÁRIC","SOYOPA","SUAQUI GRANDE","TEPACHE","TRINCHERAS","TUBUTAMA","URES","VILLA HIDALGO","VILLA PESQUEIRA","YÉCORA","GENERAL PLUTARCO ELÍAS CALLES","BENITO JUÁREZ","SAN IGNACIO RÍO MUERTO"
"1",2020-03-03,0,0,0,0,0,0,0,0,0,0,0,0,0,0,0,0,0,0,0,0,0,0,0,0,0,0,0,0,0,0,0,0,0,0,0,0,0,0,0,0,0,0,0,0,0,0,0,0,0,0,0,0,0,0,0,0,0,0,0,0,0,0,0,0,0,0,0,0,0,0,0
"2",2020-03-04,0,0,0,0,0,0,0,0,0,0,0,0,0,0,0,0,0,0,0,0,0,0,0,0,0,0,0,0,0,0,0,0,0,0,0,0,0,0,0,0,0,0,0,0,0,0,0,0,0,0,0,0,0,0,0,0,0,0,0,0,0,0,0,0,0,0,0,0,0,0,0
"3",2020-03-05,0,0,0,0,0,0,0,0,0,0,0,0,0,0,0,0,0,0,0,0,0,0,0,0,0,0,0,0,0,0,0,0,0,0,0,0,0,0,0,0,0,0,0,0,0,0,0,0,0,0,0,0,0,0,0,0,0,0,0,0,0,0,0,0,0,0,0,0,0,0,0
"4",2020-03-06,0,0,0,0,0,0,0,0,0,0,0,0,0,0,0,0,0,0,0,0,0,0,0,0,0,0,0,0,0,0,0,0,0,0,0,0,0,0,0,0,0,0,0,0,0,0,0,0,0,0,0,0,0,0,0,0,0,0,0,0,0,0,0,0,0,0,0,0,0,0,0
"5",2020-03-07,0,0,0,0,0,0,0,0,0,0,0,0,0,0,0,0,0,0,0,0,0,0,0,0,0,0,0,0,0,0,0,0,0,0,0,0,0,0,0,0,0,0,0,0,0,0,0,0,0,0,0,0,0,0,0,0,0,0,0,0,0,0,0,0,0,0,0,0,0,0,0
"6",2020-03-08,0,0,0,0,0,0,0,0,0,0,0,0,0,0,0,0,0,0,0,0,0,0,0,0,0,0,0,0,0,0,0,0,0,0,0,0,0,0,0,0,0,0,0,0,0,0,0,0,0,0,0,0,0,0,0,0,0,0,0,0,0,0,0,0,0,0,0,0,0,0,0
"7",2020-03-09,0,0,0,0,0,0,0,0,0,0,0,0,0,0,0,0,0,0,0,0,0,0,0,0,0,0,0,0,0,0,0,0,0,0,0,0,0,0,0,0,0,0,0,0,0,0,0,0,0,0,0,0,0,0,0,0,0,0,0,0,0,0,0,0,0,0,0,0,0,0,0
"8",2020-03-10,0,0,0,0,0,0,0,0,0,0,0,0,0,0,0,0,0,0,0,0,0,0,0,0,0,0,0,0,0,0,0,0,0,0,0,0,0,0,0,0,1,0,0,0,0,0,0,0,0,0,0,0,0,0,0,0,0,0,0,0,0,0,0,0,0,0,0,0,0,0,0
"9",2020-03-11,0,0,0,0,0,0,0,0,0,0,0,0,0,0,0,0,0,0,0,0,0,0,0,0,0,0,0,1,1,0,0,0,0,0,0,0,0,0,0,0,0,0,0,0,0,0,0,0,0,0,0,0,0,0,0,0,0,0,0,0,0,0,0,0,0,0,0,0,0,0,0
"10",2020-03-12,0,0,0,0,0,0,0,0,0,0,0,0,0,0,0,0,0,0,0,0,0,0,0,0,0,0,0,0,1,0,0,0,0,0,0,0,0,0,0,0,0,0,0,0,0,0,0,0,0,0,0,0,0,1,0,0,0,0,0,0,0,0,0,0,0,0,0,0,0,0,0
"11",2020-03-13,0,0,0,0,0,0,0,0,0,0,0,0,0,0,0,0,0,0,0,0,0,0,0,0,0,0,0,0,0,0,0,0,0,0,0,0,0,0,0,0,0,0,0,0,0,0,0,0,0,0,0,0,0,1,0,0,0,0,0,0,0,0,0,0,0,0,0,0,0,0,0
"12",2020-03-14,0,0,0,0,0,0,0,0,0,0,0,0,0,0,0,0,0,0,0,0,0,0,0,0,0,0,0,0,0,0,0,0,0,0,0,0,0,0,0,0,0,0,0,0,0,0,0,0,0,0,0,0,0,0,0,0,0,0,0,0,0,0,0,0,0,0,0,0,0,0,0
"13",2020-03-15,0,0,0,0,0,0,0,0,0,0,0,0,0,0,0,0,0,0,0,0,0,0,0,0,0,0,0,0,1,0,0,0,0,0,0,0,0,0,0,0,0,0,0,0,0,0,0,0,0,0,0,0,0,0,0,0,0,0,0,0,0,0,0,0,0,0,0,0,0,0,0
"14",2020-03-16,0,0,0,0,0,0,0,0,0,0,0,0,0,0,0,0,0,0,0,0,0,0,0,0,0,0,0,1,1,0,0,0,0,0,0,0,0,0,0,0,0,0,0,0,0,0,0,0,0,0,0,0,0,0,0,0,0,0,0,0,0,0,0,0,0,0,0,0,0,0,0
"15",2020-03-17,0,0,0,0,0,0,0,0,0,0,0,0,0,0,0,0,1,0,0,0,0,0,0,0,0,0,0,0,4,0,0,0,0,0,0,0,0,0,0,0,0,0,0,0,0,0,0,0,0,0,0,0,0,0,0,0,0,0,0,0,0,0,0,0,0,0,0,0,0,0,0
"16",2020-03-18,0,0,0,0,0,0,0,0,0,0,0,0,0,0,0,0,0,0,0,0,0,0,0,0,0,0,0,0,0,0,0,0,0,0,0,0,0,0,0,0,1,0,0,0,0,0,0,0,0,0,0,0,0,0,0,0,0,0,0,0,0,0,0,0,0,0,0,0,0,0,0
"17",2020-03-19,0,0,0,0,0,0,0,0,0,0,0,0,0,0,0,0,0,0,0,0,0,0,0,0,0,0,0,0,2,0,0,0,0,0,0,0,0,0,0,0,0,0,0,0,0,0,0,0,0,0,0,0,0,0,0,0,0,0,0,0,0,0,0,0,0,0,0,0,0,0,0
"18",2020-03-20,0,0,0,0,0,0,0,0,0,0,0,0,0,0,0,0,1,0,0,0,0,0,0,0,0,0,0,0,0,0,0,0,0,0,0,0,0,0,0,0,0,0,0,0,0,0,0,0,0,0,0,0,0,1,0,0,0,0,0,0,0,0,0,0,0,0,0,0,0,0,0
"19",2020-03-21,0,0,0,0,0,0,0,0,0,0,0,0,0,0,0,0,0,0,0,0,0,0,0,0,0,0,0,0,0,0,0,0,0,0,0,0,0,0,0,0,0,0,0,0,0,0,0,0,0,0,0,0,0,0,0,0,0,0,0,0,0,0,0,0,0,0,0,0,0,0,0
"20",2020-03-22,0,0,0,0,0,0,0,0,0,0,0,0,0,0,0,0,0,0,0,0,0,0,0,0,0,0,0,0,3,0,0,0,0,0,0,0,0,0,0,0,0,0,0,0,0,0,0,0,0,0,0,0,0,1,0,0,0,0,1,0,0,0,0,0,0,0,0,0,0,0,0
"21",2020-03-23,0,0,0,0,0,0,0,0,0,0,0,0,0,0,0,0,0,0,0,0,0,0,0,0,0,0,0,0,1,0,0,0,0,0,0,0,0,0,0,0,2,0,0,0,0,0,0,0,0,0,0,0,0,0,0,0,0,0,0,0,0,0,0,0,0,0,0,0,0,0,0
"22",2020-03-24,0,0,0,0,0,0,0,0,0,0,0,0,0,0,0,0,0,0,0,0,0,0,0,0,0,0,0,0,2,0,0,0,0,0,1,0,0,0,0,0,0,0,0,0,0,0,0,0,0,0,0,0,0,0,0,0,0,0,0,0,0,0,0,0,0,0,0,0,0,0,0
"23",2020-03-25,0,0,0,0,0,0,0,0,0,0,0,0,0,0,0,0,0,0,0,0,0,0,0,0,0,0,0,0,0,0,0,1,0,0,0,0,0,0,0,0,0,0,0,0,0,0,0,0,0,0,0,0,0,1,0,0,0,0,0,0,0,0,0,0,0,0,0,0,0,0,0
"24",2020-03-26,0,0,0,0,0,0,0,0,0,0,0,0,0,0,0,0,1,0,0,0,0,0,0,0,0,0,0,0,0,0,0,0,0,0,0,0,0,0,0,0,0,0,0,0,0,0,0,0,0,0,0,0,0,3,0,0,0,0,0,0,0,0,0,0,0,0,0,0,0,0,0
"25",2020-03-27,0,0,0,0,0,0,0,0,0,0,0,0,0,0,0,0,0,0,0,0,0,0,0,0,0,0,0,0,1,0,0,1,0,0,0,0,0,0,0,0,0,1,0,0,0,0,0,0,0,0,0,0,0,2,0,0,0,0,0,0,0,0,0,0,0,0,0,0,0,0,0
"26",2020-03-28,0,0,0,0,0,0,0,0,0,0,0,0,0,0,0,1,0,0,0,0,0,0,0,0,0,0,0,0,3,0,0,0,0,0,0,0,0,0,0,0,0,1,0,0,0,0,0,0,0,0,0,0,0,0,0,0,0,0,0,0,0,0,0,0,0,0,0,0,0,0,0
"27",2020-03-29,0,0,0,0,0,0,0,0,0,0,0,0,0,0,0,0,0,0,0,0,0,0,0,0,0,0,0,0,0,0,0,0,0,0,0,0,0,0,0,0,0,0,0,0,0,0,0,0,0,0,0,0,0,0,0,0,0,0,0,0,0,0,0,0,0,0,0,0,0,0,0
"28",2020-03-30,0,0,0,0,0,0,0,0,0,0,0,0,0,0,0,0,0,0,0,0,0,0,0,0,0,0,0,0,0,0,0,1,0,0,0,0,0,0,0,0,0,0,0,0,0,0,0,0,0,0,0,0,0,0,0,0,0,0,0,0,0,0,0,0,0,0,0,0,0,0,0
"29",2020-03-31,0,0,0,0,0,0,0,0,0,0,0,0,0,0,0,0,0,0,0,0,0,0,0,0,0,0,0,0,0,0,0,1,0,0,0,0,0,0,0,0,1,0,0,1,0,0,0,0,0,0,0,0,0,1,0,0,0,0,0,0,0,0,0,0,0,0,0,0,0,0,0
"30",2020-04-01,0,0,0,0,0,0,0,0,0,0,0,0,0,0,0,0,0,0,0,0,0,0,0,0,0,0,0,0,6,0,0,0,0,0,1,0,0,0,0,0,1,0,0,0,0,0,0,0,0,0,0,0,0,5,0,0,0,0,0,0,0,0,0,0,0,0,0,0,0,0,0
"31",2020-04-02,0,1,0,0,0,0,0,0,0,0,0,0,0,0,0,0,1,0,0,0,0,0,0,0,0,0,0,0,0,0,0,0,0,0,0,0,0,0,0,0,0,0,0,0,0,0,0,0,0,0,0,0,0,1,0,0,0,0,0,0,0,0,0,0,0,0,0,0,0,0,0
"32",2020-04-03,0,0,0,0,0,0,0,0,0,0,0,0,0,0,0,0,1,0,0,0,0,0,0,0,0,0,0,0,0,0,0,3,0,0,0,0,0,0,0,0,0,0,0,0,0,0,0,0,0,0,0,0,0,1,0,0,0,0,0,0,0,0,0,0,0,0,0,0,0,0,0
"33",2020-04-04,0,0,0,0,0,0,0,0,0,0,0,0,0,0,0,0,0,0,0,0,0,0,0,0,0,0,0,0,4,0,0,0,0,0,0,0,0,0,0,0,0,0,0,0,0,0,0,0,0,0,0,0,0,6,0,0,0,0,1,0,0,0,0,0,0,0,0,0,0,0,0
"34",2020-04-05,0,0,0,0,0,0,0,0,0,0,0,0,0,0,0,0,1,0,0,0,0,0,0,0,1,0,0,0,0,0,0,2,0,0,0,0,0,0,0,0,1,0,0,0,0,0,0,0,0,0,0,0,0,7,0,0,0,0,0,0,0,0,0,0,0,0,0,0,0,0,0
"35",2020-04-06,0,0,0,0,0,0,0,0,0,0,0,0,0,0,0,1,2,0,0,0,0,0,0,0,0,0,0,0,1,0,0,1,0,0,1,0,0,0,0,0,0,0,0,0,0,0,0,0,0,0,0,0,0,19,0,0,0,0,0,0,0,0,0,0,0,0,0,0,0,0,0
"36",2020-04-07,0,0,0,0,0,0,0,0,0,0,0,0,0,0,0,0,0,0,0,0,0,0,0,0,0,0,0,0,1,0,0,0,0,0,0,0,0,0,0,0,0,1,0,0,0,0,0,0,0,0,0,0,0,12,0,0,0,0,0,0,0,0,0,0,0,0,0,0,0,0,0
"37",2020-04-08,0,0,0,0,0,0,0,0,0,0,0,0,0,0,0,0,1,0,0,0,0,0,0,0,0,0,0,0,1,0,0,1,0,0,0,0,0,0,0,0,0,0,0,0,0,0,0,0,0,0,0,0,0,10,0,0,0,0,0,0,0,0,0,0,0,0,0,0,0,0,0
"38",2020-04-09,0,0,0,0,0,0,0,0,0,0,0,0,0,0,0,0,0,0,0,0,0,0,0,0,0,0,0,0,2,0,0,2,0,0,0,0,0,0,0,0,0,1,0,0,0,0,0,0,0,0,0,0,0,8,0,0,0,0,0,0,0,0,0,0,0,0,0,0,0,0,0
"39",2020-04-10,0,0,0,0,0,0,0,0,0,0,0,0,0,0,0,3,0,0,0,0,0,0,0,0,0,0,0,0,0,0,0,0,0,0,0,0,0,0,0,0,0,0,0,0,0,0,1,0,0,0,0,0,0,11,0,0,0,0,1,0,0,0,0,0,0,0,0,0,1,0,0
"40",2020-04-11,0,0,0,0,0,0,0,0,0,0,0,0,0,0,0,1,0,0,0,0,0,0,0,0,0,0,0,0,2,0,0,0,0,0,0,0,0,0,0,0,0,2,0,0,0,0,0,0,0,0,0,0,0,4,0,0,0,0,0,0,0,0,0,0,0,0,0,0,0,0,0
"41",2020-04-12,0,0,0,0,0,0,0,0,0,0,0,0,0,0,0,0,0,0,0,0,0,0,0,0,0,0,0,0,1,0,0,0,0,0,0,0,0,0,0,0,0,2,0,0,0,0,0,0,0,0,0,0,0,4,0,0,0,0,0,0,0,0,0,0,0,0,0,0,0,0,0
"42",2020-04-13,0,0,0,0,0,0,0,0,0,0,0,0,0,0,0,0,1,0,0,0,0,0,0,0,0,0,0,1,0,0,0,1,0,0,0,0,0,0,0,0,0,1,0,0,0,0,0,0,0,0,0,0,0,4,0,0,0,0,0,0,0,0,0,0,0,0,0,0,0,0,0
"43",2020-04-14,0,0,0,0,0,0,0,0,0,0,0,0,0,0,0,1,0,0,0,0,0,0,0,0,1,0,0,0,2,0,0,0,0,0,0,0,0,0,0,0,0,1,0,0,0,0,0,0,0,0,0,0,0,13,0,0,0,0,0,0,0,0,0,0,0,0,0,0,0,0,0
"44",2020-04-15,0,0,0,0,0,0,0,0,0,0,0,0,0,0,0,0,2,0,0,0,0,0,0,0,0,0,0,0,0,0,0,0,0,0,0,0,0,0,0,0,0,0,0,0,0,0,0,0,0,0,0,0,0,3,0,0,0,0,0,0,0,0,0,0,0,0,0,0,0,0,0
"45",2020-04-16,0,0,0,0,0,0,0,0,0,0,0,0,0,0,0,0,0,0,0,0,0,0,0,0,1,0,0,0,3,0,0,0,0,0,0,0,0,0,0,0,1,0,0,0,0,0,0,0,0,0,0,0,0,11,0,0,0,0,0,0,0,0,0,0,0,0,0,0,0,0,0
"46",2020-04-17,0,0,0,0,0,0,0,0,0,0,0,0,0,0,0,1,0,0,0,0,0,0,0,0,0,0,0,0,4,0,0,0,0,0,0,0,0,0,0,0,1,4,0,0,0,0,0,0,0,0,0,0,0,6,0,0,0,0,0,0,0,0,0,0,0,0,0,0,0,0,0
"47",2020-04-18,0,0,0,0,0,0,0,0,0,0,0,0,0,0,0,0,2,0,0,0,0,0,0,0,0,0,0,1,5,0,0,1,0,0,0,0,0,0,0,0,1,0,0,0,0,0,0,0,0,0,0,0,0,9,0,0,0,0,0,0,0,0,0,0,0,0,0,0,0,0,0
"48",2020-04-19,0,0,0,0,0,0,0,0,0,0,0,0,0,0,0,1,0,0,0,0,0,0,0,0,0,0,0,0,8,0,0,0,0,0,0,0,0,0,0,0,0,2,0,0,0,0,0,0,0,0,0,0,0,2,0,0,0,0,0,0,0,0,0,0,0,0,1,0,0,0,0
"49",2020-04-20,0,1,0,0,0,0,0,0,0,0,0,0,0,0,0,2,3,0,0,0,0,0,0,0,0,0,0,4,7,0,0,0,0,0,0,0,0,0,0,0,0,2,0,0,0,0,0,0,0,0,0,0,0,4,0,0,0,0,0,0,0,0,0,0,0,0,0,0,0,0,0
"50",2020-04-21,0,0,0,0,0,0,0,0,0,0,0,0,0,0,0,0,3,0,0,0,0,0,0,0,1,0,0,0,7,0,0,0,0,0,0,0,0,0,0,0,0,0,0,0,0,0,0,0,0,0,0,0,0,3,0,0,0,0,0,0,0,0,0,0,0,0,0,0,0,0,0
"51",2020-04-22,0,0,0,0,0,0,0,0,0,0,0,0,0,0,0,2,4,0,0,0,0,0,0,0,0,0,0,1,7,0,0,0,0,0,0,0,0,0,0,0,0,1,0,0,0,0,0,0,0,0,0,0,0,4,0,0,0,0,0,0,0,0,0,0,0,0,0,0,0,0,0
"52",2020-04-23,0,2,0,0,0,0,0,0,0,0,0,0,0,0,0,2,4,1,0,0,0,0,0,0,0,0,0,0,8,0,0,0,0,1,0,0,0,0,0,0,0,2,0,0,0,0,0,0,0,0,0,0,0,2,0,0,0,0,0,0,0,0,0,0,0,0,0,0,0,0,0
"53",2020-04-24,0,0,0,0,0,0,0,0,0,0,0,0,0,0,0,1,5,1,1,0,0,0,0,0,0,0,0,4,8,0,0,0,0,0,0,0,0,0,0,0,0,2,0,0,0,0,1,0,0,0,0,0,0,6,0,0,0,0,0,0,0,0,0,0,0,0,0,0,0,0,0
"54",2020-04-25,0,0,0,0,0,0,0,0,0,0,0,0,0,0,0,1,2,0,0,0,0,0,0,0,0,0,0,1,6,0,0,0,0,0,0,0,0,0,0,0,2,4,0,0,0,0,0,0,0,0,0,0,0,11,0,0,1,0,0,0,0,0,0,0,0,0,0,0,0,0,0
"55",2020-04-26,0,0,0,0,0,0,0,0,0,0,0,0,0,0,0,0,4,2,0,0,0,0,0,0,0,0,0,0,6,0,0,1,0,0,0,0,0,0,0,0,3,3,0,0,0,0,0,0,0,0,0,0,0,3,0,0,0,0,0,0,0,0,0,0,0,0,0,0,0,0,0
"56",2020-04-27,0,0,0,0,0,0,0,0,0,0,0,0,0,0,0,3,3,2,0,0,0,0,0,0,1,0,0,2,22,0,0,1,0,0,0,0,0,0,0,0,0,2,0,0,0,0,1,0,0,0,0,0,0,5,0,0,0,0,0,0,0,0,0,0,0,0,0,0,0,0,0
"57",2020-04-28,0,2,0,0,0,0,0,0,0,0,0,0,0,0,0,1,5,3,0,0,0,0,0,0,0,0,0,1,15,0,0,0,0,0,0,0,0,0,0,0,2,1,0,0,0,0,0,0,0,0,0,0,0,4,0,0,0,0,0,0,0,0,0,0,0,0,0,0,0,0,0
"58",2020-04-29,0,3,0,1,0,0,0,0,0,0,0,0,0,0,0,0,4,1,0,0,0,0,0,0,0,0,0,1,11,0,0,0,0,0,0,0,0,0,0,0,1,4,0,0,0,0,0,0,0,0,0,0,0,10,0,0,0,0,0,0,0,0,0,0,0,0,0,0,0,0,0
"59",2020-04-30,0,0,0,0,0,0,0,0,0,0,0,0,0,0,0,2,6,0,0,0,0,0,0,0,1,0,0,2,29,0,0,0,0,0,0,0,0,0,0,0,3,9,0,0,0,0,1,0,0,0,0,0,0,6,0,0,0,0,0,0,0,0,0,0,0,0,0,0,0,0,0
"60",2020-05-01,0,2,0,0,0,0,0,0,0,0,0,0,0,0,0,1,16,0,0,0,0,0,0,0,1,0,0,1,12,0,0,0,0,0,0,0,1,0,0,1,5,7,0,0,0,0,2,0,0,0,0,0,0,8,0,0,0,0,0,0,0,0,0,0,0,0,0,0,1,0,0
"61",2020-05-02,0,1,0,0,0,0,0,0,0,0,0,0,0,0,0,2,10,1,0,0,0,0,0,0,0,0,0,0,19,0,0,0,0,0,0,0,0,0,0,1,4,9,0,0,0,0,0,0,0,0,0,0,0,10,0,0,0,0,0,0,0,0,0,0,0,0,0,0,0,0,0
"62",2020-05-03,0,0,0,0,0,0,0,0,0,0,0,0,0,0,0,3,9,0,0,0,0,0,0,0,0,0,0,1,18,0,0,1,0,0,0,0,0,0,0,0,3,5,0,0,0,0,0,0,0,0,0,0,0,7,0,0,0,0,0,0,0,0,0,0,0,0,0,0,1,0,0
"63",2020-05-04,0,1,0,0,0,0,0,0,0,0,0,0,0,0,0,3,16,1,0,0,0,0,0,0,0,0,0,1,28,0,0,0,0,0,0,0,0,0,0,0,3,8,0,0,0,0,1,0,0,0,0,0,0,6,0,0,0,0,0,0,0,0,0,0,0,0,0,0,0,0,0
"64",2020-05-05,0,0,0,0,0,0,0,0,0,0,0,0,0,0,0,1,14,1,0,0,0,0,0,0,0,0,0,4,18,0,0,0,0,0,0,0,0,0,0,1,3,8,0,0,0,0,0,0,0,0,0,0,0,7,0,0,0,0,0,0,0,0,0,0,0,0,0,0,0,0,0
"65",2020-05-06,0,0,0,1,0,0,0,0,0,0,0,0,0,0,0,1,6,0,0,0,0,0,0,0,1,0,0,7,27,0,0,1,0,0,0,0,0,0,0,1,2,10,0,0,0,0,0,0,0,0,0,0,0,8,0,0,0,0,0,0,0,0,0,0,0,0,0,0,1,0,0
"66",2020-05-07,0,2,0,0,0,0,0,0,0,0,1,0,0,1,0,1,13,0,0,0,0,0,0,0,2,0,0,0,28,0,0,0,0,0,0,0,0,0,0,2,5,14,0,0,0,0,0,0,0,0,0,0,0,13,0,0,1,0,0,0,0,0,0,0,0,0,0,0,1,0,0
"67",2020-05-08,0,0,0,1,0,0,0,0,0,0,0,0,0,0,0,0,16,0,0,0,0,0,0,0,1,0,0,0,27,0,0,1,0,0,0,0,1,0,0,2,4,11,0,0,0,0,0,0,0,0,0,0,0,9,0,0,1,0,0,0,0,0,0,0,0,0,0,0,0,0,0
"68",2020-05-09,0,2,0,0,0,0,0,0,0,0,0,0,0,0,0,2,14,1,0,0,0,0,0,1,0,0,0,1,26,0,0,0,0,0,1,0,0,0,0,1,9,10,0,0,0,0,0,0,0,0,0,0,0,10,0,0,1,0,0,0,0,0,0,0,1,0,0,0,0,0,0
"69",2020-05-10,0,0,0,0,0,0,0,0,0,0,0,0,0,0,0,4,24,2,0,0,0,0,0,1,0,0,0,2,40,0,0,1,0,0,1,0,0,0,0,1,7,14,0,0,0,0,0,0,0,0,0,0,0,10,0,0,1,0,0,0,0,0,0,0,1,0,0,0,0,0,0
"70",2020-05-11,0,1,0,2,0,0,0,0,0,0,0,0,0,0,0,3,29,1,0,0,0,0,0,0,0,0,0,3,24,0,0,0,0,0,0,0,0,0,0,4,3,19,0,0,0,0,0,0,0,0,0,0,0,13,0,0,0,0,0,0,0,0,0,0,1,0,0,0,0,2,0
"71",2020-05-12,0,3,0,0,0,0,0,0,0,0,0,0,0,0,0,1,30,0,0,0,0,0,0,0,0,0,0,4,25,0,0,2,0,0,0,0,0,0,0,1,6,11,0,0,0,0,1,0,0,0,0,0,0,13,0,0,0,0,0,0,0,0,0,0,0,0,0,0,0,0,0
"72",2020-05-13,0,1,0,0,1,0,0,0,0,0,0,0,0,0,0,5,25,0,0,0,0,0,0,0,0,0,0,1,28,0,0,0,0,0,1,0,0,0,0,3,6,16,0,0,0,0,0,0,0,0,0,0,0,8,0,0,1,0,0,0,0,0,0,0,0,0,0,0,0,3,0
"73",2020-05-14,0,0,1,1,0,0,0,0,0,0,0,0,0,0,0,5,23,0,0,0,0,0,0,0,1,0,0,4,29,0,0,2,0,0,0,0,0,0,0,1,6,14,0,0,0,0,1,0,0,0,0,0,0,15,0,0,3,0,0,0,0,0,0,0,0,0,0,0,0,1,0
"74",2020-05-15,0,2,1,0,0,0,0,0,0,0,2,0,0,1,0,6,51,2,0,0,0,0,0,0,0,0,0,6,70,0,0,0,0,0,4,0,0,0,0,1,13,18,0,0,0,0,0,0,0,1,0,0,0,14,0,0,0,0,0,0,0,0,0,0,0,0,0,0,2,0,0
"75",2020-05-16,0,5,0,0,0,0,0,0,0,0,1,0,0,0,0,6,40,1,0,0,0,0,0,1,0,0,0,3,86,0,0,0,0,0,1,0,0,0,0,2,10,14,0,0,0,0,0,0,0,0,0,0,0,12,0,0,0,0,0,0,0,0,0,0,0,0,0,0,1,1,0
"76",2020-05-17,0,5,0,2,0,0,0,0,0,0,0,0,0,0,0,2,22,3,0,0,0,0,0,0,0,0,0,2,87,0,0,1,0,0,2,0,0,0,0,2,4,15,0,0,1,0,0,0,0,0,0,0,0,10,0,0,0,0,0,0,0,0,0,0,0,0,0,0,1,2,0
"77",2020-05-18,0,3,0,0,0,0,0,0,0,0,1,0,0,0,0,4,55,1,0,0,0,0,0,0,1,1,0,6,60,0,0,2,0,0,3,0,0,0,0,2,16,24,1,0,0,1,0,1,0,0,0,0,0,22,0,0,0,0,0,0,0,0,0,1,1,0,0,0,1,0,0
"78",2020-05-19,0,3,0,0,0,0,0,0,0,0,0,0,0,0,1,2,46,3,1,0,0,0,0,0,1,0,0,3,55,0,0,0,0,0,5,0,0,0,0,0,5,20,0,0,0,0,0,0,0,0,0,0,0,14,0,0,0,0,0,0,0,0,0,0,0,0,0,0,1,0,0
"79",2020-05-20,0,3,1,1,0,0,0,0,0,0,1,0,0,0,0,2,44,0,0,0,0,0,0,1,2,0,0,5,72,0,0,4,0,0,5,0,0,0,0,0,8,21,0,0,0,0,0,0,0,0,0,0,0,25,1,0,0,0,0,0,0,0,0,0,0,0,0,0,0,0,0
"80",2020-05-21,0,5,0,0,0,0,0,0,0,0,0,0,1,0,0,3,43,1,0,0,0,0,0,0,1,0,0,7,55,0,0,1,0,0,2,0,0,0,0,0,12,27,0,0,0,1,1,0,0,0,0,0,0,9,1,0,1,0,0,0,0,0,0,0,0,0,0,0,2,0,0
"81",2020-05-22,0,4,0,0,0,0,0,0,0,0,2,0,0,0,0,6,58,4,0,0,0,0,0,0,1,0,0,5,95,0,0,0,0,0,1,0,0,0,0,3,13,19,0,0,0,0,0,0,0,0,0,0,0,14,0,0,1,0,0,0,0,0,0,0,0,0,0,0,0,2,0
"82",2020-05-23,0,1,1,2,0,0,0,0,0,0,0,0,0,1,0,5,50,1,0,0,0,0,0,0,0,0,0,3,79,0,0,0,0,0,1,1,0,0,0,1,6,47,0,0,0,0,0,0,0,0,0,0,0,13,0,0,0,0,0,0,0,0,0,0,0,0,0,0,0,0,0
"83",2020-05-24,0,2,0,1,0,0,0,0,1,0,0,0,0,0,0,4,28,1,0,0,0,0,0,0,0,0,0,5,63,0,0,3,0,0,0,0,0,0,0,0,8,32,0,0,0,1,0,1,0,0,0,0,0,15,1,0,2,0,0,0,0,0,0,0,1,0,0,0,0,1,0
"84",2020-05-25,0,5,0,1,0,0,0,0,0,0,2,0,0,1,0,9,63,0,0,0,0,0,0,2,1,0,0,4,139,0,0,1,0,0,4,0,0,0,0,0,13,36,0,0,0,1,1,0,0,0,0,0,0,13,1,0,2,0,0,0,0,0,0,0,0,0,0,0,1,0,0
"85",2020-05-26,0,6,1,1,0,0,0,0,0,0,0,0,0,0,0,8,57,1,0,1,0,0,0,1,0,0,0,6,64,0,0,1,0,0,1,0,0,0,0,0,8,28,0,0,0,3,0,0,0,0,0,0,0,18,0,0,1,0,0,0,0,0,0,0,0,0,0,0,3,0,0
"86",2020-05-27,1,4,0,1,0,0,0,0,0,0,1,0,0,0,0,0,52,0,0,0,0,1,0,2,2,0,0,4,73,0,0,0,0,0,0,0,0,0,0,0,9,34,0,0,0,1,0,1,0,0,0,0,0,21,1,0,0,0,0,0,0,0,0,0,0,0,0,0,1,1,0
"87",2020-05-28,0,13,0,0,0,0,0,0,0,0,2,0,0,0,0,1,49,2,0,0,0,0,0,1,1,0,0,7,65,0,0,1,0,0,0,0,0,0,0,0,14,28,0,0,0,0,0,0,0,0,1,0,0,19,0,0,0,0,0,0,0,0,0,0,0,0,0,0,1,2,0
"88",2020-05-29,0,4,0,0,0,0,0,0,1,0,0,0,0,0,0,8,41,4,0,0,0,0,0,0,0,0,0,6,74,0,0,2,0,0,0,0,0,0,0,0,11,29,0,0,0,2,3,0,0,0,2,0,0,20,0,0,0,0,0,0,0,0,0,0,0,0,0,0,1,0,1
"89",2020-05-30,0,8,0,0,0,0,0,0,0,0,0,0,0,0,0,10,56,2,0,0,0,1,0,1,2,1,0,4,89,0,0,1,0,0,3,0,0,0,0,1,11,49,0,0,0,2,0,0,0,0,1,0,0,12,1,0,0,0,0,0,0,0,0,0,0,0,0,0,4,0,1
"90",2020-05-31,0,7,1,0,0,0,0,0,0,0,1,0,0,0,0,6,48,1,0,0,0,0,0,0,1,1,0,7,58,0,0,3,0,0,2,0,0,0,0,1,11,33,0,0,0,0,0,0,0,0,1,0,0,9,1,0,0,0,0,0,0,0,0,0,0,0,0,0,1,0,0
"91",2020-06-01,0,7,0,0,0,4,0,0,0,0,0,0,0,0,0,20,63,7,0,0,0,1,0,3,2,1,0,15,119,0,0,3,0,0,7,0,0,1,0,1,17,48,0,0,0,0,1,1,0,0,0,0,0,34,0,0,5,0,0,0,0,0,2,0,1,1,0,0,2,1,0
"92",2020-06-02,0,3,0,1,0,1,0,0,1,0,0,0,0,0,2,14,45,2,0,0,0,0,0,2,1,1,0,8,67,0,0,3,0,0,2,0,0,0,0,0,5,42,0,0,0,0,0,0,0,0,0,0,0,16,0,0,1,0,0,0,0,0,0,0,0,0,0,0,2,0,0
"93",2020-06-03,0,6,0,1,0,0,0,0,0,0,2,0,0,0,0,8,43,1,0,0,0,0,0,1,1,0,0,7,77,0,0,2,0,0,1,0,1,0,0,0,3,35,0,0,0,0,0,0,0,0,1,0,0,13,1,0,3,0,0,0,0,0,0,0,0,0,0,0,1,0,1
"94",2020-06-04,0,5,0,1,0,2,0,0,0,0,0,0,0,0,0,12,47,0,0,0,0,0,0,3,0,0,0,9,79,1,0,1,0,1,0,0,1,1,0,1,5,20,0,0,0,1,0,1,0,0,0,0,0,18,1,0,2,0,0,0,0,0,0,0,0,0,0,0,0,0,0
"95",2020-06-05,0,7,1,0,0,3,0,0,0,0,1,0,0,1,1,9,46,4,0,0,0,0,0,1,2,1,0,12,88,0,0,0,0,1,4,0,0,0,0,0,10,47,0,0,0,0,0,0,0,0,1,0,0,18,0,0,8,0,0,0,0,0,0,0,0,0,0,0,0,0,0
"96",2020-06-06,0,6,1,1,0,0,0,0,0,0,0,0,0,0,1,16,33,1,0,0,0,0,0,3,5,1,0,6,105,0,0,2,0,0,7,0,0,0,1,0,10,31,0,0,0,5,1,0,0,0,1,0,0,14,1,0,2,0,0,0,0,0,0,0,0,0,0,0,1,0,0
"97",2020-06-07,0,5,0,1,0,0,0,0,0,1,0,0,0,1,0,11,41,2,0,0,0,0,0,4,1,0,0,10,102,0,0,5,0,1,1,0,0,0,0,0,10,40,0,0,0,0,0,0,0,0,1,0,0,7,0,0,0,0,0,0,0,0,0,0,0,0,0,0,0,0,0
"98",2020-06-08,0,6,1,0,0,0,0,0,0,2,1,0,0,0,1,16,63,1,0,0,0,0,0,2,2,1,0,18,107,0,0,4,0,1,3,0,0,0,0,0,10,42,0,0,0,2,0,0,0,0,0,0,0,18,2,0,2,0,0,0,0,0,1,0,0,0,0,0,0,2,0
"99",2020-06-09,0,9,0,1,0,0,0,0,0,0,0,0,0,0,0,9,37,2,0,0,0,0,0,4,0,0,0,19,104,0,0,4,0,0,3,0,1,0,1,0,2,24,0,0,0,1,0,0,0,0,0,0,0,10,0,0,0,0,0,0,0,0,1,0,0,0,0,0,0,2,0
"100",2020-06-10,0,9,0,1,0,0,0,0,0,1,0,0,0,0,0,12,37,2,0,0,0,0,0,5,2,1,0,16,110,0,0,2,0,1,5,0,0,0,0,0,13,37,0,0,0,0,2,0,0,0,0,0,0,21,0,0,0,0,1,0,0,0,0,0,0,0,0,0,2,1,2
"101",2020-06-11,0,3,2,0,0,0,0,0,0,0,1,0,1,0,0,10,31,4,0,0,0,0,0,4,3,0,0,10,88,0,0,4,0,0,1,0,1,0,0,1,8,34,0,0,0,0,0,0,0,0,0,0,0,12,0,0,1,0,0,0,0,0,0,0,0,0,0,0,2,1,0
"102",2020-06-12,0,11,3,0,0,0,0,0,0,1,0,0,1,0,0,14,34,3,0,0,0,0,1,2,1,0,0,10,96,0,0,5,0,0,2,0,0,0,1,0,9,58,0,0,0,2,3,0,0,0,0,0,0,13,1,0,0,0,0,0,0,0,0,0,0,0,0,0,0,0,0
"103",2020-06-13,0,7,0,1,0,0,0,0,0,1,1,0,0,0,0,17,23,1,0,0,0,0,0,2,1,0,1,12,116,0,0,5,0,0,2,0,0,0,0,0,9,26,0,0,0,0,0,0,0,0,1,0,0,13,1,0,5,0,0,0,0,0,0,0,0,0,0,1,1,0,1
"104",2020-06-14,0,9,1,1,0,0,0,0,0,1,0,0,1,0,1,21,33,6,0,0,0,1,0,1,0,0,1,13,106,0,0,1,0,1,3,0,0,0,0,0,14,42,0,0,0,0,3,0,0,0,0,0,0,17,0,0,1,0,0,0,0,1,0,0,0,0,0,0,1,2,0
"105",2020-06-15,0,10,2,0,0,1,0,0,0,1,1,0,0,0,1,14,56,3,0,0,0,1,0,2,2,0,0,16,141,0,0,5,0,0,1,0,0,0,0,0,12,52,1,0,0,3,0,0,0,1,0,0,0,18,0,0,0,0,0,0,0,1,1,0,0,0,0,0,4,0,0
"106",2020-06-16,0,8,2,1,0,0,0,0,0,0,1,0,0,0,0,11,37,5,0,0,0,1,1,2,3,1,1,10,116,0,0,7,0,1,3,0,1,0,0,0,9,31,0,0,0,0,1,0,0,0,1,0,0,16,0,0,0,0,0,0,0,0,1,0,0,1,0,0,1,1,0
"107",2020-06-17,0,16,2,0,0,1,0,0,0,5,0,0,0,0,1,6,34,1,0,0,0,0,0,3,0,0,0,11,97,0,0,1,0,0,4,0,0,0,0,1,14,29,0,0,0,0,7,0,0,0,0,0,0,12,0,0,2,0,0,0,0,0,0,0,0,0,0,0,2,0,1
"108",2020-06-18,0,8,0,1,0,0,0,0,0,0,1,0,2,0,0,15,32,5,0,0,0,0,0,3,1,0,0,14,117,0,0,3,0,1,1,0,1,0,0,0,13,40,0,0,0,1,1,0,0,0,0,0,0,21,0,0,1,1,0,0,0,0,0,0,1,1,0,0,0,0,0
"109",2020-06-19,0,10,1,0,0,0,0,0,0,1,1,0,1,0,0,15,47,5,0,0,0,0,0,1,1,0,0,15,131,0,0,4,0,0,2,0,0,0,1,1,13,33,0,0,0,4,1,0,0,0,0,0,0,20,0,0,2,0,0,0,0,0,0,0,0,0,0,0,1,0,1
"110",2020-06-20,0,10,2,1,0,0,0,0,0,0,0,0,0,0,2,30,58,5,0,0,0,0,0,5,1,0,1,16,185,0,0,4,0,0,4,0,0,0,0,1,17,43,0,0,0,0,1,0,0,0,0,0,0,31,0,0,3,0,0,0,0,0,0,0,1,0,0,0,1,1,0
"111",2020-06-21,0,6,1,2,0,0,0,0,0,0,3,0,0,0,0,11,39,2,0,0,0,1,0,4,4,0,0,13,132,0,0,3,0,1,4,0,0,2,0,0,15,27,0,0,0,1,6,0,0,0,0,0,0,17,0,0,3,0,0,0,0,0,0,0,0,0,0,0,1,0,0
"112",2020-06-22,0,19,1,0,0,0,0,1,0,0,1,0,0,0,0,26,38,9,0,0,0,0,0,2,3,0,0,15,170,0,0,2,0,1,2,0,0,0,0,0,18,46,0,0,0,0,0,0,2,0,0,0,0,29,0,0,2,0,0,0,0,0,0,0,1,1,0,0,1,0,0
"113",2020-06-23,1,2,1,0,0,0,0,0,0,1,0,0,0,0,1,16,37,1,0,0,0,0,0,7,2,1,0,15,138,0,0,5,0,0,5,0,0,0,0,2,20,36,0,0,0,2,0,0,1,0,1,0,0,19,0,0,3,0,0,0,0,0,0,0,2,0,0,0,0,0,1
"114",2020-06-24,0,8,0,0,0,0,0,0,0,0,2,0,0,0,0,7,34,1,0,0,0,0,0,8,2,0,0,29,152,0,0,5,0,0,1,0,1,0,1,0,24,24,0,0,0,0,2,0,0,0,0,1,0,18,0,0,0,0,0,0,0,0,0,0,1,0,0,0,0,0,0
"115",2020-06-25,0,22,1,0,0,0,0,0,0,0,1,0,0,0,0,13,57,3,0,0,0,0,0,5,2,0,0,34,222,0,0,7,1,3,11,0,1,1,0,0,11,39,0,0,0,0,3,0,0,0,0,0,0,25,0,0,8,0,0,0,0,0,0,0,1,0,0,0,0,0,0
"116",2020-06-26,0,17,2,0,0,0,0,0,0,0,2,0,0,0,1,28,69,3,0,0,0,0,0,2,3,0,0,19,215,0,1,5,0,0,13,0,1,2,0,0,14,49,0,0,0,4,1,0,1,0,0,0,0,21,0,0,2,0,0,0,0,0,0,0,0,0,0,0,1,1,3
"117",2020-06-27,0,11,1,0,0,0,0,0,0,0,0,0,0,0,0,23,34,8,0,0,0,0,0,4,2,0,0,27,167,0,0,3,0,1,3,0,0,0,0,0,15,30,0,0,0,2,2,0,0,0,0,0,0,17,0,0,2,0,0,0,0,0,0,0,2,0,0,1,0,0,1
"118",2020-06-28,0,19,1,0,0,0,0,0,0,0,1,0,0,0,0,17,51,15,0,0,1,1,0,3,2,0,0,23,210,0,0,4,0,2,5,0,1,0,1,1,15,35,0,0,0,1,1,0,0,0,1,0,0,11,0,0,0,0,0,0,0,0,0,0,1,0,0,2,2,0,0
"119",2020-06-29,0,19,3,2,0,0,0,0,0,0,1,0,0,0,1,11,73,4,0,0,0,0,0,6,1,0,0,22,211,0,0,4,0,0,4,0,0,0,0,1,11,24,0,0,0,1,0,0,0,1,0,0,0,16,0,0,1,0,0,0,0,0,0,0,0,0,0,0,0,2,1
"120",2020-06-30,1,23,0,1,0,0,0,0,0,0,3,0,1,0,0,28,67,4,0,0,0,0,0,3,4,0,0,15,269,0,0,5,0,1,4,0,0,0,0,0,19,31,0,0,0,5,4,0,0,0,0,0,0,18,0,0,0,0,0,0,0,0,0,0,1,0,0,1,0,0,0
"121",2020-07-01,0,32,1,1,0,0,0,0,0,1,1,0,0,0,0,24,82,25,0,0,0,0,0,4,3,0,0,38,349,0,0,23,0,1,6,0,1,1,0,5,26,38,0,0,0,3,6,0,0,3,1,0,0,25,0,0,1,1,0,0,0,0,0,0,0,0,0,1,0,0,0
"122",2020-07-02,1,18,1,0,0,0,0,0,0,0,0,0,3,0,1,26,64,15,0,0,0,0,0,3,3,0,0,22,215,0,0,8,0,0,3,0,2,0,0,1,19,28,0,0,0,2,2,0,0,1,0,0,0,9,0,0,2,0,0,0,0,0,0,0,1,0,0,0,2,0,0
"123",2020-07-03,0,19,1,0,0,0,0,0,0,0,0,0,1,0,0,31,60,8,0,0,0,1,0,0,2,0,0,21,241,0,0,3,0,0,5,0,0,1,0,0,25,21,0,0,0,2,2,0,0,1,0,0,0,14,0,0,2,0,0,0,0,0,0,0,2,0,0,1,3,0,1
"124",2020-07-04,0,7,1,0,0,0,0,0,0,0,2,0,1,0,1,25,35,9,0,0,0,0,1,3,1,0,0,27,155,0,0,5,0,0,5,0,0,1,0,1,23,26,0,0,0,3,3,0,0,2,0,0,0,11,0,0,1,0,0,0,0,0,0,0,1,0,0,2,1,1,1
"125",2020-07-05,1,12,2,0,0,0,0,0,0,0,1,0,0,0,0,27,37,5,0,0,0,0,0,4,2,0,0,39,196,0,0,5,0,0,3,0,1,0,0,0,19,31,0,0,0,2,1,0,0,1,0,0,0,22,0,0,1,0,0,0,0,0,0,0,1,0,0,0,1,0,0
"126",2020-07-06,0,8,2,0,0,0,0,0,0,0,2,0,2,0,0,16,41,1,0,0,0,1,0,5,7,0,0,28,168,0,0,10,0,2,4,0,1,0,0,1,17,23,0,0,0,0,1,0,0,1,0,0,1,16,0,0,3,0,0,0,0,0,0,0,1,0,0,1,1,2,0
"127",2020-07-07,0,7,0,0,0,0,0,0,0,0,0,0,1,0,0,16,34,0,0,0,0,0,0,7,2,0,0,24,171,0,0,9,0,0,3,0,0,0,0,1,14,26,0,0,0,2,0,0,0,1,0,0,2,21,0,0,2,0,0,0,0,0,0,0,0,0,0,2,1,1,2
"128",2020-07-08,0,5,1,0,0,0,0,0,0,0,0,0,0,0,0,7,22,8,0,0,0,0,1,5,3,0,0,16,163,0,0,11,0,0,1,0,0,0,0,1,24,16,0,0,0,0,2,0,0,0,0,0,0,14,0,0,0,0,0,0,0,0,0,0,1,0,0,1,0,0,0
"129",2020-07-09,0,12,0,0,0,0,0,0,0,0,0,0,0,0,0,21,22,9,1,1,0,1,0,7,1,0,0,31,162,0,0,4,0,0,2,0,0,0,0,0,13,15,0,0,0,0,1,0,0,2,0,0,0,23,0,0,0,0,0,0,0,0,0,0,1,0,1,2,1,0,2
"130",2020-07-10,0,2,0,0,0,0,0,0,0,0,1,0,1,0,0,31,41,10,0,0,0,0,0,12,6,0,0,44,223,0,0,5,0,1,11,0,0,0,0,0,27,25,0,0,0,1,2,0,0,4,0,0,0,29,0,0,1,0,0,0,0,0,0,0,0,0,0,0,1,0,0
"131",2020-07-11,0,9,0,0,0,0,0,0,0,0,0,0,0,0,0,23,25,7,0,0,0,0,0,5,0,0,0,37,165,0,0,2,0,0,1,0,0,0,0,1,24,7,0,0,0,1,4,0,0,1,0,0,0,13,0,0,0,0,0,0,0,0,0,0,0,0,0,1,0,0,1
"132",2020-07-12,0,4,0,0,0,0,0,0,0,0,1,0,3,0,0,12,24,6,0,0,0,0,0,10,3,0,0,24,144,0,0,7,0,0,1,0,0,0,0,1,16,15,0,0,0,1,0,0,0,0,0,0,0,4,1,0,1,0,0,0,0,0,0,0,0,0,0,0,0,0,0
"133",2020-07-13,0,12,0,1,0,0,0,0,0,0,0,0,4,0,0,10,32,7,0,0,0,0,0,6,2,0,0,19,157,0,0,11,0,1,3,0,1,0,0,1,13,16,0,0,0,0,0,0,0,0,0,0,0,17,0,0,0,0,0,0,0,0,0,1,0,0,0,0,0,1,0
"134",2020-07-14,0,6,0,0,0,0,0,0,0,0,1,0,0,0,0,11,49,1,0,0,0,0,0,6,2,0,0,21,108,0,0,13,0,1,2,0,0,0,0,1,10,15,0,0,0,4,2,0,0,0,0,0,0,9,0,0,0,0,0,0,0,0,0,2,1,0,0,0,0,0,1
"135",2020-07-15,0,9,0,0,0,0,0,0,0,0,1,0,1,0,0,12,54,0,0,0,0,0,0,11,2,0,0,25,147,0,0,13,0,0,6,0,0,0,0,0,18,25,0,0,0,2,3,0,0,0,0,0,0,14,0,0,2,0,0,0,0,0,0,0,0,0,0,1,0,2,2
"136",2020-07-16,0,9,0,1,0,0,0,0,0,0,3,0,1,0,0,14,41,5,0,0,0,0,0,5,1,0,0,13,181,0,0,10,0,1,0,0,0,0,0,0,17,12,0,0,0,2,0,0,0,1,0,0,0,14,0,0,2,0,0,0,0,0,0,1,0,0,0,1,0,1,2
"137",2020-07-17,0,9,0,0,0,0,0,0,0,0,0,0,0,0,0,13,32,3,0,0,0,0,0,4,3,0,0,30,148,0,0,5,0,2,3,0,0,0,0,1,28,8,0,0,0,2,2,0,0,0,0,0,0,13,0,0,0,0,0,0,0,0,0,0,0,0,0,2,1,1,4
"138",2020-07-18,0,4,0,0,0,0,0,0,0,0,1,0,0,0,0,20,43,4,0,0,0,1,0,6,4,0,0,29,175,0,0,5,0,0,2,0,0,0,0,0,26,6,0,0,0,3,3,0,0,0,0,0,0,15,0,0,0,0,0,0,0,0,0,0,0,0,0,2,3,1,0
"139",2020-07-19,0,5,1,0,0,0,0,0,0,0,2,0,0,0,0,21,27,8,0,0,0,0,0,10,5,0,0,19,205,0,0,10,0,0,2,0,0,0,0,1,11,4,0,0,0,5,5,0,0,0,0,0,0,16,0,0,0,0,0,0,0,0,0,0,0,0,0,0,3,2,3
"140",2020-07-20,0,5,1,0,0,0,0,0,0,0,1,0,0,0,0,13,42,4,0,0,0,0,0,14,4,1,0,26,207,0,0,10,0,2,8,0,0,0,0,1,15,17,0,0,0,3,0,0,0,0,0,0,0,25,0,0,0,0,0,0,0,0,0,0,1,0,0,0,1,0,6
"141",2020-07-21,0,2,1,1,0,0,0,0,0,1,1,0,0,0,0,19,44,7,0,0,0,0,0,8,4,1,0,13,154,0,0,6,0,0,2,0,0,0,0,0,18,13,1,0,0,0,0,0,0,0,0,0,0,5,0,0,2,0,0,0,0,0,0,0,0,0,0,0,1,4,0
"142",2020-07-22,0,2,0,0,0,0,0,0,0,0,2,0,0,0,0,17,29,4,0,0,0,0,0,8,4,0,0,16,120,0,0,6,0,0,3,0,0,0,0,0,14,7,0,0,0,1,2,0,0,0,0,1,0,15,0,0,0,0,1,0,0,0,0,0,0,0,0,0,1,2,0
"143",2020-07-23,0,2,0,1,0,0,0,0,0,0,3,0,1,0,0,11,30,5,0,0,0,0,0,12,7,0,0,25,121,0,0,9,0,1,1,0,0,0,0,0,20,10,0,0,1,0,2,0,0,1,0,0,0,13,0,0,0,0,0,0,1,0,0,0,1,0,0,0,0,2,2
"144",2020-07-24,0,2,0,0,0,0,0,0,0,0,0,0,0,0,0,12,33,6,0,0,0,0,0,12,4,0,0,31,175,0,0,4,0,1,2,0,2,0,0,0,12,6,0,0,0,0,2,0,0,1,0,0,0,14,0,0,2,0,0,0,0,0,0,0,0,1,0,0,0,4,0
"145",2020-07-25,0,3,1,0,0,0,0,0,0,1,3,1,0,0,1,11,52,5,0,0,0,0,0,24,9,0,0,38,163,0,0,5,0,2,3,0,0,0,0,0,22,9,1,0,0,0,3,0,0,0,0,1,0,15,0,0,0,0,0,0,0,0,0,0,0,0,0,0,0,3,6
"146",2020-07-26,0,6,0,0,0,0,0,0,0,0,10,0,0,0,0,16,38,9,0,0,0,0,0,13,4,0,0,37,165,0,0,6,0,0,2,0,0,0,0,0,29,10,0,0,0,0,3,0,0,1,0,0,0,16,0,0,0,0,0,0,0,0,0,0,0,0,0,0,0,1,3
"147",2020-07-27,0,8,0,0,0,0,0,0,0,0,10,0,0,0,0,16,39,8,0,0,0,0,0,12,3,0,0,31,201,0,0,6,0,0,0,0,0,0,0,1,9,12,1,0,0,1,2,0,0,1,0,0,0,11,0,0,2,0,0,0,0,0,0,0,0,0,0,0,0,6,0
"148",2020-07-28,0,4,0,1,0,0,0,0,0,0,8,0,0,0,1,11,37,1,0,0,0,0,0,11,5,0,0,33,118,0,0,9,0,0,1,0,0,1,0,0,5,8,1,0,0,1,1,0,1,3,0,0,0,9,0,0,0,0,0,0,0,0,0,0,0,0,0,0,0,0,2
"149",2020-07-29,0,9,0,0,0,0,0,0,0,0,4,0,0,0,0,9,30,6,0,0,0,0,0,7,4,0,0,8,96,0,0,12,0,0,2,0,0,0,0,1,13,10,0,0,0,1,1,0,0,2,0,0,0,6,0,0,0,0,0,0,0,0,0,0,0,0,0,0,0,1,4
"150",2020-07-30,0,10,0,0,0,0,0,0,0,0,4,0,0,0,0,10,37,1,0,0,0,0,0,9,4,0,0,24,94,0,0,5,0,1,1,0,0,0,0,0,13,5,0,0,0,0,0,0,1,0,0,0,0,13,0,0,2,0,0,0,0,0,0,0,2,0,0,0,3,4,4
"151",2020-07-31,0,4,0,0,0,0,0,0,0,0,3,0,0,0,0,5,25,4,0,0,0,0,0,9,5,0,0,26,149,0,0,2,0,1,3,0,0,0,0,1,6,6,0,0,0,0,1,0,0,0,0,0,0,10,0,0,1,0,0,0,0,0,0,0,0,0,0,0,0,1,1
"152",2020-08-01,1,4,0,0,0,0,0,0,0,0,2,1,0,0,0,10,44,6,0,0,0,1,0,5,5,0,0,29,204,0,0,5,0,0,3,0,0,0,0,1,19,25,0,0,0,0,3,0,0,3,0,1,0,27,0,0,1,0,0,0,0,0,0,0,0,0,0,0,3,2,4
"153",2020-08-02,0,0,1,0,0,0,0,0,0,0,5,0,0,0,1,6,19,10,0,0,0,0,0,4,2,0,0,16,125,0,0,4,0,0,1,0,0,0,0,0,11,8,0,0,0,0,3,0,0,1,0,0,0,11,0,0,1,0,0,0,0,0,0,0,0,0,0,0,0,2,4
"154",2020-08-03,0,6,0,0,0,0,0,0,0,0,5,0,0,0,1,10,37,1,0,0,0,0,0,1,3,0,0,18,145,0,0,6,0,1,3,0,0,0,0,2,16,8,0,0,0,1,0,0,0,0,0,0,0,6,0,0,0,0,0,0,0,0,0,0,0,0,0,0,0,1,2
"155",2020-08-04,0,6,0,1,0,0,0,0,0,0,4,0,0,0,0,11,32,1,0,0,0,1,0,0,2,0,0,17,68,0,0,3,0,2,1,0,1,0,0,1,9,5,0,0,0,5,0,1,0,1,0,0,0,5,1,0,0,0,0,0,0,0,0,0,0,0,0,0,2,3,1
"156",2020-08-05,0,7,0,0,0,0,0,0,0,0,1,0,0,0,0,9,37,4,1,0,0,0,0,13,6,0,0,13,101,0,1,0,0,0,1,0,1,0,0,0,6,9,0,0,0,2,0,0,0,2,0,0,0,3,0,0,1,0,0,0,0,0,0,0,0,0,0,0,1,0,6
"157",2020-08-06,2,10,0,0,0,0,0,0,0,0,0,0,0,0,0,5,41,2,0,0,0,0,0,3,7,0,0,26,137,0,0,6,0,0,1,0,0,0,0,0,0,6,0,0,0,0,4,0,0,0,0,0,0,8,0,0,0,0,0,1,0,0,0,0,0,0,0,0,0,0,0
"158",2020-08-07,1,2,1,0,0,0,0,0,0,0,0,0,1,0,0,14,26,7,0,0,0,0,0,7,4,0,0,22,123,0,0,2,0,0,1,0,0,0,0,0,7,4,0,0,0,0,2,0,0,0,0,0,0,10,0,0,1,0,0,0,0,0,0,0,0,0,0,0,1,0,0
"159",2020-08-08,0,1,0,0,0,0,0,0,0,0,1,0,0,0,0,6,26,5,0,0,0,0,0,6,2,0,0,17,146,0,0,3,0,3,0,0,0,0,0,1,7,7,0,0,0,0,0,0,0,1,0,0,0,3,0,0,0,0,0,0,0,0,0,0,0,0,0,0,1,1,0
"160",2020-08-09,0,0,0,0,0,0,0,0,0,0,7,0,0,0,0,16,20,2,0,0,0,0,0,13,0,0,0,8,158,0,0,4,0,1,3,0,0,0,0,0,13,5,0,0,0,0,3,0,0,0,0,0,0,7,0,0,0,0,0,0,0,0,0,0,0,0,0,0,0,1,0
"161",2020-08-10,0,1,1,0,0,0,0,0,0,0,7,0,0,0,0,10,61,6,2,0,0,0,0,52,4,0,0,20,213,0,0,3,0,0,2,0,0,0,0,1,11,18,0,0,0,0,1,0,0,1,1,0,0,14,0,0,0,0,0,0,0,0,0,0,0,0,0,0,0,2,1
"162",2020-08-11,0,2,1,0,0,0,0,0,0,0,3,0,0,0,0,9,27,2,0,0,0,0,0,11,2,0,0,6,125,0,0,2,0,0,0,0,0,0,0,0,3,3,0,0,0,0,1,0,0,1,0,0,0,6,0,0,0,0,0,0,0,0,0,0,0,0,0,0,0,2,1
"163",2020-08-12,0,1,0,0,0,0,0,0,0,0,3,0,0,0,0,6,25,2,0,0,0,0,0,13,3,0,0,11,122,0,0,4,0,0,2,0,0,0,0,0,5,8,0,0,0,0,1,0,0,0,0,0,0,12,0,0,0,0,0,0,0,0,0,0,0,0,0,1,0,0,0
"164",2020-08-13,1,0,2,0,0,0,0,0,0,0,0,0,0,0,0,5,29,2,0,0,0,0,0,9,3,0,0,14,74,0,0,4,0,0,1,0,0,0,0,0,6,7,0,0,0,0,2,0,0,0,0,0,0,14,0,0,0,0,0,0,0,0,0,0,0,0,0,0,0,1,1
"165",2020-08-14,0,1,0,0,0,0,0,0,0,0,1,0,0,0,0,9,34,1,1,0,0,0,0,9,3,0,0,9,82,0,0,3,0,0,1,0,0,0,0,0,16,7,0,0,0,2,3,0,0,0,0,0,0,19,0,0,1,0,0,0,0,0,0,0,0,0,0,0,0,1,0
"166",2020-08-15,0,4,0,0,0,0,0,0,0,0,0,0,0,0,1,14,29,1,0,0,0,0,0,15,3,0,0,25,86,0,0,3,0,0,0,0,0,0,0,0,14,10,0,0,0,0,4,0,0,0,0,0,0,19,0,0,1,0,0,0,0,0,0,0,0,0,0,0,0,0,1
"167",2020-08-16,0,2,1,0,0,0,0,0,0,0,3,0,0,0,0,4,16,1,0,0,0,0,0,4,3,0,0,7,74,0,0,2,0,1,0,0,0,0,0,0,15,13,0,0,0,3,3,0,0,0,0,0,0,14,0,0,1,0,0,0,0,0,0,0,2,0,0,0,0,0,1
"168",2020-08-17,0,6,0,0,0,0,0,0,0,0,0,0,0,0,0,5,36,3,0,0,0,0,0,4,3,0,0,11,64,0,0,0,0,1,1,0,0,1,0,1,9,19,0,0,0,0,1,0,0,0,0,0,0,19,0,0,0,0,0,0,0,0,0,0,0,0,0,0,0,2,0
"169",2020-08-18,0,2,1,0,0,0,0,0,0,0,0,0,0,0,0,8,24,5,0,0,0,0,1,8,3,0,0,11,75,0,0,4,0,3,1,0,1,0,0,1,5,10,0,0,0,0,3,0,0,1,0,0,0,16,0,0,0,0,0,0,1,0,0,0,0,0,0,0,0,0,0
"170",2020-08-19,0,3,0,0,0,0,0,0,0,0,0,0,0,0,0,7,36,0,0,0,0,0,0,5,5,0,0,9,87,0,0,3,0,0,1,0,0,0,0,0,8,5,0,0,0,0,1,0,0,0,0,0,0,28,0,0,0,0,0,0,0,0,0,0,0,0,0,0,0,0,1
"171",2020-08-20,0,4,1,1,0,0,0,0,0,0,0,0,0,0,0,17,33,1,0,0,0,0,0,5,5,0,0,26,94,0,0,9,0,3,3,0,0,0,0,0,12,9,0,0,0,0,7,0,0,0,0,0,0,19,0,0,1,0,0,0,0,0,4,0,1,0,0,0,1,0,1
"172",2020-08-21,0,3,0,0,0,0,0,0,0,0,1,0,0,0,0,9,27,2,0,0,0,0,0,2,1,0,0,8,96,0,0,4,0,0,1,0,1,0,0,1,11,10,0,0,0,0,3,0,0,0,0,0,0,11,0,0,0,0,0,0,0,0,0,0,0,0,0,0,0,2,0
"173",2020-08-22,0,1,0,0,0,0,0,0,0,0,1,0,0,0,0,14,16,0,0,0,0,0,0,1,2,0,0,24,80,0,0,1,0,0,0,0,0,0,0,0,9,5,0,0,0,0,3,0,0,0,0,0,0,9,0,0,0,0,0,0,0,0,0,0,0,0,0,0,0,0,0
"174",2020-08-23,0,3,0,0,0,0,0,0,0,0,0,0,0,0,0,10,15,1,0,0,0,0,0,2,2,0,0,16,95,0,0,5,0,0,0,0,0,0,0,0,8,3,0,0,0,0,1,0,0,0,0,0,0,12,0,0,1,0,0,0,0,0,0,0,0,0,0,0,1,0,0
"175",2020-08-24,1,3,0,2,0,0,0,0,0,0,1,0,0,0,0,8,23,0,0,0,0,0,0,1,5,0,0,10,83,0,0,2,0,2,0,0,0,0,0,0,16,2,0,0,0,1,1,0,0,1,0,0,0,7,0,0,0,0,0,0,0,0,0,0,0,0,0,0,2,0,1
"176",2020-08-25,0,3,1,0,0,0,0,0,0,0,1,0,0,0,1,5,35,2,0,0,0,1,0,0,2,0,0,12,68,0,0,2,0,0,1,0,0,0,0,0,8,3,0,0,0,0,1,0,0,0,0,0,0,7,0,0,2,0,0,0,0,0,0,0,0,0,0,0,1,1,0
"177",2020-08-26,0,3,0,1,0,0,0,0,0,0,0,0,0,0,0,5,32,0,0,0,0,0,0,0,0,0,0,15,82,0,0,11,0,1,0,0,0,0,0,0,2,1,0,0,0,0,2,0,0,0,0,0,0,9,0,0,1,0,0,0,0,0,0,0,0,0,0,0,0,2,0
"178",2020-08-27,0,2,0,0,0,0,0,0,0,0,0,0,0,0,0,5,28,1,0,0,0,0,0,1,2,0,0,10,97,0,0,4,0,0,1,0,0,0,0,0,7,5,0,0,0,0,3,0,0,0,0,0,0,1,0,0,0,0,0,0,0,0,0,0,0,0,0,0,0,0,0
"179",2020-08-28,0,1,1,0,0,0,0,0,0,0,0,0,0,0,0,17,20,7,0,0,0,0,0,2,4,0,0,16,83,0,0,6,0,0,0,0,0,0,0,2,6,6,0,0,0,0,2,0,0,0,0,0,0,8,1,0,1,0,0,0,0,0,0,0,0,0,2,0,5,0,0
"180",2020-08-29,0,3,0,0,0,0,0,0,0,0,0,0,0,0,0,6,6,0,0,0,0,0,0,1,3,0,0,7,91,0,0,6,0,2,0,0,0,0,0,0,9,1,0,0,0,0,1,0,0,0,0,0,0,7,0,0,0,0,0,0,0,0,0,0,1,0,0,0,0,1,0
"181",2020-08-30,0,0,0,0,0,0,0,0,0,0,0,0,0,0,0,8,19,4,0,0,0,0,0,0,6,0,0,18,45,0,0,2,0,0,2,0,0,1,0,0,12,3,0,0,0,7,1,0,0,0,0,0,0,10,0,0,0,0,0,0,0,0,0,0,0,0,0,0,0,1,0
"182",2020-08-31,0,0,1,0,0,0,0,0,0,0,0,0,0,0,0,4,15,2,0,0,0,0,0,8,5,0,0,10,39,0,0,5,0,1,0,0,0,1,0,1,7,5,0,0,0,0,2,0,0,1,0,0,0,7,0,0,0,0,0,0,0,0,0,0,0,0,0,0,0,2,1
"183",2020-09-01,1,0,0,0,0,0,0,0,0,0,0,0,0,0,0,9,18,1,0,0,0,0,0,3,9,0,0,2,104,0,0,11,0,0,0,0,0,0,0,0,11,6,0,0,0,2,1,0,0,0,0,0,0,14,0,0,1,0,0,0,0,0,0,0,1,0,0,0,4,2,1
"184",2020-09-02,0,0,0,0,0,0,0,0,0,0,2,0,0,0,0,7,12,0,0,0,0,0,0,1,5,0,0,11,69,0,0,10,0,0,0,0,0,0,0,0,5,1,0,0,0,0,4,0,0,0,0,0,0,7,0,0,0,0,0,0,0,0,0,0,0,0,0,0,1,0,0
"185",2020-09-03,0,0,0,0,0,0,0,0,0,0,0,0,0,0,0,6,9,0,0,0,0,0,0,1,2,0,0,14,60,0,0,3,0,0,1,0,0,0,0,0,6,3,0,0,0,1,1,0,0,0,0,0,0,4,0,0,1,0,0,0,0,0,0,0,0,0,0,0,0,1,0
"186",2020-09-04,0,0,0,0,0,0,0,0,0,0,0,0,0,0,0,2,8,1,0,0,0,0,0,1,5,0,0,5,52,0,0,10,0,1,0,0,0,0,0,2,6,4,0,0,0,0,10,0,0,0,1,0,0,7,0,0,0,0,0,0,0,0,0,0,0,0,0,0,0,1,0
"187",2020-09-05,0,0,0,0,0,0,0,0,0,0,1,0,0,0,0,4,16,3,0,0,0,0,0,2,11,0,1,11,89,0,0,9,0,1,3,0,0,0,0,1,6,6,0,0,0,0,10,0,0,0,1,0,0,9,0,0,1,0,0,0,0,0,1,0,0,0,0,0,1,2,0
"188",2020-09-06,0,0,2,2,0,0,0,0,0,0,0,0,0,0,0,3,19,2,0,0,0,0,0,0,4,0,0,15,72,0,0,7,0,1,2,0,0,0,0,1,0,4,0,0,0,0,17,0,0,0,0,0,0,3,0,0,1,0,0,0,0,0,0,0,0,0,0,0,1,0,2
"189",2020-09-07,0,1,1,1,0,0,0,0,0,1,1,0,0,0,0,2,25,2,0,0,0,1,0,0,4,1,0,8,89,0,0,4,0,0,0,0,0,0,0,2,8,4,0,0,0,0,3,0,0,0,0,0,0,1,0,0,0,0,0,0,0,0,0,0,0,0,0,0,0,1,4
"190",2020-09-08,0,3,0,0,0,0,0,0,0,0,0,0,0,0,0,2,8,2,0,0,0,0,0,1,4,0,0,3,73,0,0,2,0,0,0,0,1,0,0,0,6,3,0,0,0,0,2,0,0,0,0,0,0,3,0,0,0,0,0,0,0,0,0,0,1,0,0,0,0,0,0
"191",2020-09-09,1,2,0,0,0,0,0,0,0,0,0,0,0,0,0,7,15,0,0,0,0,0,0,0,1,0,0,4,63,0,0,3,0,0,0,0,0,0,0,4,6,3,0,0,0,0,0,0,0,0,1,0,0,0,0,0,0,0,0,0,0,0,0,0,0,0,0,0,1,2,0
"192",2020-09-10,0,1,1,0,0,0,0,0,0,0,0,0,0,0,0,4,17,1,0,0,0,0,0,1,8,0,0,8,58,0,0,5,0,0,1,0,0,0,0,3,9,8,0,0,0,0,2,0,0,0,0,0,0,3,0,0,0,0,0,0,0,0,0,0,1,0,0,0,0,0,0
"193",2020-09-11,0,0,0,0,0,0,0,0,0,0,0,0,0,0,0,10,18,6,0,0,2,0,0,1,6,0,0,14,121,0,0,2,0,0,4,0,0,0,0,0,4,3,0,0,0,1,1,0,0,0,0,0,0,3,0,0,0,0,0,0,0,0,0,0,0,0,0,0,0,1,0
"194",2020-09-12,0,1,2,0,0,0,0,0,0,1,0,0,0,0,0,9,6,0,0,0,0,0,0,0,4,0,0,10,42,0,0,5,0,0,0,0,0,0,0,0,6,3,0,0,0,1,1,0,0,0,0,0,0,4,0,0,0,0,0,0,0,0,0,0,0,0,0,0,0,1,0
"195",2020-09-13,2,0,0,0,0,0,0,0,0,0,0,0,1,0,0,3,10,1,0,0,0,0,0,0,6,0,0,2,46,0,0,4,0,0,3,0,0,0,0,0,4,7,0,0,0,0,2,0,0,0,0,0,0,2,0,0,0,0,0,0,0,0,0,0,0,0,0,0,0,2,0
"196",2020-09-14,0,3,0,0,0,0,0,0,0,0,0,0,0,0,0,6,14,2,0,0,0,0,0,0,1,0,0,7,88,0,0,2,0,0,0,0,0,0,0,0,7,10,0,0,0,1,1,0,0,0,0,0,0,4,0,0,0,0,0,0,0,0,0,0,0,0,0,0,2,3,1
"197",2020-09-15,0,0,0,0,0,0,0,0,0,0,1,0,1,0,0,5,13,2,0,0,0,0,0,4,4,0,0,9,85,0,0,8,0,0,1,0,0,0,0,1,8,9,0,0,0,0,4,0,0,0,0,0,0,0,0,0,0,0,0,0,0,0,0,0,0,0,0,0,1,2,0
"198",2020-09-16,0,0,0,0,0,0,0,0,0,0,0,0,0,0,0,3,3,1,0,0,0,0,0,1,1,0,0,0,52,0,0,7,0,0,0,0,0,0,0,2,2,5,0,0,0,2,0,0,0,0,0,0,0,3,0,0,0,0,0,0,0,0,0,0,0,0,0,0,0,0,0
"199",2020-09-17,0,2,0,0,0,0,0,0,0,0,1,0,0,0,0,3,21,1,0,0,0,0,0,2,3,0,0,8,51,0,0,3,0,2,2,0,0,0,0,0,7,6,0,0,0,0,3,0,0,1,0,0,0,6,0,0,0,0,0,0,0,0,0,0,0,0,0,0,0,1,0
"200",2020-09-18,0,0,0,0,0,0,0,0,0,0,1,0,1,0,0,1,12,12,0,0,0,0,0,1,4,1,0,18,75,0,0,2,0,0,0,0,0,0,0,0,16,5,0,0,0,0,1,2,0,0,0,0,0,5,0,0,0,0,0,0,0,0,0,0,1,0,0,0,1,0,0
"201",2020-09-19,0,0,0,0,0,0,0,0,0,0,1,0,0,0,0,7,15,6,0,0,0,0,0,5,8,0,0,10,110,0,0,8,0,0,3,0,0,0,0,1,11,5,0,0,0,0,1,0,0,0,0,0,0,7,0,0,2,0,0,0,0,0,0,0,0,0,0,0,0,2,1
"202",2020-09-20,0,1,0,0,0,0,0,0,0,0,0,0,0,0,0,7,10,17,0,0,0,0,0,0,4,2,0,9,78,0,0,4,0,0,1,0,0,0,0,2,16,12,0,0,0,1,2,0,0,0,0,0,0,5,0,0,1,0,0,0,0,0,0,0,0,0,0,0,0,0,2
"203",2020-09-21,1,0,0,0,0,0,0,0,0,0,0,0,0,0,0,3,15,10,0,0,0,0,0,0,6,0,0,9,77,0,0,8,0,0,0,0,0,0,0,2,10,3,0,0,0,0,1,0,0,0,0,0,0,5,0,0,0,0,0,0,0,0,0,0,0,0,0,0,0,0,0
"204",2020-09-22,0,0,0,1,0,0,0,0,0,0,2,0,0,0,0,3,21,17,0,0,0,0,0,1,0,0,0,7,27,0,0,6,0,0,0,0,0,0,0,1,2,3,0,0,0,0,2,0,0,0,0,0,0,3,0,0,0,0,0,0,0,0,0,0,0,0,0,0,1,1,1
"205",2020-09-23,0,0,0,0,0,0,0,0,0,0,0,0,0,0,0,5,19,13,0,0,0,0,0,0,2,0,0,7,89,0,0,12,0,0,0,0,0,3,0,1,8,3,0,0,0,1,1,0,0,0,0,0,0,4,0,0,1,0,0,0,0,0,0,0,0,0,0,0,0,0,0
"206",2020-09-24,0,0,0,0,0,0,0,0,0,0,0,0,0,0,0,4,12,4,0,0,0,0,0,3,1,0,0,6,86,0,0,7,0,0,0,0,0,0,0,0,8,5,0,0,0,0,5,0,0,0,0,0,0,2,0,0,0,0,0,0,0,0,0,0,0,0,0,0,0,0,0
"207",2020-09-25,0,0,0,0,0,0,0,0,0,0,0,0,0,0,0,3,26,11,0,0,0,0,0,1,5,0,0,9,65,0,0,12,0,0,0,0,0,0,0,1,10,5,0,0,0,2,2,0,0,0,0,0,0,4,0,0,2,0,0,0,0,0,0,0,0,2,0,0,0,0,0
"208",2020-09-26,0,1,0,0,0,0,0,0,0,0,0,0,0,0,1,4,15,4,0,0,0,0,0,2,7,0,0,3,51,0,0,5,0,0,1,0,0,1,0,1,5,5,0,0,0,0,0,0,0,0,0,0,0,5,0,0,0,0,0,0,0,0,0,0,0,0,0,0,0,0,0
"209",2020-09-27,0,0,0,0,0,0,0,0,0,0,0,0,0,0,0,5,15,4,0,0,0,0,0,0,4,1,0,1,103,0,0,6,0,0,3,0,0,1,0,2,14,0,0,0,0,0,0,0,0,0,0,0,0,3,0,0,0,0,0,0,0,0,0,0,1,1,0,0,2,0,0
"210",2020-09-28,1,0,0,0,0,0,0,0,0,0,0,0,0,0,1,5,16,13,0,0,0,0,0,0,5,1,0,3,104,0,0,9,0,0,1,0,0,0,0,1,6,2,0,0,0,1,1,0,0,0,0,0,0,3,0,0,0,0,0,0,0,0,0,0,0,0,0,0,0,0,1
"211",2020-09-29,0,0,1,1,0,0,0,0,0,0,0,0,0,0,0,7,17,9,0,0,0,0,0,2,10,0,0,2,54,0,0,6,0,0,0,0,0,0,0,1,3,5,0,0,0,0,0,0,0,0,0,0,0,3,0,0,0,0,0,0,0,0,0,0,1,0,0,0,0,0,0
"212",2020-09-30,0,2,0,1,0,0,0,0,0,0,0,0,1,0,1,4,19,5,0,0,0,0,0,1,6,1,1,0,21,0,0,9,0,0,1,0,0,0,0,0,4,7,0,0,0,0,2,0,0,0,0,0,0,6,0,0,0,0,0,0,0,0,0,0,0,0,0,0,0,0,1
"213",2020-10-01,0,1,0,0,0,0,0,0,0,0,0,1,0,0,0,6,25,17,0,0,0,0,0,0,13,0,0,6,88,0,0,2,0,0,2,0,1,0,0,3,8,9,0,0,0,0,2,0,0,0,0,0,0,1,0,0,2,0,0,0,0,0,0,0,0,0,0,0,0,0,0
"214",2020-10-02,0,0,0,0,0,0,0,0,0,0,0,0,0,0,0,0,19,5,0,0,0,0,0,1,6,1,0,7,128,0,0,2,0,0,1,0,0,0,0,0,7,2,0,0,0,0,0,0,0,0,0,0,0,5,0,0,0,0,0,0,0,0,0,0,0,0,0,0,0,0,0
"215",2020-10-03,0,0,0,0,0,0,0,0,0,0,0,0,0,0,0,5,20,7,0,0,0,1,0,0,1,0,0,1,63,0,0,1,0,0,0,0,0,1,0,0,2,3,0,0,0,0,1,0,0,1,0,0,0,4,0,0,0,0,0,0,0,0,0,0,0,0,0,0,0,0,0
"216",2020-10-04,0,0,0,0,0,0,0,0,0,0,1,0,0,0,0,2,14,5,0,0,0,0,0,0,2,0,0,7,69,0,0,5,0,0,0,0,0,2,0,0,7,1,0,0,0,1,2,0,0,0,0,0,0,1,0,0,2,0,0,0,0,0,0,0,0,0,0,0,0,0,1
"217",2020-10-05,0,4,3,0,0,0,0,0,0,0,0,0,0,0,0,3,10,4,0,0,0,2,0,0,2,1,0,2,58,0,0,2,0,0,3,0,0,1,0,0,10,6,0,0,0,1,0,0,0,0,0,0,0,3,0,0,0,0,0,0,0,0,0,0,1,0,0,0,0,0,0
"218",2020-10-06,0,1,0,0,0,0,0,0,0,0,0,0,0,0,0,4,5,7,0,0,0,0,0,2,4,0,0,1,58,0,0,2,0,0,0,0,0,1,0,0,2,4,0,0,0,2,1,0,0,0,0,0,0,4,0,0,1,0,0,0,0,0,0,0,0,0,0,0,0,0,0
"219",2020-10-07,0,1,0,0,0,0,0,0,0,0,1,0,0,0,0,3,10,7,0,0,0,0,0,1,8,0,0,3,42,0,0,4,0,0,1,0,0,0,0,7,11,4,0,0,0,0,1,0,0,0,0,0,0,5,0,0,0,0,0,0,0,0,0,0,0,1,0,0,0,0,0
"220",2020-10-08,0,2,0,0,0,0,0,0,0,0,1,0,0,0,0,1,12,12,0,0,0,1,0,1,8,1,0,2,60,0,0,3,0,0,3,0,0,0,0,2,4,5,0,0,0,0,4,0,0,0,0,0,0,2,0,0,0,0,0,0,0,0,0,0,0,0,0,0,0,0,0
"221",2020-10-09,0,0,0,0,0,0,0,0,0,0,0,0,0,0,0,3,16,15,0,0,0,1,0,0,7,0,0,6,74,0,0,4,0,0,0,0,0,0,0,2,15,5,0,0,0,0,2,0,0,0,0,0,0,3,0,0,1,0,0,0,0,0,0,0,0,0,0,0,0,0,0
"222",2020-10-10,0,5,0,0,0,0,0,0,0,0,0,0,0,0,0,2,13,13,0,0,0,0,0,3,3,0,0,6,41,0,0,3,0,1,4,0,0,2,0,3,21,16,0,0,0,0,5,0,0,0,0,0,0,3,0,0,0,0,0,0,0,0,0,0,0,0,0,0,0,0,0
"223",2020-10-11,0,2,0,0,0,0,0,0,0,0,0,0,0,0,0,3,15,7,0,0,0,0,0,0,6,0,0,6,34,0,0,6,0,0,4,0,0,0,0,4,5,6,0,0,0,0,1,0,0,0,0,0,0,1,0,0,3,0,0,0,0,0,0,0,0,0,0,0,0,0,0
"224",2020-10-12,0,0,1,0,0,0,0,0,0,0,0,0,0,0,0,3,18,4,0,0,0,0,0,0,4,0,0,6,117,0,0,5,0,0,0,0,0,0,0,0,8,4,0,0,0,1,0,0,0,0,0,0,0,5,0,0,2,0,0,0,0,0,0,0,0,0,0,0,1,0,0
"225",2020-10-13,0,3,0,1,0,0,0,0,0,0,0,0,0,0,0,6,8,6,0,0,0,0,0,0,4,0,0,1,59,0,0,0,0,0,0,0,0,0,0,1,8,5,0,0,0,1,0,0,0,0,0,0,0,2,0,0,0,0,0,0,0,0,0,0,0,0,0,0,0,0,0
"226",2020-10-14,0,1,0,0,0,0,0,0,0,0,0,0,0,0,0,1,7,6,0,0,0,0,0,0,9,0,0,3,64,0,0,5,0,0,0,0,0,0,0,4,6,9,0,0,0,1,0,0,0,0,0,0,0,3,0,0,0,0,0,0,0,0,1,0,0,0,0,0,0,0,0
"227",2020-10-15,0,7,3,0,0,0,0,0,0,0,0,0,0,0,0,1,21,13,0,0,0,1,0,2,0,0,0,5,65,0,0,2,0,0,1,0,1,0,0,1,6,5,0,0,0,0,1,0,0,0,0,0,0,1,0,0,0,0,0,0,0,0,0,0,1,0,0,0,0,0,0
"228",2020-10-16,0,1,2,0,0,0,0,0,0,0,2,0,0,0,0,4,18,31,0,0,0,0,0,0,1,0,0,4,74,0,0,6,0,1,4,0,0,0,0,4,4,8,0,0,0,0,1,0,0,0,0,0,0,4,0,0,1,0,0,0,0,0,0,0,0,0,0,0,0,0,0
"229",2020-10-17,0,0,0,0,0,0,0,0,0,1,0,0,0,0,0,7,15,2,0,0,0,1,0,2,0,1,0,7,106,0,0,1,0,0,2,0,2,0,0,1,7,5,0,0,0,0,2,0,0,0,0,0,0,7,0,0,0,0,0,0,0,0,0,0,0,0,0,0,0,0,1
"230",2020-10-18,0,5,0,0,0,0,0,0,0,0,0,0,0,0,0,5,8,13,0,0,0,1,0,3,3,1,0,5,92,0,0,1,0,0,0,0,1,0,0,3,7,10,0,0,0,0,1,0,0,0,0,0,0,6,0,0,0,0,0,0,0,0,0,0,0,0,0,0,0,0,0
"231",2020-10-19,0,6,0,0,0,0,0,0,0,0,0,0,0,0,0,5,15,16,0,0,0,1,0,0,1,0,0,0,114,0,0,5,0,0,1,0,1,0,0,5,9,16,0,0,0,0,2,0,0,0,0,0,0,8,0,0,1,0,0,0,0,0,0,0,0,0,0,0,1,0,0
"232",2020-10-20,0,0,0,0,0,0,0,0,0,0,0,0,0,0,1,3,6,13,0,0,0,0,0,2,1,0,0,3,73,0,0,1,0,0,0,0,0,0,0,5,7,11,0,0,0,1,1,0,0,0,0,0,0,2,0,0,0,0,0,0,0,0,0,0,0,0,0,0,0,0,0
"233",2020-10-21,0,0,0,1,0,0,0,0,0,1,0,0,1,0,0,3,13,9,0,0,0,1,0,2,0,0,0,4,54,0,0,2,0,0,0,0,0,0,0,0,5,9,0,0,0,0,0,0,0,0,0,0,0,7,0,0,0,0,0,0,0,0,0,0,0,0,0,0,0,0,0
"234",2020-10-22,0,6,0,0,0,0,0,0,0,0,0,0,0,0,0,5,9,30,0,0,0,1,0,3,0,0,0,4,51,0,0,0,0,0,1,0,0,0,0,0,7,7,0,0,0,0,1,0,0,0,0,0,0,6,0,0,1,0,0,0,0,0,0,0,0,0,0,0,0,0,0
"235",2020-10-23,0,5,1,2,0,0,0,0,0,0,0,0,0,0,0,7,14,16,0,0,0,2,0,2,0,0,0,5,81,0,0,3,0,0,3,0,1,0,0,2,7,12,0,0,0,0,0,0,0,0,1,0,0,3,0,0,0,0,0,0,0,0,0,0,0,1,0,0,0,0,0
"236",2020-10-24,0,1,0,0,0,0,0,0,0,0,0,0,0,0,0,5,8,10,0,0,1,0,0,3,1,0,0,5,68,0,0,3,0,0,1,0,0,0,0,4,4,7,0,0,0,0,1,0,0,0,0,0,0,2,0,0,2,0,0,0,0,0,0,0,0,0,0,0,0,0,0
"237",2020-10-25,0,3,0,2,0,0,0,0,0,0,0,0,0,0,0,5,6,16,0,0,2,0,0,1,0,0,0,1,57,0,0,5,0,1,1,0,0,0,0,1,3,6,0,0,0,0,1,0,0,0,0,0,0,2,0,0,0,0,0,0,0,0,0,0,2,0,0,0,0,0,0
"238",2020-10-26,0,9,0,1,0,0,0,0,0,0,0,0,0,0,0,10,7,29,0,0,0,0,0,2,0,2,0,5,31,0,0,3,0,0,2,0,0,0,0,1,1,8,0,0,0,0,1,0,0,0,0,0,0,2,0,0,0,0,0,0,0,0,0,0,0,0,0,0,0,0,0
"239",2020-10-27,0,4,0,0,0,0,0,0,0,1,0,0,0,0,0,6,9,8,0,0,0,1,0,0,0,0,0,0,28,0,0,3,0,0,0,0,0,0,0,2,2,6,0,0,0,0,0,0,0,0,0,0,0,4,0,0,2,0,0,0,0,0,0,0,0,0,0,0,0,0,0
"240",2020-10-28,0,3,0,0,0,0,0,0,0,0,0,0,0,0,0,10,2,17,0,0,1,0,0,0,0,1,0,3,36,0,0,4,0,1,0,0,0,0,0,1,6,3,0,0,0,0,0,0,0,0,0,0,0,4,0,0,2,0,0,0,0,0,0,0,0,0,0,0,0,0,0
"241",2020-10-29,0,3,0,0,0,0,0,0,0,0,0,0,0,0,0,6,6,6,0,0,0,0,0,0,0,2,0,1,41,0,0,2,0,0,2,0,0,0,0,7,1,7,0,0,0,0,1,0,0,0,0,0,0,6,0,0,1,0,0,0,0,0,0,0,1,0,0,0,0,0,0
"242",2020-10-30,0,7,1,0,0,0,0,0,0,0,0,0,0,0,0,0,11,27,0,0,0,0,0,1,1,1,1,1,87,0,0,4,0,1,6,0,2,0,0,3,2,6,0,0,0,0,1,0,0,0,0,0,0,2,0,0,9,0,0,0,0,0,0,0,0,0,0,0,0,0,1
"243",2020-10-31,1,10,0,0,0,0,0,0,0,0,0,0,0,0,0,7,11,43,0,0,1,0,0,0,0,1,0,5,55,0,0,1,0,1,11,0,0,0,0,5,3,5,0,0,0,0,0,0,0,0,0,0,0,7,0,0,0,0,0,0,0,0,0,0,0,0,0,0,0,0,0
"244",2020-11-01,1,5,1,2,0,0,0,0,0,1,0,0,0,0,0,4,27,19,0,0,0,4,0,5,1,0,0,5,81,0,0,3,0,0,0,0,0,0,0,5,10,11,0,0,0,0,2,0,0,0,0,0,0,16,0,0,1,0,1,0,0,0,0,0,0,0,0,0,0,0,1
"245",2020-11-02,1,13,0,0,0,0,0,0,0,1,1,1,0,0,0,3,10,22,0,0,0,3,0,5,0,1,0,2,66,0,0,3,0,0,0,0,1,0,0,10,6,20,0,0,0,0,0,0,0,0,0,0,0,5,0,0,1,0,0,0,0,0,0,0,1,0,0,0,0,0,0
"246",2020-11-03,0,5,2,0,0,0,0,0,0,0,0,0,0,0,0,13,9,26,0,0,0,0,0,1,0,0,0,5,50,0,0,5,0,0,1,0,0,1,0,4,5,17,0,0,0,0,0,0,0,0,0,0,0,1,0,0,2,0,0,0,0,0,0,0,0,0,0,0,0,0,0
"247",2020-11-04,0,10,0,0,0,0,0,0,0,0,0,0,0,0,0,8,8,14,0,0,0,0,0,3,1,1,0,1,92,0,0,3,0,0,4,0,0,0,0,3,6,14,0,0,0,0,1,0,0,0,0,0,0,1,0,0,0,0,0,0,0,0,0,0,1,0,0,0,0,0,0
"248",2020-11-05,0,10,0,0,0,0,0,0,0,0,0,0,0,0,1,7,12,19,0,0,0,1,0,1,0,1,0,2,59,0,0,3,0,0,3,0,0,1,0,1,18,17,0,0,0,0,2,0,0,0,0,0,0,5,0,0,2,0,0,0,0,0,0,0,2,0,0,0,2,0,0
"249",2020-11-06,1,7,0,0,0,0,0,0,0,0,0,0,1,0,0,2,15,33,0,0,0,0,0,1,0,0,0,3,72,0,0,2,0,3,3,0,2,1,0,3,5,14,0,0,0,0,1,0,0,0,0,0,0,11,0,0,6,0,0,0,0,0,0,0,2,0,0,0,0,0,1
"250",2020-11-07,0,12,0,0,0,0,0,0,0,0,0,1,1,0,1,7,19,10,0,0,0,1,0,1,1,0,0,2,66,0,0,0,0,1,9,0,0,0,1,5,3,17,0,0,0,0,2,0,0,0,0,0,0,14,0,0,6,0,0,0,0,0,0,0,1,0,0,0,1,0,0
"251",2020-11-08,0,10,1,0,0,0,0,0,0,0,0,0,0,0,0,2,20,16,0,0,0,1,0,0,0,1,0,2,61,0,0,2,0,0,1,0,1,0,4,2,5,19,0,0,0,0,0,0,0,0,0,0,0,12,0,0,1,0,0,0,0,0,0,0,1,0,0,0,0,0,0
"252",2020-11-09,0,11,0,0,0,0,0,0,0,0,0,0,1,0,0,7,20,14,0,0,0,3,0,1,0,0,0,4,107,0,0,2,0,1,1,0,2,0,1,4,4,19,0,0,0,0,1,0,0,0,0,0,0,10,0,0,1,0,9,0,0,0,0,0,1,0,0,0,0,0,0
"253",2020-11-10,0,10,0,0,0,0,0,0,0,0,0,0,0,0,1,15,21,11,0,0,0,1,0,1,1,0,0,1,63,0,0,2,0,0,0,0,0,0,0,5,7,17,0,0,0,0,0,0,0,0,0,0,0,13,0,0,1,0,3,0,0,0,0,0,1,0,0,0,0,0,0
"254",2020-11-11,0,7,0,0,0,0,0,0,0,0,0,0,0,0,0,7,12,5,0,0,0,0,0,1,1,0,0,1,43,0,0,2,0,0,1,0,0,0,0,3,4,19,0,0,0,0,0,0,0,0,0,0,0,8,0,0,2,0,0,0,0,0,0,0,1,0,0,0,0,0,0
"255",2020-11-12,0,10,1,0,0,1,0,0,0,0,0,0,0,0,0,2,14,14,0,0,0,0,0,0,0,0,0,1,51,0,0,0,0,0,1,0,0,0,0,3,3,18,0,0,0,0,0,0,0,0,0,0,0,8,0,0,0,0,0,0,0,0,0,0,0,0,0,0,0,0,0
"256",2020-11-13,0,9,2,0,0,0,0,0,0,0,0,0,0,0,0,1,24,8,0,0,0,0,0,0,0,0,0,4,55,0,0,0,0,0,6,0,0,0,0,2,2,9,0,0,0,0,1,0,0,0,1,0,0,11,0,0,8,0,1,0,0,0,0,0,1,0,0,1,2,0,0
"257",2020-11-14,0,5,1,0,0,0,0,0,0,0,0,1,0,0,0,5,14,11,0,0,0,2,0,2,2,0,0,8,84,0,1,1,0,0,7,0,0,0,0,1,9,21,0,0,0,0,2,0,0,0,0,0,0,11,0,0,3,0,1,0,0,0,0,0,3,0,0,0,1,2,0
"258",2020-11-15,0,5,0,0,0,0,0,0,0,0,1,1,0,1,0,16,22,15,0,0,0,2,0,6,0,0,1,6,139,0,0,0,0,0,2,0,3,0,0,2,8,12,0,0,0,2,3,0,0,0,0,0,0,10,0,0,4,0,0,0,0,0,0,0,0,0,0,0,1,0,0
"259",2020-11-16,0,5,0,1,2,0,0,0,0,0,1,0,0,0,0,6,33,7,0,0,0,0,0,5,1,0,0,6,131,0,0,2,0,0,3,0,1,0,0,0,7,22,0,0,0,0,3,0,0,0,2,0,0,15,0,0,2,0,0,0,0,0,1,0,0,0,0,0,0,0,0
"260",2020-11-17,0,6,0,0,0,1,0,0,0,0,0,0,0,0,0,12,31,22,0,0,0,0,0,2,0,1,0,1,125,0,0,0,0,0,1,0,2,0,0,0,4,26,0,0,0,0,0,0,0,1,5,0,0,9,0,0,1,0,0,0,0,0,0,0,0,0,0,0,0,0,0
"261",2020-11-18,0,9,2,1,0,0,0,0,0,0,1,1,0,0,0,4,36,18,0,0,0,1,0,1,1,0,0,4,109,0,0,2,1,0,2,0,0,2,0,3,2,30,0,0,0,0,1,0,0,0,6,0,0,12,0,0,6,0,0,0,0,0,0,0,0,0,0,0,3,0,0
"262",2020-11-19,0,9,2,0,4,0,0,0,0,0,0,0,0,0,1,3,16,19,0,0,0,0,0,0,2,0,1,2,93,0,0,0,0,0,11,0,0,0,0,3,6,21,0,0,0,0,5,0,0,0,32,0,0,14,0,0,0,0,0,0,0,0,0,0,0,0,0,0,2,1,0
"263",2020-11-20,0,6,1,0,1,1,0,0,0,0,0,0,1,0,0,30,27,33,0,0,0,0,0,4,2,0,1,6,177,0,1,1,0,0,5,0,3,0,0,1,17,15,0,0,0,1,2,0,0,0,11,0,0,20,0,0,10,0,1,0,0,0,0,0,0,0,0,0,3,0,0
"264",2020-11-21,0,6,1,1,0,1,0,0,0,0,1,0,0,0,0,8,17,17,0,0,0,1,0,3,0,0,0,2,139,0,0,1,0,0,7,0,0,0,1,2,6,22,0,0,0,0,3,0,0,0,1,0,0,20,0,0,5,0,0,0,0,0,0,0,0,0,0,0,0,0,0
"265",2020-11-22,0,12,0,1,0,0,0,0,0,0,0,0,2,0,0,6,23,16,0,0,0,1,0,2,0,0,0,5,178,0,1,3,0,0,2,0,1,0,0,2,5,24,0,0,0,0,3,0,0,0,3,0,0,12,0,0,3,0,1,0,0,0,0,0,0,0,0,0,0,0,0
"266",2020-11-23,0,3,1,0,0,0,0,0,0,1,0,0,2,0,0,12,15,22,0,0,0,0,0,5,2,1,0,5,158,0,0,5,0,0,1,0,0,0,0,1,10,21,0,0,0,1,1,0,0,0,2,0,0,14,0,0,1,1,0,0,0,0,0,0,0,0,0,0,1,0,0
"267",2020-11-24,0,4,0,0,0,2,0,0,0,0,0,0,2,0,0,9,15,22,1,0,0,0,0,1,0,0,0,4,140,0,0,0,0,0,1,0,0,0,0,3,5,8,0,0,0,0,5,0,0,0,0,0,0,16,1,0,1,0,0,0,0,0,0,0,0,0,0,1,0,1,1
"268",2020-11-25,0,12,0,0,0,1,0,0,0,1,0,0,3,0,0,5,23,14,0,0,0,1,0,2,0,0,0,6,122,0,0,4,1,0,1,0,0,0,0,4,3,21,0,0,0,0,0,1,0,0,1,0,0,9,0,0,2,0,0,0,0,0,0,0,0,1,0,1,3,0,1
"269",2020-11-26,0,3,1,1,0,0,0,0,0,0,0,0,1,0,0,5,27,12,0,0,0,0,0,2,0,0,0,3,128,0,0,0,0,0,0,0,1,0,0,5,10,21,0,0,0,0,0,0,0,0,0,0,0,5,0,0,1,0,0,0,0,0,0,0,0,0,0,0,5,0,0
"270",2020-11-27,1,5,2,0,0,0,0,0,0,1,0,0,2,0,1,7,34,30,0,0,0,0,0,0,1,0,0,4,164,0,0,0,0,1,9,0,0,0,0,4,4,23,0,0,0,1,2,0,0,0,0,0,0,17,0,0,7,0,0,0,0,0,0,0,0,0,0,0,3,0,0
"271",2020-11-28,0,6,2,0,0,2,0,0,0,1,0,0,1,0,0,10,16,19,0,0,0,0,0,3,1,0,0,11,165,0,0,0,0,1,3,0,0,1,0,1,5,23,0,0,0,0,5,0,0,0,1,0,0,19,0,0,2,0,0,0,0,0,0,0,1,0,0,0,1,1,1
"272",2020-11-29,0,4,1,0,1,1,0,0,0,2,0,0,0,0,0,6,27,22,0,0,0,0,0,2,0,0,0,9,172,0,0,1,0,1,2,0,0,0,0,0,8,20,0,0,0,0,3,0,0,0,0,0,0,12,0,0,2,0,0,0,0,0,0,0,0,0,0,0,4,0,0
"273",2020-11-30,1,4,1,0,0,1,0,0,0,0,1,0,0,0,0,7,26,6,0,0,0,0,0,5,0,0,0,8,191,0,0,1,0,1,9,0,0,0,0,3,9,28,0,0,0,1,2,0,0,0,0,0,0,15,0,0,3,0,0,0,0,0,0,0,0,0,0,0,1,1,0
"274",2020-12-01,0,8,1,0,1,2,0,0,0,0,1,0,1,0,1,13,31,13,0,0,0,2,0,5,0,0,0,11,265,0,0,0,0,0,5,0,0,0,0,1,15,25,0,0,0,1,0,0,0,0,0,0,0,14,0,0,3,0,0,0,0,0,0,0,0,0,0,0,2,0,0
"275",2020-12-02,0,4,0,0,0,0,0,0,0,1,0,0,0,0,0,8,36,5,0,0,0,0,0,4,2,0,1,6,144,0,0,3,0,0,0,0,0,0,0,6,14,12,0,0,0,2,3,0,0,0,0,0,0,9,0,0,1,0,0,0,0,0,0,0,2,0,0,0,0,0,1
"276",2020-12-03,0,5,1,0,0,0,0,0,1,1,1,0,0,0,0,7,38,11,0,0,0,1,0,1,2,0,0,4,192,0,0,1,0,0,1,0,0,0,0,0,5,14,0,0,0,0,6,0,0,0,0,0,0,7,0,0,2,0,0,0,0,0,0,0,0,0,0,0,0,0,0
"277",2020-12-04,0,1,0,0,0,3,0,0,0,1,0,0,1,0,0,0,41,12,0,0,0,1,0,3,1,0,0,2,178,0,0,0,0,0,1,0,1,0,0,0,14,18,0,0,0,0,6,0,0,0,1,0,0,12,0,0,3,0,0,0,0,0,0,0,2,0,0,0,2,0,1
"278",2020-12-05,0,5,2,0,0,0,0,0,0,0,0,0,0,0,0,14,36,15,0,0,0,0,0,1,2,0,0,7,251,0,0,1,0,1,2,0,0,1,0,2,14,16,0,0,0,0,2,0,0,0,0,0,0,19,0,0,4,0,0,0,0,0,1,0,0,0,0,0,0,1,1
"279",2020-12-06,0,2,1,0,0,0,0,0,0,1,1,0,1,0,0,14,24,3,0,0,0,1,0,6,2,0,0,11,248,0,0,2,0,0,2,0,1,0,0,2,6,25,0,0,0,0,6,0,0,0,0,0,0,16,0,0,6,0,0,0,0,0,0,0,0,0,0,0,0,0,0
"280",2020-12-07,0,2,1,0,0,1,0,0,0,2,1,0,2,0,0,10,41,8,0,0,0,0,0,3,0,0,0,3,163,0,0,3,0,0,2,0,1,0,0,0,7,21,0,0,0,1,4,0,0,0,0,0,0,14,0,0,1,0,0,0,0,0,0,0,0,0,0,0,0,1,1
"281",2020-12-08,0,0,0,0,0,0,0,0,0,0,0,0,1,0,0,1,28,7,0,0,0,0,0,5,3,0,0,7,170,0,0,3,0,0,0,0,0,1,0,0,13,25,0,0,0,0,0,0,0,0,0,0,0,13,0,0,0,0,0,0,0,0,0,0,0,0,0,0,3,0,0
"282",2020-12-09,0,1,0,0,0,0,0,0,0,0,1,0,2,0,0,13,42,8,0,0,0,0,0,4,1,0,0,4,203,0,0,6,0,0,2,0,0,0,0,0,13,9,0,0,0,0,2,0,0,0,0,0,0,12,0,0,0,0,0,0,0,0,0,0,0,0,0,0,1,0,0
"283",2020-12-10,0,2,0,0,0,0,0,0,0,0,2,0,3,0,0,4,40,6,0,0,0,0,0,2,2,1,0,6,202,0,0,2,0,1,4,0,0,0,0,1,22,15,0,0,0,0,0,0,0,0,0,0,0,14,0,0,4,0,0,0,0,0,0,0,0,0,0,0,0,0,0
"284",2020-12-11,0,3,4,0,0,0,1,0,0,0,0,0,7,0,1,8,63,6,0,0,0,0,0,1,1,1,0,2,204,0,0,4,0,0,6,0,0,0,0,0,17,18,0,0,0,1,3,0,0,0,0,0,0,8,0,0,7,0,0,0,0,0,0,0,2,0,0,0,1,0,0
"285",2020-12-12,0,2,0,3,0,0,0,0,0,0,0,0,2,0,0,12,54,11,0,0,0,2,0,3,3,0,0,4,249,0,1,3,0,0,4,0,0,0,0,0,21,19,0,0,0,3,3,0,0,0,0,0,0,17,0,0,1,0,0,0,0,0,0,0,0,0,0,0,2,0,1
"286",2020-12-13,0,1,1,0,2,0,0,0,0,0,0,0,3,0,0,19,50,14,0,0,0,0,0,3,2,1,0,6,263,0,0,3,0,0,7,0,1,0,0,1,13,13,0,0,0,1,2,0,0,0,0,0,0,14,0,0,3,0,0,0,0,0,0,0,0,0,0,0,2,0,0
"287",2020-12-14,0,2,0,0,0,0,1,0,0,0,0,0,0,0,0,16,49,6,0,0,0,1,0,2,2,0,0,11,156,0,0,1,0,0,1,0,0,0,0,4,26,25,0,0,0,0,1,0,0,0,0,0,0,7,0,0,0,0,0,0,0,0,0,0,1,0,0,0,1,0,0
"288",2020-12-15,1,4,2,0,0,0,0,0,0,0,0,0,2,0,1,21,42,3,0,0,0,0,0,2,0,0,0,5,139,0,0,2,0,0,0,0,0,0,0,2,11,16,0,0,0,6,2,0,0,0,0,1,0,4,0,0,1,0,0,0,0,1,0,0,0,0,0,0,0,1,0
"289",2020-12-16,1,1,0,0,0,0,0,0,1,0,0,0,2,0,0,23,35,8,0,0,0,0,0,1,2,0,0,2,153,0,0,7,0,1,2,0,1,0,0,0,10,17,0,0,0,3,2,0,0,0,0,0,0,3,0,0,3,0,0,0,0,0,0,0,0,0,0,0,2,0,0
"290",2020-12-17,0,1,1,0,0,0,0,0,0,0,0,0,1,0,2,8,45,10,0,0,0,0,0,5,2,0,0,8,229,0,0,3,1,0,5,0,0,0,0,1,12,14,0,0,0,0,0,0,1,0,1,0,0,5,0,0,1,0,0,0,0,0,0,0,0,0,0,0,0,0,1
"291",2020-12-18,0,2,1,0,0,0,0,0,0,0,4,0,1,0,0,7,50,15,0,0,0,0,0,6,6,0,0,13,245,0,0,4,0,0,8,0,1,0,0,2,23,11,0,0,0,0,5,0,0,0,0,0,0,8,0,0,16,0,0,0,0,1,0,0,0,0,0,0,0,0,0
"292",2020-12-19,0,1,1,0,0,0,0,0,0,0,1,0,3,0,0,19,53,11,0,0,0,0,0,3,2,0,0,7,242,0,0,0,0,1,0,0,0,1,0,3,16,15,0,0,0,0,1,0,0,0,1,0,0,6,0,0,0,0,0,0,0,0,0,0,0,0,0,0,0,1,0
"293",2020-12-20,0,1,1,0,0,0,0,0,0,0,0,0,1,0,0,18,39,7,0,0,0,0,0,4,4,0,0,7,255,0,0,10,0,0,1,0,2,0,0,3,25,18,0,0,0,1,2,0,0,0,1,0,0,7,0,0,1,0,0,0,0,0,0,0,1,0,0,0,0,0,0
"294",2020-12-21,0,3,1,0,0,0,0,0,0,0,0,0,2,0,0,11,26,7,0,0,0,0,0,3,5,0,0,8,171,0,0,8,0,0,2,0,0,0,0,0,7,21,0,0,0,4,1,0,0,0,2,0,0,9,0,0,1,0,0,0,0,0,0,0,0,0,0,0,1,0,0
"295",2020-12-22,0,0,1,0,0,0,0,0,0,0,0,0,1,0,0,16,37,6,0,0,0,1,0,1,2,0,0,5,174,0,0,4,0,0,1,0,0,0,0,0,13,2,0,0,0,3,0,0,1,0,0,0,0,3,0,0,0,0,0,0,0,0,0,0,0,0,0,0,2,0,1
"296",2020-12-23,0,0,2,0,0,0,0,0,0,0,0,0,1,0,0,14,47,8,0,0,0,0,0,2,1,0,0,8,216,1,0,4,0,0,1,0,0,0,0,1,8,10,0,0,0,2,1,0,1,0,0,0,0,5,0,0,4,0,0,0,0,1,0,0,1,0,0,0,0,0,0
"297",2020-12-24,0,0,0,0,0,0,0,0,0,0,0,0,0,0,0,12,39,8,0,0,0,0,0,4,2,0,0,18,180,0,0,10,0,0,3,0,1,1,0,0,11,15,0,0,0,0,3,0,0,0,0,0,0,14,0,0,2,0,0,0,0,0,0,0,1,0,0,0,3,1,1
"298",2020-12-25,0,4,3,0,1,0,0,0,0,0,1,0,3,0,0,11,41,8,1,0,0,0,0,13,5,1,0,5,187,0,1,13,0,0,1,0,1,0,0,0,21,12,0,0,0,0,3,1,0,0,0,0,0,7,0,0,2,0,0,0,0,0,0,0,1,0,0,0,0,1,0
"299",2020-12-26,0,0,5,0,1,0,0,0,0,0,0,0,1,0,0,30,53,7,0,0,0,0,0,14,4,0,0,3,234,0,0,18,0,0,0,0,0,0,0,2,14,15,0,0,0,3,9,0,0,1,0,0,0,9,0,0,3,0,0,0,0,0,0,0,1,0,0,0,1,1,0
"300",2020-12-27,0,1,0,0,1,0,0,0,0,0,2,0,1,0,0,20,41,6,0,0,0,1,0,4,1,0,0,4,169,0,0,8,0,2,2,0,0,0,0,4,10,11,0,0,0,1,3,0,0,0,4,0,0,11,0,1,1,0,0,0,0,0,0,0,1,0,0,0,0,0,0
"301",2020-12-28,0,1,0,0,0,0,1,0,0,2,4,0,1,0,0,17,38,11,0,0,0,0,0,13,5,0,0,14,174,0,1,2,0,0,0,0,1,0,0,2,7,15,0,0,0,3,2,1,0,1,1,0,0,11,0,0,2,0,0,0,0,0,0,0,0,0,0,0,0,0,0
"302",2020-12-29,0,0,1,0,0,0,0,0,0,0,1,0,2,0,0,8,33,6,0,0,0,0,0,4,3,0,0,5,120,0,0,12,0,0,3,0,0,0,0,1,8,6,0,0,0,5,1,0,0,0,0,0,0,4,0,0,0,0,0,0,0,0,0,0,0,0,0,0,0,0,0
"303",2020-12-30,0,1,6,0,0,0,0,0,0,0,0,0,1,0,0,9,41,8,0,0,1,1,0,4,0,0,0,13,185,0,0,5,0,1,3,0,0,0,0,0,5,6,0,0,0,1,1,0,0,0,0,0,0,1,0,0,2,0,0,0,0,0,0,0,0,0,0,0,1,0,0
"304",2020-12-31,0,1,3,0,0,1,0,0,0,0,0,1,3,0,0,6,64,7,0,0,0,0,0,2,2,0,1,11,151,1,0,6,0,0,1,0,0,0,0,1,10,14,0,0,0,0,2,0,0,2,2,0,0,0,0,0,5,0,0,0,0,0,0,0,2,0,0,0,0,1,1
