dates,AMEALCO_DE_BONFIL,PINAL_DE_AMOLES,ARROYO_SECO,CADEREYTA_DE_MONTES,COLON,CORREGIDORA,EZEQUIEL_MONTES,HUIMILPAN,JALPAN_DE_SERRA,LANDA_DE_MATAMOROS,EL_MARQUES,PEDRO_ESCOBEDO,PENAMILLER,QUERETARO,SAN_JOAQUIN,SAN_JUAN_DEL_RIO,TEQUISQUIAPAN,TOLIMAN
23/03/2020,0,0,0,0,0,0,0,0,0,0,0,1,0,0,0,0,0,0
24/03/2020,0,0,0,0,0,0,0,0,0,0,0,0,0,0,0,0,0,0
25/03/2020,0,0,0,0,0,0,0,0,0,0,0,0,0,0,0,0,0,0
26/03/2020,0,0,0,0,0,0,0,0,0,0,0,0,0,0,3,0,0,0
27/03/2020,0,0,0,0,0,0,0,0,0,0,0,0,0,0,3,0,0,0
28/03/2020,0,0,0,0,0,0,0,0,0,0,0,0,0,0,0,0,0,0
29/03/2020,0,0,0,0,0,0,0,0,0,0,0,0,0,0,1,0,0,0
30/03/2020,0,0,0,0,0,0,0,0,0,0,0,0,0,0,0,0,0,0
31/03/2020,0,0,0,0,0,0,0,0,0,0,0,0,0,0,1,0,0,0
01/04/2020,0,0,0,0,0,0,0,0,0,0,0,0,0,0,5,0,0,0
02/04/2020,0,0,0,0,0,0,0,0,0,0,0,1,0,0,0,0,0,0
03/04/2020,0,0,0,0,0,0,0,0,0,0,0,0,0,0,5,0,0,0
04/04/2020,0,0,0,0,0,0,0,0,0,0,0,0,0,0,2,0,1,0
05/04/2020,0,0,0,0,0,0,0,0,0,0,0,0,0,0,2,0,0,0
06/04/2020,0,0,0,0,0,0,0,0,0,0,0,0,0,0,3,0,0,0
07/04/2020,0,0,0,0,0,0,1,0,0,0,0,0,0,0,2,0,0,0
08/04/2020,0,0,0,0,0,0,0,0,0,0,0,0,0,0,2,0,0,0
09/04/2020,0,0,0,0,0,0,0,0,0,0,0,0,0,0,4,0,0,0
10/04/2020,0,0,0,0,0,0,0,0,0,0,0,0,0,0,5,0,0,0
11/04/2020,0,0,0,0,0,0,0,0,0,0,0,1,0,0,7,0,0,0
12/04/2020,0,0,0,0,0,0,4,0,0,0,0,0,0,0,2,0,0,0
13/04/2020,0,0,0,0,0,0,0,0,0,0,0,0,0,0,3,0,0,0
14/04/2020,0,0,0,0,0,0,1,0,0,0,0,0,0,0,2,0,1,0
15/04/2020,0,0,0,0,0,0,0,0,0,0,0,0,0,0,4,0,1,0
16/04/2020,0,0,0,0,0,0,1,0,0,0,0,1,0,0,3,0,0,0
17/04/2020,0,0,0,0,0,0,1,0,0,0,0,0,0,0,3,0,0,0
18/04/2020,0,0,0,0,0,0,1,1,0,0,0,1,0,0,4,0,0,0
19/04/2020,0,0,0,0,0,0,0,0,0,0,0,0,0,0,4,0,0,0
20/04/2020,0,0,0,0,0,0,1,0,0,0,0,0,0,0,5,0,0,0
21/04/2020,0,0,0,0,0,0,0,0,0,0,0,0,0,0,3,0,0,0
22/04/2020,0,0,0,0,0,0,1,0,0,0,0,0,0,0,5,0,3,0
23/04/2020,0,0,0,0,0,0,1,0,0,0,0,0,0,0,0,0,2,0
24/04/2020,0,0,0,0,0,0,0,0,0,0,0,0,0,0,2,0,0,0
25/04/2020,0,0,0,0,0,0,0,0,0,0,0,0,0,0,6,0,2,0
26/04/2020,0,0,0,0,0,0,0,0,0,0,0,2,0,0,9,0,0,0
27/04/2020,0,0,0,0,0,0,1,0,0,0,0,1,0,0,4,0,1,0
28/04/2020,0,0,0,0,0,0,0,0,0,0,0,1,0,0,4,0,0,0
29/04/2020,0,0,0,0,0,0,0,0,0,0,0,1,0,0,4,0,1,0
30/04/2020,0,0,0,0,0,0,2,0,0,0,0,1,0,0,3,0,1,0
01/05/2020,0,0,0,0,0,0,2,0,0,0,0,0,0,0,11,0,0,0
02/05/2020,0,0,0,0,0,0,2,0,0,0,0,0,0,0,7,0,1,0
03/05/2020,0,0,0,0,0,0,1,0,0,0,0,1,0,0,10,0,0,0
04/05/2020,0,0,0,0,0,0,4,0,0,0,0,0,1,0,8,0,0,0
05/05/2020,1,1,0,0,0,0,3,0,0,0,0,3,0,0,16,0,1,1
06/05/2020,0,0,0,0,0,0,2,0,0,0,0,0,0,0,14,0,3,0
07/05/2020,0,0,0,0,0,0,1,0,0,0,0,1,2,0,26,0,8,0
08/05/2020,0,0,0,0,0,0,2,0,0,0,0,0,1,0,20,0,8,0
09/05/2020,1,1,0,0,0,0,1,0,0,1,0,1,0,0,18,0,2,1
10/05/2020,0,0,0,0,1,0,2,0,0,0,0,3,0,0,24,0,10,0
11/05/2020,0,0,0,0,1,0,3,0,0,0,0,1,1,0,34,0,4,0
12/05/2020,0,0,0,0,2,1,4,0,0,0,0,4,2,0,26,0,5,0
13/05/2020,0,0,0,0,1,0,3,0,0,1,0,1,1,0,12,0,2,0
14/05/2020,0,0,0,0,1,0,0,1,0,0,0,1,0,0,16,0,6,3
15/05/2020,0,0,0,0,0,1,3,0,0,0,0,5,0,0,24,0,7,4
16/05/2020,0,0,0,0,1,0,0,0,0,0,0,3,4,0,30,0,7,2
17/05/2020,0,0,0,0,0,0,0,0,0,0,0,1,0,0,22,0,0,0
18/05/2020,0,0,0,0,1,1,1,0,0,0,0,1,1,0,24,0,4,0
19/05/2020,0,0,0,0,1,0,1,0,0,5,0,0,0,0,27,0,3,1
20/05/2020,0,0,0,0,0,1,4,1,0,0,0,4,1,0,21,0,11,1
21/05/2020,0,0,0,0,2,1,2,0,0,0,0,2,1,0,21,0,8,0
22/05/2020,1,1,0,0,0,1,1,1,0,3,0,3,2,0,19,0,8,0
23/05/2020,0,0,0,0,0,0,0,0,0,0,0,0,0,0,26,0,5,0
24/05/2020,0,0,0,0,2,1,0,0,2,0,0,2,0,0,24,0,4,0
25/05/2020,1,1,0,0,1,0,2,0,0,0,0,3,0,0,44,0,3,2
26/05/2020,0,0,0,0,0,0,3,0,1,0,0,4,0,0,25,0,5,0
27/05/2020,0,0,0,0,0,2,2,0,0,0,0,1,0,0,12,0,4,0
28/05/2020,0,0,0,0,0,0,2,0,0,1,0,1,0,0,23,0,5,0
29/05/2020,0,0,0,0,0,0,2,1,0,0,0,2,0,0,26,0,4,3
30/05/2020,0,0,0,0,0,0,2,1,0,0,0,2,1,0,28,0,5,3
31/05/2020,1,1,0,0,1,1,2,0,0,1,0,2,1,0,19,0,2,0
01/06/2020,0,0,0,0,0,1,4,1,1,0,0,5,0,0,52,0,2,1
02/06/2020,0,0,0,0,0,2,2,0,0,1,0,1,2,0,35,0,7,0
03/06/2020,0,0,0,0,0,5,0,1,1,0,0,1,0,0,26,0,1,0
04/06/2020,0,0,0,0,0,1,1,0,0,1,0,0,0,0,9,0,1,0
05/06/2020,0,0,0,0,1,0,5,1,0,0,0,4,1,0,26,0,4,0
06/06/2020,0,0,0,0,1,0,3,1,1,0,0,2,0,0,26,0,5,0
07/06/2020,0,0,0,0,1,0,2,0,0,0,0,1,0,0,25,0,4,0
08/06/2020,0,0,0,0,0,1,3,0,0,0,0,5,2,0,31,0,2,0
09/06/2020,1,1,0,0,0,0,3,1,0,0,0,6,0,0,24,0,2,2
10/06/2020,0,0,0,0,0,0,3,0,0,0,0,1,2,0,30,0,3,0
11/06/2020,0,0,0,0,1,0,2,1,0,0,0,1,1,0,39,0,6,3
12/06/2020,0,0,0,0,1,0,2,0,1,0,0,4,0,0,23,0,6,0
13/06/2020,0,0,0,0,0,0,5,1,0,0,0,2,0,0,31,0,7,0
14/06/2020,0,0,0,0,1,0,3,0,0,0,0,2,1,0,28,0,4,0
15/06/2020,0,0,0,0,0,0,3,1,0,0,0,1,0,0,36,0,5,0
16/06/2020,0,0,0,0,0,0,1,0,0,0,0,3,1,0,17,0,9,1
17/06/2020,0,0,0,0,0,0,0,0,0,0,0,2,1,0,22,0,2,1
18/06/2020,0,0,0,0,0,0,2,0,1,1,0,2,2,0,23,0,5,0
19/06/2020,0,0,0,0,3,0,4,0,0,0,0,0,1,0,37,0,5,0
20/06/2020,1,1,0,0,0,1,3,0,0,0,0,6,3,0,30,0,2,0
21/06/2020,2,2,0,0,0,0,1,1,0,0,0,1,3,0,26,0,4,0
22/06/2020,0,0,0,0,0,1,0,0,0,0,0,6,2,0,19,0,1,0
23/06/2020,0,0,0,0,0,1,1,1,0,0,0,0,2,0,30,0,1,0
24/06/2020,0,0,0,0,0,1,3,0,0,0,0,5,1,0,23,0,1,0
25/06/2020,0,0,0,0,0,1,1,0,0,0,0,3,4,0,36,0,5,0
26/06/2020,0,0,0,0,0,0,1,0,0,0,0,3,0,0,34,0,1,0
27/06/2020,0,0,0,0,0,1,2,1,0,0,0,4,1,0,34,0,4,1
28/06/2020,0,0,0,0,0,0,1,0,0,1,0,4,0,0,36,0,3,0
29/06/2020,0,0,0,0,1,0,2,0,0,0,0,4,1,0,25,0,7,1
30/06/2020,0,0,0,0,0,0,0,0,0,0,0,6,0,0,36,0,2,0
01/07/2020,0,0,0,0,0,1,3,0,0,1,0,1,2,0,49,0,7,1
02/07/2020,1,1,0,0,0,1,3,1,0,2,0,1,2,0,33,0,0,0
03/07/2020,0,0,0,0,2,2,2,1,0,1,0,4,5,0,32,0,9,0
04/07/2020,0,0,0,0,1,1,8,1,0,0,0,1,1,0,31,0,3,0
05/07/2020,0,0,0,0,3,0,5,1,0,4,0,4,3,0,49,0,1,3
06/07/2020,0,0,0,0,0,0,4,0,0,1,0,4,1,0,31,0,5,0
07/07/2020,0,0,0,0,1,1,2,0,0,1,0,3,3,0,55,0,4,2
08/07/2020,0,0,0,0,0,0,2,0,0,0,0,1,0,0,23,0,6,0
09/07/2020,0,0,0,0,0,1,1,1,0,0,0,1,4,0,50,0,7,0
10/07/2020,0,0,0,0,1,0,10,1,1,4,0,3,2,0,70,0,8,1
11/07/2020,0,0,0,1,0,2,5,0,0,2,0,4,1,0,46,0,3,0
12/07/2020,0,0,0,0,0,0,1,0,0,0,0,2,3,0,34,0,6,0
13/07/2020,1,1,0,0,1,2,9,0,0,1,0,1,4,0,36,0,12,2
14/07/2020,0,0,0,0,2,0,7,0,0,1,1,1,3,0,36,0,11,0
15/07/2020,0,0,0,0,1,0,7,3,0,1,1,6,1,0,55,0,6,2
16/07/2020,0,0,0,0,0,0,6,0,0,1,0,6,4,0,46,0,2,1
17/07/2020,0,0,0,0,0,0,3,0,0,0,0,4,1,0,38,0,1,0
18/07/2020,0,0,0,0,0,0,10,2,0,1,0,3,3,0,44,0,6,3
19/07/2020,0,0,0,0,1,0,7,0,0,4,0,1,2,0,38,0,5,1
20/07/2020,0,0,0,0,2,1,3,1,0,0,0,6,3,0,65,0,6,1
21/07/2020,0,0,0,0,0,0,5,1,0,0,0,2,3,0,41,0,4,0
22/07/2020,0,0,0,1,2,1,1,2,0,3,0,5,5,0,34,0,4,0
23/07/2020,0,0,0,0,2,0,6,1,0,1,0,1,1,0,39,0,3,0
24/07/2020,0,0,0,0,1,1,3,1,0,1,0,3,1,0,47,0,2,0
25/07/2020,0,0,0,1,2,1,9,1,0,3,0,2,4,0,42,0,6,0
26/07/2020,0,0,0,1,1,0,5,3,0,1,1,5,2,0,52,0,5,0
27/07/2020,1,1,0,1,0,0,5,1,1,0,1,7,5,0,48,0,4,0
28/07/2020,0,0,0,0,2,0,9,4,1,0,0,5,0,0,64,1,3,1
29/07/2020,0,0,0,0,0,0,4,1,0,1,0,8,2,0,44,0,8,1
30/07/2020,0,0,0,0,0,0,4,3,0,4,0,1,2,0,50,0,5,0
31/07/2020,0,0,0,0,1,1,5,1,0,0,0,4,3,0,60,0,3,0
01/08/2020,0,0,0,0,1,1,5,1,0,2,0,4,3,0,70,0,9,0
02/08/2020,1,1,0,0,0,1,4,3,0,1,1,4,5,0,40,0,8,0
03/08/2020,0,0,0,1,3,0,5,1,0,2,0,7,6,0,79,0,8,0
04/08/2020,0,0,1,0,1,1,2,0,0,0,0,3,1,0,34,0,2,1
05/08/2020,0,0,0,0,0,1,2,3,0,2,0,3,2,0,43,0,2,5
06/08/2020,0,0,0,0,1,1,4,0,0,4,0,2,1,0,51,0,5,0
07/08/2020,1,1,2,0,0,0,8,1,1,0,0,6,0,0,62,0,6,4
08/08/2020,0,0,0,1,1,0,8,1,2,1,0,1,3,0,74,0,6,0
09/08/2020,1,1,0,0,3,1,7,0,0,2,0,6,3,0,66,0,3,1
10/08/2020,0,0,1,0,1,0,9,0,0,1,0,4,1,0,113,0,10,0
11/08/2020,0,0,0,0,0,0,3,1,1,1,0,0,1,0,39,0,5,1
12/08/2020,0,0,0,0,0,1,5,0,1,3,0,2,2,0,38,0,7,1
13/08/2020,1,1,1,0,4,0,4,0,0,1,0,4,2,0,52,0,5,0
14/08/2020,2,2,0,0,4,0,9,1,0,0,0,4,2,0,60,0,10,2
15/08/2020,0,0,0,0,3,1,8,1,1,2,0,11,1,0,74,0,7,2
16/08/2020,0,0,0,0,3,0,4,2,1,2,0,3,1,0,62,0,6,0
17/08/2020,0,0,0,0,0,1,1,1,0,2,0,4,1,0,76,0,8,2
18/08/2020,0,0,0,0,1,0,3,2,0,2,0,5,1,0,83,0,4,4
19/08/2020,1,1,3,0,1,1,8,0,1,4,0,6,3,0,49,0,3,1
20/08/2020,0,0,1,0,2,2,8,1,0,3,1,5,1,0,96,0,12,2
21/08/2020,0,0,0,0,0,0,5,0,0,1,0,3,1,0,67,0,8,1
22/08/2020,0,0,3,0,2,2,3,1,1,1,0,3,3,0,80,0,5,0
23/08/2020,0,0,0,0,1,1,3,0,0,1,0,4,3,0,53,0,5,0
24/08/2020,3,3,0,0,1,1,4,1,0,1,1,7,2,0,85,0,9,0
25/08/2020,0,0,0,0,1,1,9,0,1,2,0,9,1,0,105,0,8,3
26/08/2020,1,1,1,0,0,0,5,1,0,2,0,6,3,0,72,0,3,1
27/08/2020,0,0,2,0,1,1,9,1,0,0,0,7,1,0,85,0,7,1
28/08/2020,0,0,2,1,0,1,11,0,0,2,0,7,3,0,100,0,9,0
29/08/2020,0,0,1,0,1,1,3,0,0,2,2,3,0,0,79,0,10,0
30/08/2020,0,0,1,0,3,2,4,0,1,1,0,8,1,0,78,0,2,0
31/08/2020,0,0,0,0,3,0,13,1,0,0,0,2,1,0,85,0,11,2
01/09/2020,0,0,0,0,0,0,15,0,2,3,0,7,1,0,83,0,16,1
02/09/2020,0,0,0,1,0,1,3,1,0,0,0,2,2,0,71,0,6,0
03/09/2020,1,1,0,0,1,0,12,2,0,0,0,3,2,0,44,0,4,0
04/09/2020,0,0,1,0,0,1,2,0,0,1,0,4,1,0,52,0,6,0
05/09/2020,1,1,0,0,0,1,3,1,1,1,0,3,0,0,72,0,11,0
06/09/2020,0,0,0,0,1,1,4,1,0,0,0,6,2,0,43,0,11,0
07/09/2020,0,0,0,0,0,1,6,1,0,0,0,4,1,0,67,0,6,1
08/09/2020,1,1,1,0,1,0,3,0,2,0,1,3,2,0,44,0,4,0
09/09/2020,0,0,0,0,0,0,5,1,0,0,1,10,0,0,41,0,5,0
10/09/2020,0,0,0,0,0,1,7,1,0,2,0,5,1,0,61,0,8,0
11/09/2020,0,0,2,0,0,0,8,0,0,0,0,2,2,0,40,0,6,0
12/09/2020,0,0,0,0,0,0,1,1,0,0,0,4,0,0,47,0,10,1
13/09/2020,0,0,0,0,0,1,3,1,0,0,0,1,0,0,31,0,2,1
14/09/2020,0,0,0,0,0,0,9,0,0,3,0,5,0,0,55,0,11,0
15/09/2020,0,0,0,0,1,1,7,1,1,1,0,7,3,0,73,0,6,0
16/09/2020,0,0,1,0,0,1,5,0,0,1,0,4,2,1,43,0,4,0
17/09/2020,0,0,0,0,1,0,5,1,0,3,0,6,1,0,56,0,7,0
18/09/2020,1,1,0,1,3,0,6,5,0,0,0,3,1,0,60,0,7,0
19/09/2020,1,1,1,0,2,1,3,2,0,4,1,3,1,0,58,0,5,1
20/09/2020,2,2,0,1,2,0,6,3,0,1,3,9,0,0,81,0,12,0
21/09/2020,0,0,0,0,1,3,5,1,0,5,0,4,1,0,51,0,11,1
22/09/2020,0,0,0,0,0,1,5,0,0,2,0,0,2,0,82,0,8,1
23/09/2020,0,0,1,0,1,0,9,0,0,0,1,4,0,0,49,0,7,0
24/09/2020,1,1,0,0,4,0,9,1,0,1,1,5,1,0,50,0,6,0
25/09/2020,0,0,0,0,0,0,11,0,0,4,0,4,1,0,73,0,8,0
26/09/2020,0,0,2,0,3,0,7,1,0,1,0,1,0,0,58,0,1,0
27/09/2020,1,1,0,0,0,0,7,0,0,0,1,3,3,0,46,0,6,1
28/09/2020,1,1,0,0,4,0,13,2,0,5,0,1,1,0,66,0,8,0
29/09/2020,0,0,0,0,3,2,11,1,0,6,0,3,2,0,71,0,8,1
30/09/2020,1,1,0,1,1,1,7,4,1,2,0,4,1,0,68,0,7,2
01/10/2020,0,0,2,2,1,0,14,2,0,11,0,2,2,0,87,0,8,0
02/10/2020,0,0,0,1,0,2,5,1,0,4,0,7,5,0,89,0,5,0
03/10/2020,1,1,0,0,1,1,10,1,1,7,0,1,0,0,70,0,3,0
04/10/2020,1,1,0,0,2,0,6,1,1,3,0,3,5,0,71,0,8,1
05/10/2020,0,0,0,0,1,0,13,1,0,3,0,5,4,0,104,0,17,0
06/10/2020,0,0,1,0,1,1,5,0,0,4,2,2,2,1,92,0,11,0
07/10/2020,0,0,1,0,3,2,4,0,0,7,0,7,2,0,100,0,7,0
08/10/2020,0,0,0,0,0,2,14,0,3,0,0,3,1,0,121,0,8,1
09/10/2020,0,0,0,0,2,0,9,0,0,0,0,11,3,0,115,0,7,0
10/10/2020,1,1,2,1,2,1,18,0,0,7,1,8,4,0,171,0,7,1
11/10/2020,0,0,1,0,2,1,14,0,0,2,0,2,0,0,127,0,11,1
12/10/2020,0,0,0,0,0,0,9,0,0,1,1,7,2,0,133,0,11,0
13/10/2020,1,1,1,0,1,0,13,0,2,1,0,10,2,0,134,0,10,0
14/10/2020,0,0,1,0,3,0,14,1,1,2,0,12,3,0,146,0,7,0
15/10/2020,0,0,1,0,3,2,12,0,0,1,0,4,2,0,147,0,11,2
16/10/2020,0,0,0,0,1,1,8,2,0,4,0,1,4,0,143,0,14,1
17/10/2020,3,3,1,0,2,2,12,0,1,1,0,6,2,0,151,0,10,3
18/10/2020,0,0,0,0,3,2,15,0,0,5,0,3,2,0,158,0,14,2
19/10/2020,1,1,0,0,2,0,17,0,2,3,0,5,3,0,196,0,16,1
20/10/2020,1,1,2,1,0,4,14,1,1,1,0,13,0,0,229,0,12,1
21/10/2020,0,0,2,0,1,0,13,0,2,1,0,8,1,0,117,0,9,0
22/10/2020,0,0,0,0,2,2,15,1,0,1,0,5,5,0,143,1,12,0
23/10/2020,4,4,0,0,2,2,12,1,0,0,0,5,4,1,118,0,7,1
24/10/2020,0,0,0,0,3,1,16,0,0,3,0,8,0,0,144,0,9,2
25/10/2020,0,0,0,0,2,0,11,2,0,1,0,12,1,0,183,0,8,1
26/10/2020,1,1,1,0,3,0,19,0,0,0,0,13,3,0,215,0,12,0
27/10/2020,0,0,0,0,3,0,13,0,0,1,0,7,5,0,169,0,14,0
28/10/2020,0,0,0,0,1,0,14,0,1,2,0,11,1,0,181,0,8,1
29/10/2020,0,0,0,0,1,2,3,2,1,4,0,10,3,0,146,0,12,4
30/10/2020,0,0,0,0,1,0,11,1,1,0,0,11,2,0,189,0,14,2
31/10/2020,0,0,0,1,1,1,18,1,1,1,0,9,5,1,181,0,10,1
01/11/2020,1,1,0,0,1,2,14,1,1,0,0,8,4,0,206,0,15,3
02/11/2020,3,3,0,0,0,0,17,1,0,0,0,16,4,1,242,0,20,3
03/11/2020,1,1,2,0,0,1,20,0,0,0,0,8,5,0,205,0,17,0
04/11/2020,0,0,1,0,8,1,16,0,1,2,0,13,4,0,174,0,15,1
05/11/2020,2,2,1,0,0,1,17,2,1,2,0,8,7,0,173,0,11,3
06/11/2020,1,1,0,0,0,3,21,1,1,2,1,17,3,1,207,0,18,4
07/11/2020,0,0,1,0,2,0,9,2,3,2,0,15,5,0,191,0,15,4
08/11/2020,2,2,0,1,3,0,18,1,1,2,0,16,4,0,224,0,11,2
09/11/2020,0,0,0,0,2,2,18,2,4,2,0,14,3,0,258,0,13,1
10/11/2020,1,1,0,0,5,3,15,2,1,4,2,22,7,0,300,0,15,3
11/11/2020,0,0,0,1,3,0,20,1,1,2,1,11,3,0,186,0,9,0
12/11/2020,1,1,0,0,4,2,15,2,1,5,0,12,5,0,197,0,13,3
13/11/2020,1,1,1,0,2,0,17,3,1,13,1,12,2,0,182,0,12,1
14/11/2020,0,0,2,0,1,4,14,0,0,1,1,17,4,0,197,0,10,3
15/11/2020,2,2,0,0,2,0,23,0,0,2,0,16,3,1,266,0,18,2
16/11/2020,3,3,0,0,2,1,27,1,1,2,0,12,2,0,267,1,36,1
17/11/2020,1,1,2,0,1,1,21,0,1,3,0,17,8,1,236,1,23,2
18/11/2020,3,3,0,1,2,3,28,1,3,2,0,10,13,1,238,0,13,3
19/11/2020,0,0,0,0,2,1,20,1,1,2,1,13,4,0,251,0,15,3
20/11/2020,1,1,0,0,2,2,30,0,1,5,0,18,9,0,421,1,17,2
21/11/2020,0,0,0,2,5,3,21,1,0,2,0,20,6,0,249,2,26,4
22/11/2020,1,1,1,0,1,2,19,0,0,2,2,12,5,0,303,0,19,2
23/11/2020,2,2,0,0,4,4,24,0,1,6,0,12,8,0,293,2,24,1
24/11/2020,0,0,3,2,1,1,21,2,0,2,2,18,3,0,271,1,25,5
25/11/2020,4,4,0,1,6,1,29,2,0,1,1,8,9,0,289,0,18,2
26/11/2020,1,1,0,0,3,0,19,0,4,1,2,18,1,0,246,0,27,7
27/11/2020,1,1,0,0,2,4,13,0,2,0,0,15,8,1,249,0,27,2
28/11/2020,1,1,0,0,2,3,31,0,1,2,0,13,8,0,252,1,19,1
29/11/2020,0,0,1,0,3,1,18,2,0,2,0,18,4,1,262,1,14,3
30/11/2020,0,0,0,0,8,0,26,1,0,3,0,21,4,0,372,0,25,3
01/12/2020,2,2,1,1,3,1,31,3,1,1,0,20,7,0,355,2,24,4
02/12/2020,2,2,2,0,1,0,29,2,3,3,1,24,8,0,286,0,25,0
03/12/2020,1,1,1,0,5,0,19,2,1,2,0,23,8,0,234,0,17,2
04/12/2020,2,2,0,0,1,1,16,1,1,3,0,21,6,0,232,2,20,5
05/12/2020,0,0,0,0,5,1,25,2,1,1,1,21,7,0,263,1,24,1
06/12/2020,0,0,0,2,3,0,36,1,0,4,0,30,1,0,224,0,15,3
07/12/2020,1,1,0,0,6,1,34,1,2,2,0,12,11,0,354,3,29,0
08/12/2020,3,3,1,1,7,1,29,5,3,2,0,21,4,2,291,2,19,0
09/12/2020,0,0,0,0,9,0,22,0,3,3,0,15,12,0,197,0,22,1
10/12/2020,2,2,0,1,10,4,37,2,5,5,0,16,6,0,268,1,18,2
11/12/2020,0,0,0,2,6,2,29,1,3,3,1,16,5,0,267,0,19,2
12/12/2020,5,5,0,0,10,0,35,2,1,1,0,13,5,0,265,0,21,2
13/12/2020,1,1,1,0,5,0,31,3,1,1,0,10,5,1,233,0,20,2
14/12/2020,5,5,0,0,4,2,28,3,0,3,0,17,15,1,299,0,32,2
15/12/2020,1,1,0,0,4,3,24,3,0,2,1,21,4,2,229,1,22,3
16/12/2020,0,0,0,0,1,1,16,4,1,2,0,15,2,1,189,0,15,6
17/12/2020,3,3,0,1,2,0,11,1,1,3,0,11,2,0,182,0,24,2
18/12/2020,2,2,0,0,1,2,18,1,0,4,0,18,8,0,211,0,28,3
19/12/2020,0,0,0,1,2,2,18,6,2,2,1,16,9,0,202,0,22,2
20/12/2020,4,4,1,1,4,2,26,2,4,1,1,17,3,0,283,0,28,0
21/12/2020,2,2,0,0,6,1,21,2,1,4,0,14,9,0,257,1,31,2
22/12/2020,0,0,3,2,0,2,21,1,3,3,0,17,7,0,248,0,23,5
23/12/2020,0,0,0,1,5,0,14,0,1,5,0,20,6,0,171,0,18,1
24/12/2020,1,1,0,0,3,2,24,1,2,4,0,20,4,1,269,0,27,1
25/12/2020,0,0,1,0,5,1,29,2,0,6,0,19,4,0,247,2,20,3
26/12/2020,3,3,0,2,3,1,27,0,0,1,0,18,8,0,276,1,21,1
27/12/2020,0,0,0,2,4,2,27,1,0,1,0,26,8,0,344,1,28,2
28/12/2020,1,1,1,0,5,3,34,3,1,4,1,27,4,1,410,1,31,1
29/12/2020,0,0,0,2,1,1,14,2,1,2,0,22,6,1,218,1,20,5
30/12/2020,1,1,0,1,1,3,33,2,3,0,0,25,4,1,305,1,21,0
31/12/2020,3,3,1,0,6,1,20,3,0,2,0,28,9,0,293,3,22,7
01/01/2021,2,2,1,3,7,2,52,3,0,9,2,20,13,1,451,2,46,7
02/01/2021,0,0,2,0,5,3,27,3,0,3,0,19,5,0,351,3,39,3
03/01/2021,0,0,1,1,7,3,30,1,2,4,0,28,12,2,412,2,32,1
04/01/2021,2,2,1,2,5,1,40,9,4,1,2,41,16,1,447,1,34,4
05/01/2021,3,3,1,2,10,2,35,2,1,5,0,29,8,3,436,0,32,8
06/01/2021,0,0,0,1,3,5,24,3,0,1,0,20,12,1,364,0,38,11
07/01/2021,3,3,2,0,9,4,39,4,1,2,0,33,14,0,385,1,38,5
08/01/2021,5,5,3,0,9,3,28,4,2,0,0,38,16,0,399,1,39,5
09/01/2021,3,3,0,0,9,6,30,3,1,2,0,25,15,1,370,3,39,4
10/01/2021,0,0,1,0,7,9,29,8,1,1,1,40,18,0,454,1,40,6
11/01/2021,2,2,0,0,10,0,28,7,2,1,0,33,15,3,518,4,51,8
12/01/2021,2,2,2,0,7,2,32,6,1,6,2,15,16,1,412,3,32,6
13/01/2021,1,1,2,1,10,3,22,8,4,4,0,28,12,0,385,2,36,6
14/01/2021,1,1,2,0,10,4,35,11,0,2,2,30,13,2,361,1,24,6
15/01/2021,2,2,4,0,10,5,31,5,1,5,1,27,13,1,417,1,48,3
16/01/2021,3,3,0,0,11,4,22,5,3,3,1,40,9,1,356,5,55,7
17/01/2021,4,4,2,2,5,3,29,3,2,3,2,41,14,0,288,3,27,4
18/01/2021,4,4,0,0,12,4,54,6,0,10,1,38,13,0,470,2,45,6
19/01/2021,0,0,1,3,1,6,36,1,2,3,1,34,10,1,350,0,31,4
20/01/2021,3,3,0,2,9,7,28,1,4,2,0,28,11,1,402,1,42,5
21/01/2021,2,2,0,0,13,3,22,3,2,1,0,32,11,3,246,2,33,6
22/01/2021,4,4,0,0,11,4,25,4,1,1,0,33,15,0,329,1,38,6
23/01/2021,2,2,0,0,10,4,17,3,1,1,0,27,7,1,279,1,30,7
24/01/2021,1,1,0,0,4,1,31,4,0,1,1,17,10,0,259,1,29,4
25/01/2021,3,3,0,1,12,1,28,6,2,0,0,26,15,0,343,3,44,9
26/01/2021,3,3,0,0,8,4,19,3,1,0,0,21,13,1,239,2,22,4
27/01/2021,2,2,0,1,9,4,15,2,0,0,0,27,8,1,232,0,13,6
28/01/2021,2,2,0,0,6,1,5,1,2,1,1,20,8,2,176,1,38,5
29/01/2021,3,3,0,1,13,3,17,3,0,0,0,21,10,3,200,3,26,4
30/01/2021,1,1,0,1,9,1,12,6,2,1,0,14,5,2,188,3,15,8
31/01/2021,4,4,1,0,0,0,10,2,2,0,0,14,2,1,193,1,23,7
01/02/2021,5,5,1,1,11,3,29,5,0,1,0,33,7,3,275,2,33,5
02/02/2021,2,2,1,0,4,3,12,2,2,1,0,24,14,1,209,0,20,2
03/02/2021,1,1,0,0,4,5,12,1,1,0,0,13,7,3,176,0,22,4
04/02/2021,0,0,2,0,5,6,11,0,1,3,0,17,9,2,180,0,27,0
05/02/2021,3,3,0,0,4,2,12,6,1,1,0,21,10,1,168,1,19,4
06/02/2021,1,1,0,0,3,1,10,1,2,4,0,22,6,0,167,1,13,0
07/02/2021,3,3,0,0,2,1,11,3,0,0,0,23,8,0,146,1,17,6
08/02/2021,1,1,0,0,4,6,26,0,0,2,0,21,18,0,205,3,33,6
09/02/2021,2,2,0,0,1,3,15,0,0,0,0,14,10,0,150,1,28,3
10/02/2021,0,0,3,0,4,6,11,1,0,0,0,18,4,1,169,1,28,5
11/02/2021,1,1,1,0,2,5,19,1,2,0,0,18,14,0,138,0,28,2
12/02/2021,0,0,0,0,5,5,11,3,0,0,0,21,14,0,142,1,26,7
13/02/2021,1,1,1,0,5,7,15,3,0,1,0,20,10,0,167,3,25,9
14/02/2021,0,0,0,0,4,3,12,2,2,0,0,27,10,0,172,0,32,3
15/02/2021,3,3,0,0,10,1,15,3,3,3,0,28,8,0,222,1,37,4
16/02/2021,2,2,0,0,3,4,12,0,0,1,0,19,11,1,166,1,23,5
17/02/2021,2,2,1,0,6,3,12,2,0,0,0,10,5,1,139,0,19,4
18/02/2021,0,0,3,0,3,4,14,0,1,3,0,17,6,0,168,0,24,6
19/02/2021,0,0,0,1,5,7,21,1,1,0,0,14,18,1,194,0,28,3
20/02/2021,5,5,3,1,4,5,15,1,0,0,0,14,12,1,183,1,35,4
21/02/2021,3,3,0,0,3,2,16,1,1,0,0,16,6,0,174,0,36,6
22/02/2021,3,3,1,1,2,3,17,1,2,0,0,29,13,0,197,2,43,2
23/02/2021,3,3,0,0,8,2,14,1,1,0,0,19,14,1,141,1,41,5
24/02/2021,1,1,0,0,2,0,12,0,0,0,0,20,10,1,171,0,44,7
25/02/2021,1,1,1,0,2,4,14,1,1,0,0,14,4,2,162,0,43,5
26/02/2021,0,0,0,0,2,1,18,2,1,0,0,18,10,0,189,0,45,5
27/02/2021,1,1,1,1,5,3,7,0,5,1,0,13,12,3,170,0,35,3
28/02/2021,2,2,3,1,2,8,12,1,2,0,0,22,10,2,201,1,59,3
01/03/2021,5,5,1,0,7,2,24,3,1,0,0,23,8,1,261,0,58,6
02/03/2021,2,2,2,0,1,3,10,2,2,1,0,19,3,3,149,0,30,5
03/03/2021,2,2,1,0,2,3,18,0,2,0,0,17,9,1,173,1,35,8
04/03/2021,1,1,2,0,4,3,10,1,0,0,1,19,4,3,145,0,39,5
05/03/2021,0,0,0,0,0,4,8,2,3,1,0,18,9,0,149,0,49,2
06/03/2021,1,1,0,0,1,5,8,3,0,0,0,14,8,0,162,0,28,6
07/03/2021,1,1,0,0,1,4,9,0,1,0,0,13,10,2,134,1,28,5
08/03/2021,1,1,2,0,5,3,12,2,5,0,0,16,7,2,162,0,39,4
09/03/2021,1,1,0,0,3,4,18,1,2,0,0,24,9,0,157,1,22,0
10/03/2021,3,3,0,0,4,1,8,3,2,0,0,12,11,0,115,0,38,3
11/03/2021,2,2,1,0,1,0,4,1,3,1,0,15,6,1,90,0,25,2
12/03/2021,0,0,0,0,6,0,6,0,2,0,0,13,7,0,106,1,18,2
13/03/2021,0,0,0,0,4,1,6,3,0,0,0,5,5,1,121,1,24,3
14/03/2021,2,2,1,0,2,2,9,2,0,0,0,12,6,1,118,0,26,1
15/03/2021,0,0,0,0,6,2,8,2,1,0,0,15,10,2,118,0,35,4
16/03/2021,1,1,0,0,2,1,9,0,1,0,0,11,4,1,118,0,32,1
17/03/2021,1,1,0,0,3,2,6,1,1,4,0,10,7,0,89,0,26,4
18/03/2021,0,0,0,0,4,1,3,1,1,0,0,15,9,0,117,0,44,2
19/03/2021,3,3,1,0,0,2,13,3,0,0,0,7,9,0,112,1,27,5
20/03/2021,2,2,1,0,1,1,3,1,0,1,0,9,3,2,103,0,30,2
21/03/2021,1,1,0,0,0,1,6,0,0,0,0,10,4,1,84,0,28,0
22/03/2021,0,0,1,0,1,2,8,1,0,0,0,8,8,0,81,1,31,5
23/03/2021,1,1,0,0,3,0,8,0,0,0,0,10,5,0,79,0,22,6
24/03/2021,1,1,0,0,4,3,8,1,0,0,0,12,8,0,75,0,27,1
25/03/2021,3,3,0,0,0,3,5,0,0,0,0,3,0,1,68,0,27,1
26/03/2021,0,0,0,0,0,1,10,0,0,0,0,7,3,0,74,0,21,0
27/03/2021,1,1,0,0,1,1,2,0,0,0,0,16,1,0,68,0,22,1
28/03/2021,2,2,1,0,2,0,3,3,0,0,0,9,4,0,86,1,24,1
29/03/2021,0,0,0,1,0,0,7,0,1,0,0,9,5,0,79,0,27,2
30/03/2021,3,3,0,0,1,1,4,1,0,0,0,6,5,0,82,0,17,1
31/03/2021,2,2,0,0,1,1,5,0,0,0,0,4,0,0,75,0,27,0
01/04/2021,2,2,1,0,2,2,17,2,2,0,0,11,6,1,100,0,56,1
02/04/2021,1,1,0,0,0,0,11,1,0,0,0,10,3,0,79,0,14,2
03/04/2021,0,0,0,0,2,5,7,1,0,2,0,4,3,0,89,0,20,0
04/04/2021,0,0,1,0,5,0,7,1,0,1,0,7,7,0,72,0,31,0
05/04/2021,1,1,0,0,2,2,6,1,0,0,0,6,4,1,93,0,31,3
06/04/2021,0,0,0,0,0,0,5,1,0,1,0,9,1,0,82,0,20,0
07/04/2021,0,0,2,0,0,0,6,2,0,4,0,1,7,0,76,0,22,3
08/04/2021,1,1,0,0,1,0,7,0,0,1,0,6,4,0,56,1,25,2
09/04/2021,1,1,0,0,0,0,5,2,0,0,0,4,2,1,70,0,27,1
10/04/2021,0,0,1,0,0,1,5,1,0,1,0,1,2,0,74,0,16,0
11/04/2021,1,1,0,1,0,0,6,0,0,1,0,4,1,0,62,0,19,1
12/04/2021,0,0,0,0,3,0,11,0,0,0,0,9,3,0,72,0,25,2
13/04/2021,0,0,1,0,0,0,7,2,0,2,4,6,6,0,50,0,11,0
14/04/2021,0,0,0,0,0,0,6,0,0,3,1,6,2,0,63,0,8,2
15/04/2021,0,0,0,0,1,2,8,0,0,0,1,3,4,0,59,0,7,2
16/04/2021,3,3,0,0,2,1,10,0,0,0,1,3,1,0,64,0,14,3
17/04/2021,0,0,0,1,0,0,4,0,0,1,2,3,4,0,69,1,18,2
18/04/2021,0,0,0,0,2,4,12,1,1,1,0,8,2,0,69,0,14,2
19/04/2021,2,2,0,0,3,1,14,0,0,2,1,6,3,0,67,0,8,3
20/04/2021,0,0,0,0,1,3,13,1,0,1,0,9,7,0,66,0,35,3
21/04/2021,0,0,0,0,0,1,9,1,0,5,0,4,0,0,56,0,11,0
22/04/2021,1,1,1,0,1,1,5,1,0,0,2,3,1,0,34,0,4,2
23/04/2021,0,0,0,0,2,0,5,0,1,0,1,5,0,1,45,1,13,0
24/04/2021,2,2,1,0,0,0,2,0,0,0,2,2,1,0,51,0,10,0
25/04/2021,1,1,0,0,0,1,3,0,1,1,1,9,2,0,46,0,8,1
26/04/2021,0,0,0,0,0,1,8,0,0,0,0,5,1,0,53,0,9,2
27/04/2021,0,0,0,0,0,2,7,0,0,0,0,3,0,0,36,0,10,1
28/04/2021,0,0,0,0,1,0,2,0,0,1,0,4,1,0,35,0,12,1
29/04/2021,1,1,0,0,0,0,4,0,0,0,0,7,0,0,29,0,9,0
30/04/2021,1,1,0,0,1,2,1,0,0,4,0,1,1,0,30,0,21,3
01/05/2021,1,1,0,0,1,1,4,0,0,0,1,6,1,1,34,0,26,0
02/05/2021,0,0,0,0,0,1,3,1,0,0,2,7,0,0,21,0,9,0
03/05/2021,1,1,1,0,0,1,1,0,0,2,1,5,0,0,41,0,12,3
04/05/2021,1,1,0,0,1,3,2,0,0,0,1,3,0,1,26,0,6,1
05/05/2021,0,0,0,0,1,1,3,0,0,0,0,1,0,0,17,0,16,1
06/05/2021,0,0,0,0,0,0,2,0,0,1,0,2,0,0,21,0,15,0
07/05/2021,0,0,0,0,0,0,4,0,0,0,0,2,1,0,21,0,4,0
08/05/2021,0,0,0,0,1,1,4,1,0,1,0,0,0,0,26,0,2,0
09/05/2021,2,2,0,0,0,1,0,0,0,0,0,0,0,0,19,0,1,1
10/05/2021,0,0,0,0,0,1,1,0,0,1,1,4,0,0,33,0,5,0
11/05/2021,0,0,0,0,0,1,4,0,0,1,0,2,2,0,23,0,3,0
12/05/2021,0,0,0,0,1,0,1,0,0,0,0,0,1,0,22,0,8,0
13/05/2021,1,1,0,0,0,0,5,0,0,0,0,4,0,0,9,0,2,0
14/05/2021,0,0,0,1,0,1,1,0,0,1,0,2,1,0,21,0,1,1
15/05/2021,0,0,0,0,1,1,6,0,0,1,0,1,2,0,14,0,1,0
16/05/2021,0,0,0,0,0,0,2,0,0,1,0,2,0,0,13,0,3,0
17/05/2021,0,0,0,1,0,1,1,0,0,1,0,3,2,1,24,0,5,0
18/05/2021,0,0,0,0,0,1,0,0,0,0,0,2,1,0,12,0,2,1
19/05/2021,0,0,0,0,0,1,1,0,0,0,0,3,1,0,11,0,1,2
20/05/2021,1,1,1,0,0,0,0,0,0,1,0,4,0,0,15,0,4,1
21/05/2021,0,0,0,0,1,0,0,0,0,0,0,4,0,0,18,0,10,1
22/05/2021,0,0,0,0,1,1,2,0,0,1,0,0,1,0,16,0,2,0
23/05/2021,0,0,0,0,1,0,3,0,0,0,0,2,1,0,17,0,3,0
24/05/2021,0,0,0,0,2,0,6,0,0,0,0,8,0,0,17,0,2,0
25/05/2021,0,0,0,0,1,0,1,0,1,2,0,1,1,0,19,0,5,0
26/05/2021,0,0,0,0,1,0,2,0,0,0,0,3,0,1,11,0,2,0
27/05/2021,1,1,0,0,1,0,2,0,0,4,0,1,0,0,5,0,2,0
28/05/2021,0,0,0,0,0,1,1,0,0,0,0,1,2,0,14,0,3,0
29/05/2021,0,0,0,0,0,0,0,0,0,0,0,2,0,0,6,0,2,0
30/05/2021,1,1,0,0,0,0,0,0,0,0,0,0,0,1,11,0,2,0
31/05/2021,0,0,0,0,0,0,0,0,0,0,0,2,0,0,19,0,5,0
01/06/2021,0,0,0,0,0,0,1,0,0,0,0,6,2,0,20,0,2,1
02/06/2021,0,0,0,0,0,0,1,0,0,0,0,1,0,0,9,0,1,0
03/06/2021,0,0,0,0,0,0,2,0,0,0,0,0,0,0,6,0,2,0
04/06/2021,2,2,0,0,1,0,0,3,0,0,0,3,0,0,8,0,1,0
05/06/2021,0,0,0,0,0,0,0,0,0,0,0,0,0,0,10,0,2,0
06/06/2021,0,0,0,0,0,0,1,0,0,0,0,0,0,0,9,1,1,0
07/06/2021,0,0,0,0,2,0,1,0,0,0,0,3,0,0,4,0,2,0
08/06/2021,0,0,0,0,0,0,1,0,0,0,0,3,0,0,14,0,2,0
09/06/2021,0,0,0,0,0,0,1,0,0,0,0,1,3,0,10,0,2,0
10/06/2021,0,0,0,0,0,0,1,0,0,0,0,1,0,0,11,0,2,0
11/06/2021,0,0,0,0,0,0,0,0,0,0,0,1,0,0,6,0,1,0
12/06/2021,0,0,0,0,0,0,0,0,0,0,0,2,0,0,8,0,0,0
13/06/2021,0,0,0,0,0,1,2,1,0,0,0,0,0,0,9,0,0,0
14/06/2021,0,0,0,0,0,0,1,0,0,0,0,2,0,0,14,2,1,0
15/06/2021,0,0,0,0,0,0,2,0,1,0,0,1,0,0,14,0,1,0
16/06/2021,0,0,0,0,1,0,1,0,0,0,0,1,1,0,8,0,3,0
17/06/2021,0,0,0,0,1,0,1,0,0,0,0,2,0,0,11,0,3,0
18/06/2021,1,1,0,0,0,0,2,0,0,0,0,2,0,0,5,0,4,0
19/06/2021,1,1,0,0,0,0,1,0,0,0,0,2,0,0,12,0,0,0
20/06/2021,0,0,0,0,0,0,3,0,0,0,0,1,0,0,24,0,2,0
21/06/2021,1,1,0,0,0,0,4,0,0,0,0,2,1,0,23,0,3,0
22/06/2021,0,0,0,0,0,0,5,0,0,0,0,3,0,0,12,0,4,1
23/06/2021,0,0,0,0,0,0,3,0,0,0,0,2,0,0,19,0,1,0
24/06/2021,0,0,0,0,0,0,1,1,0,0,0,4,0,0,12,0,2,0
25/06/2021,0,0,0,1,0,0,6,1,0,1,0,3,0,0,18,0,4,0
26/06/2021,2,2,0,0,0,0,1,0,0,0,0,3,0,0,23,0,7,0
27/06/2021,0,0,0,0,1,0,6,0,0,0,0,3,0,0,31,0,2,0
28/06/2021,0,0,0,0,0,0,5,0,0,0,0,6,0,0,60,0,2,0
29/06/2021,1,1,0,0,1,0,18,0,0,1,0,4,0,0,36,0,4,2
30/06/2021,0,0,0,0,0,1,5,1,0,0,0,4,1,1,56,0,3,0
01/07/2021,0,0,0,0,1,0,7,1,0,1,0,5,2,0,43,0,4,1
02/07/2021,0,0,0,0,3,0,6,0,0,2,0,4,1,0,71,0,7,1
03/07/2021,2,2,0,0,2,1,13,0,0,2,0,7,1,0,68,0,5,1
04/07/2021,0,0,0,0,1,0,7,0,0,3,0,8,0,1,51,0,4,1
05/07/2021,1,1,0,0,1,1,7,0,0,1,0,8,1,0,78,0,4,0
06/07/2021,0,0,0,0,3,0,9,2,0,1,0,8,0,0,72,0,3,0
07/07/2021,0,0,0,0,0,1,14,3,1,1,0,7,3,2,85,0,3,1
08/07/2021,0,0,0,0,0,0,8,1,0,2,0,11,4,0,56,1,7,1
09/07/2021,0,0,0,0,2,1,14,3,0,3,0,9,1,0,83,0,8,1
10/07/2021,1,1,0,0,6,1,10,0,1,1,0,13,2,0,95,1,8,2
11/07/2021,1,1,0,0,2,0,9,3,1,2,0,8,4,1,95,1,3,1
12/07/2021,1,1,0,0,3,1,17,1,1,2,0,6,4,0,141,1,14,7
13/07/2021,0,0,0,0,3,3,27,3,0,6,0,13,3,0,124,0,11,0
14/07/2021,1,1,0,0,2,0,24,3,0,4,0,8,5,1,131,0,13,3
15/07/2021,0,0,0,0,1,0,11,0,1,9,0,5,2,0,131,0,13,0
16/07/2021,1,1,0,0,1,0,17,7,0,6,1,5,2,1,114,0,15,3
17/07/2021,0,0,3,0,4,1,17,1,0,7,1,7,1,0,129,1,20,3
18/07/2021,1,1,2,0,1,3,27,3,1,5,2,4,2,0,135,0,15,2
19/07/2021,0,0,0,0,4,4,34,4,0,13,0,15,4,2,211,1,23,5
20/07/2021,0,0,1,2,1,0,24,3,2,10,0,7,3,1,165,0,35,2
21/07/2021,1,1,1,0,4,1,10,5,0,3,2,6,3,3,182,0,32,3
22/07/2021,1,1,1,1,4,0,15,3,0,4,3,7,5,0,162,0,25,1
23/07/2021,0,0,2,1,2,1,11,2,1,4,1,8,4,1,166,2,31,4
24/07/2021,0,0,2,1,4,1,23,1,0,9,0,10,3,1,158,0,36,2
25/07/2021,2,2,4,1,3,1,28,7,2,3,1,11,4,1,187,0,33,0
26/07/2021,0,0,1,1,6,3,29,2,1,6,0,23,2,1,240,0,51,2
27/07/2021,1,1,3,1,4,2,36,3,0,8,1,12,6,0,241,0,50,0
28/07/2021,4,4,1,3,5,3,22,5,2,13,0,17,5,0,215,0,45,1
29/07/2021,1,1,2,1,5,6,16,4,0,7,0,12,5,3,174,0,51,2
30/07/2021,0,0,1,0,4,7,19,4,1,6,1,20,9,0,215,0,42,2
31/07/2021,4,4,0,1,5,1,16,4,0,7,1,16,8,1,219,0,38,1
01/08/2021,4,4,1,6,4,7,29,5,0,21,4,20,10,1,264,1,46,2
02/08/2021,3,3,3,4,22,5,25,6,0,7,2,28,11,2,258,3,52,5
03/08/2021,6,6,3,4,9,9,32,4,1,7,1,26,14,1,246,1,44,4
04/08/2021,3,3,1,6,21,8,28,5,1,12,4,24,4,0,205,0,40,2
05/08/2021,6,6,3,3,11,4,17,11,0,14,1,24,9,0,221,0,59,5
06/08/2021,6,6,3,8,9,6,24,5,1,20,1,23,10,0,254,1,44,6
07/08/2021,3,3,3,5,14,11,42,8,0,11,2,20,8,1,234,2,63,3
08/08/2021,8,8,1,6,13,9,32,2,0,26,1,22,6,0,221,4,53,4
09/08/2021,8,8,4,10,13,16,27,6,0,26,9,18,15,1,300,1,54,7
10/08/2021,6,6,2,11,15,7,24,6,1,29,5,26,12,2,242,4,63,9
11/08/2021,8,8,4,5,12,11,26,6,1,9,1,25,10,4,207,2,52,3
12/08/2021,6,6,3,8,15,14,25,8,1,35,3,16,5,2,205,4,39,6
13/08/2021,5,5,5,5,14,10,22,8,0,30,6,26,9,5,258,1,51,3
14/08/2021,5,5,2,8,22,6,28,8,0,28,3,19,7,2,219,1,56,5
15/08/2021,5,5,2,2,11,12,27,6,1,21,4,23,10,0,243,3,50,4
16/08/2021,5,5,2,9,18,9,38,1,1,9,4,35,11,0,319,2,83,10
17/08/2021,5,5,4,7,19,6,24,5,0,25,4,22,5,1,244,8,53,4
18/08/2021,5,5,0,6,12,5,24,6,1,18,3,22,12,1,250,0,44,4
19/08/2021,7,7,3,6,11,11,22,5,0,23,0,21,5,1,196,6,39,3
20/08/2021,13,13,4,17,17,9,26,4,0,38,2,24,7,1,233,6,53,5
21/08/2021,5,5,4,14,14,5,16,7,0,27,2,20,3,1,210,2,33,5
22/08/2021,5,5,2,5,10,4,25,6,1,16,2,20,5,0,184,7,42,3
23/08/2021,8,8,6,8,23,8,28,7,3,16,1,28,9,1,233,7,46,9
24/08/2021,4,4,4,5,8,7,20,4,1,18,1,20,9,2,214,0,67,4
25/08/2021,9,9,1,11,7,4,20,2,0,26,2,17,9,1,196,2,46,9
26/08/2021,6,6,7,3,17,8,19,2,1,13,0,13,7,0,170,1,28,2
27/08/2021,10,10,4,5,9,3,20,5,2,21,0,18,6,1,192,3,27,6
28/08/2021,5,5,0,7,10,3,27,6,0,17,1,26,4,0,188,4,44,6
29/08/2021,8,8,1,4,14,7,32,3,2,11,1,20,6,1,194,5,25,5
30/08/2021,2,2,2,1,14,14,30,8,2,20,4,14,12,1,191,3,51,8
31/08/2021,3,3,2,1,17,4,20,10,0,10,2,28,10,0,161,7,33,7
01/09/2021,7,7,3,3,10,5,32,7,4,12,9,18,12,0,178,7,62,2
02/09/2021,5,5,5,3,17,5,12,1,1,10,3,17,3,1,187,0,41,6
03/09/2021,9,9,4,2,9,11,26,1,1,17,3,28,11,4,156,0,37,15
04/09/2021,5,5,5,0,9,6,10,4,1,7,1,20,6,1,142,5,27,8
05/09/2021,5,5,3,4,9,7,22,4,0,3,2,26,12,3,126,2,27,6
06/09/2021,6,6,6,5,6,7,19,9,1,10,2,23,7,1,193,5,60,11
07/09/2021,6,6,2,0,4,7,16,5,1,5,2,16,13,0,165,0,43,3
08/09/2021,5,5,2,2,6,5,15,2,1,11,2,15,7,1,142,2,24,8
09/09/2021,4,4,2,2,6,1,9,3,2,6,0,13,7,3,107,3,26,4
10/09/2021,2,2,2,1,3,5,19,2,1,11,1,19,2,0,129,3,26,4
11/09/2021,4,4,0,2,4,9,18,0,0,6,1,16,2,2,83,4,21,1
12/09/2021,2,2,1,1,6,3,11,0,1,6,1,9,6,0,97,4,16,7
13/09/2021,5,5,0,1,4,7,19,0,2,11,0,21,10,1,141,2,29,7
14/09/2021,1,1,1,2,4,5,15,1,2,2,1,7,5,2,86,1,27,7
15/09/2021,4,4,3,1,2,6,14,2,3,10,4,13,5,3,119,6,26,2
16/09/2021,6,6,1,0,6,0,16,0,3,6,5,12,2,0,82,2,20,6
17/09/2021,3,3,3,2,6,3,17,0,0,9,2,14,3,1,123,0,23,4
18/09/2021,4,4,4,1,4,9,17,2,1,6,0,15,2,1,135,5,23,4
19/09/2021,2,2,1,2,1,7,8,0,1,6,1,19,2,2,118,3,19,8
20/09/2021,5,5,7,2,2,3,17,2,1,8,2,5,5,2,114,1,16,6
21/09/2021,2,2,2,1,4,1,15,3,0,2,1,13,5,0,81,4,18,4
22/09/2021,0,0,2,1,3,1,9,5,1,3,0,10,9,1,96,2,20,3
23/09/2021,4,4,1,1,7,1,9,4,0,9,1,15,7,2,74,1,9,5
24/09/2021,1,1,2,3,7,1,15,0,0,6,1,8,4,2,82,2,8,1
25/09/2021,4,4,2,2,6,1,11,2,0,5,1,8,8,2,82,1,14,1
26/09/2021,2,2,0,0,4,1,12,2,1,0,2,16,5,0,91,4,9,3
27/09/2021,1,1,3,1,5,1,15,2,2,2,1,13,1,5,91,2,10,1
28/09/2021,1,1,3,0,5,4,10,1,1,1,2,9,4,3,83,0,21,3
29/09/2021,0,0,2,1,6,4,13,0,0,8,0,12,6,5,93,2,11,1
30/09/2021,2,2,4,3,5,2,9,2,1,5,2,14,1,1,84,0,15,0
01/10/2021,1,1,3,0,3,0,8,1,0,9,1,12,3,3,76,0,16,1
02/10/2021,2,2,1,2,0,2,6,0,1,5,2,11,1,3,79,1,6,0
03/10/2021,2,2,1,2,3,2,4,0,1,5,0,7,3,0,93,0,6,0
04/10/2021,3,3,2,0,3,1,10,1,0,6,0,7,7,3,83,0,19,1
05/10/2021,3,3,0,4,3,4,10,0,0,5,1,3,4,1,70,1,9,3
06/10/2021,0,0,0,1,1,1,12,0,0,3,3,9,3,0,49,3,8,2
07/10/2021,2,2,0,1,1,1,6,0,0,2,1,6,7,1,75,1,15,1
08/10/2021,2,2,0,1,1,1,9,0,0,6,1,8,2,0,72,1,18,1
09/10/2021,1,1,1,0,1,0,15,3,1,3,1,7,4,1,60,0,9,1
10/10/2021,2,2,1,0,2,1,11,2,3,5,0,5,2,1,66,0,11,2
11/10/2021,1,1,1,1,3,1,7,0,1,10,4,10,2,0,74,0,13,0
12/10/2021,2,2,0,0,2,1,3,0,1,3,1,8,0,0,63,1,8,0
13/10/2021,0,0,0,0,2,3,6,0,0,4,2,7,3,0,52,0,10,0
14/10/2021,0,0,0,0,3,0,4,2,0,1,1,4,0,0,51,1,7,0
15/10/2021,0,0,2,0,5,0,10,3,1,2,2,5,0,0,48,1,11,0
16/10/2021,1,1,0,0,4,0,5,1,0,0,1,2,2,2,32,1,5,1
17/10/2021,0,0,0,0,5,0,4,0,2,2,0,5,1,0,57,0,7,1
18/10/2021,0,0,0,0,4,0,4,0,3,4,1,6,2,0,69,0,13,4
19/10/2021,0,0,1,0,3,0,5,0,0,3,0,3,3,0,61,0,13,0
20/10/2021,1,1,0,0,3,0,4,3,0,1,0,4,1,0,68,0,21,1
21/10/2021,0,0,0,0,5,1,7,0,0,1,2,7,0,0,52,0,12,1
22/10/2021,0,0,0,2,4,0,10,2,0,0,1,2,0,0,49,0,5,0
23/10/2021,1,1,0,0,1,0,5,0,0,0,0,3,0,0,43,0,5,0
24/10/2021,0,0,0,0,1,0,8,5,0,1,0,9,0,0,45,0,4,3
25/10/2021,0,0,0,0,2,1,10,1,0,3,0,7,1,0,50,0,6,0
26/10/2021,1,1,0,0,0,0,8,0,0,0,0,1,0,0,45,1,6,0
27/10/2021,0,0,0,0,1,0,9,1,0,0,0,5,0,0,18,0,9,1
28/10/2021,0,0,0,0,1,0,8,0,0,0,0,4,2,0,49,0,7,0
29/10/2021,0,0,1,0,0,0,8,1,0,1,0,6,0,0,27,1,4,0
30/10/2021,0,0,0,0,1,0,5,0,0,0,0,6,1,0,29,0,12,1
31/10/2021,0,0,2,0,1,0,7,0,0,1,0,10,2,0,30,0,10,2
01/11/2021,0,0,0,0,4,1,13,0,0,2,2,9,3,0,55,0,9,2
02/11/2021,0,0,0,1,0,1,9,2,0,1,0,11,0,0,31,0,11,2
03/11/2021,0,0,0,0,8,0,1,0,0,1,0,7,0,0,40,1,19,2
04/11/2021,0,0,0,0,0,0,5,0,0,2,0,9,2,0,34,0,10,1
05/11/2021,0,0,0,0,0,1,7,0,0,1,0,7,1,0,36,0,19,1
06/11/2021,0,0,0,1,1,0,5,0,0,0,0,23,2,0,35,0,20,1
07/11/2021,0,0,0,0,1,2,9,0,0,0,0,14,3,0,30,0,28,0
08/11/2021,0,0,1,1,0,0,7,2,0,1,1,9,1,0,39,0,29,1
09/11/2021,0,0,0,0,2,2,7,1,0,1,0,10,2,0,26,0,19,1
10/11/2021,0,0,0,0,1,1,4,1,0,1,0,21,0,0,39,0,18,0
11/11/2021,3,3,0,0,1,1,2,1,0,0,0,14,1,0,27,0,5,0
12/11/2021,0,0,0,1,1,0,2,0,0,0,0,6,0,0,31,0,5,0
13/11/2021,0,0,0,0,0,0,3,1,0,0,0,1,0,1,33,0,9,0
14/11/2021,0,0,0,0,0,0,6,2,0,0,0,8,1,0,16,0,10,0
15/11/2021,0,0,1,0,2,1,7,1,0,0,0,12,0,0,30,0,6,0
16/11/2021,0,0,0,0,0,0,4,0,0,0,0,13,1,0,18,0,15,0
17/11/2021,1,1,0,0,0,2,3,0,0,0,0,11,1,1,35,0,12,0
18/11/2021,0,0,0,0,0,0,2,0,0,0,0,8,1,0,28,0,11,0
19/11/2021,1,1,0,0,0,1,8,0,0,0,0,7,1,0,16,1,7,0
20/11/2021,0,0,0,0,0,0,5,0,0,0,0,8,0,0,25,0,5,1
21/11/2021,1,1,0,0,0,0,4,0,0,0,0,17,1,0,25,0,2,0
22/11/2021,0,0,0,0,0,1,2,0,0,0,0,8,0,0,39,0,7,1
23/11/2021,1,1,0,0,0,0,2,1,0,0,0,7,0,0,27,0,2,0
24/11/2021,0,0,0,0,0,1,2,0,0,1,0,5,0,0,26,0,1,0
25/11/2021,0,0,0,0,0,0,2,0,0,1,0,3,1,0,26,0,1,1
26/11/2021,0,0,1,0,0,0,0,0,0,0,0,6,0,0,35,0,6,0
27/11/2021,0,0,0,0,0,0,2,0,0,1,0,4,0,0,21,0,3,0
28/11/2021,1,1,0,0,0,1,4,0,0,0,1,6,0,1,29,0,6,1
29/11/2021,0,0,0,0,0,0,0,0,0,0,0,9,0,0,32,0,5,1
30/11/2021,1,1,0,0,0,0,4,0,0,0,0,8,2,0,15,0,0,0
01/12/2021,0,0,0,0,0,0,2,0,0,0,0,5,0,2,35,0,6,0
02/12/2021,1,1,0,0,0,0,2,2,0,0,0,6,0,0,18,0,4,0
03/12/2021,1,1,0,0,0,0,0,0,0,0,0,4,0,0,26,0,1,0
04/12/2021,0,0,0,0,0,1,5,0,0,0,0,3,0,0,17,0,2,0
05/12/2021,0,0,0,0,0,0,2,0,0,0,0,4,0,0,20,0,0,0
06/12/2021,0,0,0,0,0,0,8,1,0,0,0,8,0,1,15,0,4,0
07/12/2021,0,0,0,0,0,1,4,0,0,0,0,3,0,0,20,0,5,1
08/12/2021,0,0,0,0,0,0,3,0,0,0,0,4,0,2,18,0,2,0
09/12/2021,0,0,0,0,0,0,1,0,0,2,0,2,0,0,14,0,1,1
10/12/2021,0,0,0,0,1,0,3,0,0,0,0,1,0,0,11,0,1,0
11/12/2021,0,0,0,0,0,0,1,0,0,0,0,2,1,2,15,0,1,0
12/12/2021,0,0,0,0,0,0,2,0,0,0,0,1,2,2,9,0,1,0
13/12/2021,0,0,1,0,0,0,5,0,0,0,0,9,2,1,22,0,1,1
14/12/2021,0,0,0,0,0,0,3,0,0,0,0,4,2,0,25,0,4,1
15/12/2021,0,0,0,0,0,0,1,0,0,0,0,6,1,0,22,0,5,0
16/12/2021,0,0,0,0,0,0,3,0,0,0,0,2,0,0,24,0,2,0
17/12/2021,0,0,0,0,0,0,2,0,0,0,0,2,1,0,21,0,5,0
18/12/2021,0,0,0,0,0,1,4,0,0,0,0,2,0,0,25,0,0,0
19/12/2021,1,1,0,0,0,0,3,1,0,1,0,1,1,0,36,0,2,0
20/12/2021,0,0,0,0,2,0,6,0,0,0,0,8,0,0,50,1,3,1
21/12/2021,0,0,0,0,1,1,7,0,1,0,0,4,0,0,37,0,4,0
22/12/2021,0,0,0,0,1,0,8,1,0,0,0,4,0,0,38,0,4,1
23/12/2021,0,0,0,0,0,0,5,0,1,0,0,1,1,0,35,0,4,1
24/12/2021,1,1,1,0,2,0,7,0,0,0,0,3,3,0,50,3,3,0
25/12/2021,0,0,0,0,0,0,19,1,2,3,1,10,3,0,54,2,8,1
26/12/2021,2,2,0,1,0,1,11,0,0,1,0,19,5,0,101,1,23,0
27/12/2021,0,0,0,0,1,3,14,0,0,5,0,5,3,0,119,2,18,0
28/12/2021,1,1,1,0,0,0,17,1,0,3,0,8,3,0,108,0,14,1
29/12/2021,2,2,1,0,2,0,8,0,0,1,0,7,2,0,130,0,10,2
30/12/2021,1,1,0,0,1,0,17,1,1,4,0,5,3,0,128,1,13,3
