"dates","AZCAPOTZALCO","COYOACAN","CUAJIMALPA_DE_MORELOS","GUSTAVO_A_MADERO","IZTACALCO","IZTAPALAPA","LA_MAGDALENA_CONTRERAS","MILPA_ALTA","ALVARO_OBREGON","TLAHUAC","TLALPAN","XOCHIMILCO","BENITO_JUAREZ","CUAUHTEMOC","MIGUEL_HIDALGO","VENUSTIANO_CARRANZA"
"2020-03-03","0","0.00774990318433447","0","0","0","0.00259435635134496","0","0","0.00627278707519823","0","0.0204102626066028","0","0","0.00872329059269874","0","0"
"2020-03-04","0","0.00774990318433447","0","0","0.0117666508405213","0.00259435635134496","0","0","0.0125455741503965","0","0.0408205252132056","0","0","0.00872329059269874","0","0"
"2020-03-05","0","0.00774990318433447","0","0","0.0117666508405213","0.00259435635134496","0","0","0.0188183612255947","0","0.0408205252132056","0","0.0109682640956178","0.00872329059269874","0.0229782843723539","0"
"2020-03-06","0","0.00774990318433447","0.0218751080083458","0","0.0117666508405213","0.00259435635134496","0","0","0.0313639353759912","0","0.0476239460820732","0","0.0219365281912356","0.00872329059269874","0.0459565687447078","0"
"2020-03-07","0","0.00774990318433447","0.0218751080083458","0","0.0117666508405213","0.00259435635134496","0","0","0.0376367224511894","0","0.0544273669509408","0","0.0219365281912356","0.00872329059269874","0.126380564047946","0"
"2020-03-08","0","0.00774990318433447","0.0437502160166916","0","0.0117666508405213","0.00259435635134496","0","0","0.0501822966015859","0","0.0612307878198084","0","0.0219365281912356","0.00872329059269874","0.172337132792654","0"
"2020-03-09","0","0.00774990318433447","0.131250648050075","0","0.0235333016810426","0.00259435635134496","0.0192305399435622","0","0.081546231977577","0","0.0952478921641464","0","0.0219365281912356","0.00872329059269874","0.241271985909716","0"
"2020-03-10","0","0.0232497095530034","0.240626188091804","0","0.0235333016810426","0.00259435635134496","0.0384610798871244","0","0.100364593203172","0","0.108854733901882","0","0.0329047922868534","0.0174465811853975","0.344674265585309","0"
"2020-03-11","0","0.0309996127373379","0.284376404108495","0.00811676090428995","0.0235333016810426","0.00518871270268993","0.0384610798871244","0","0.125455741503965","0","0.108854733901882","0","0.0767778486693247","0.0174465811853975","0.425098260888547","0.0107321655020121"
"2020-03-12","0","0.0464994191060068","0.371876836141878","0.00811676090428995","0.0588332542026064","0.0285379198647946","0.0576916198306866","0","0.150546889804758","0.0242760487768938","0.122461575639617","0","0.0987143768605603","0.0261698717780962","0.471054829633255","0.0321964965060362"
"2020-03-13","0.0110176993831741","0.0542493222903413","0.546877700208645","0.00811676090428995","0.0588332542026064","0.0389153452701745","0.0961526997178111","0","0.188183612255947","0.0242760487768938","0.163282100852822","0","0.109682640956178","0.0523397435561925","0.562967967122671","0.0536608275100603"
"2020-03-14","0.0220353987663482","0.0697491286590102","0.634378132242028","0.0121751413564349","0.0705999050431277","0.0492927706755543","0.115383239661373","0","0.219547547631938","0.0242760487768938","0.176888942590558","0.0215384065326849","0.120650905051796","0.0610630341488912","0.689348531170617","0.0751251585140845"
"2020-03-15","0.0220353987663482","0.0929988382120136","0.765628780292103","0.0162335218085799","0.105899857564692","0.0674532651349691","0.134613779604935","0","0.238365908857533","0.0364140731653406","0.204102626066028","0.0215384065326849","0.142587433243032","0.06978632474159","0.79275081084621","0.0751251585140845"
"2020-03-16","0.0220353987663482","0.116248547765017","0.940629644358869","0.0284086631650148","0.129433159245734","0.072641977837659","0.17307485949206","0","0.250911483007929","0.0364140731653406","0.217709467803763","0.0430768130653697","0.197428753721121","0.0872329059269875","0.953598801452687","0.0965894895181086"
"2020-03-17","0.0330530981495223","0.154998063686689","0.962504752367215","0.0324670436171598","0.164733111767298","0.101179897702454","0.17307485949206","0","0.282275418383921","0.0364140731653406","0.224512888672631","0.0430768130653697","0.25227007419921","0.113402777705084","1.02253365456975","0.107321655020121"
"2020-03-18","0.0440707975326964","0.154998063686689","1.02813007639225","0.0405838045214498","0.188266413448341","0.124529104864558","0.192305399435622","0","0.288548205459119","0.0364140731653406","0.251726572148101","0.0430768130653697","0.285174866486063","0.148295940075879","1.11444679205916","0.128785986024145"
"2020-03-19","0.0771238956822187","0.154998063686689","1.11563050842564","0.0487005654257397","0.235333016810426","0.140095242972628","0.249997019266309","0","0.313639353759912","0.0485520975537875","0.285743676492439","0.0538460163317121","0.307111394677299","0.191912393039372","1.1489142186177","0.139518151526157"
"2020-03-20","0.0991592944485669","0.162747966871024","1.18125583245067","0.101459511303624","0.27063296933199","0.181604944594147","0.288458099153433","0","0.382640011587092","0.0485520975537875","0.299350518230174","0.0969228293970818","0.340016186964152","0.218082264817469","1.20635992954858","0.193178979036217"
"2020-03-21","0.0991592944485669","0.185997676424027","1.24688115647571","0.105517891755769","0.282399620172511","0.189388013648182","0.326919179040558","0","0.382640011587092","0.0485520975537875","0.319760780836777","0.107692032663424","0.372920979251006","0.270422008373661","1.24082735610711","0.225375475542253"
"2020-03-22","0.143230091981263","0.216997289161365","1.26875626448406","0.117693033112204","0.305932921853553","0.228303358918357","0.326919179040558","0","0.395185585737489","0.0485520975537875","0.333367622574512","0.129230439196109","0.405825771537859","0.27914529896636","1.24082735610711","0.268304137550302"
"2020-03-23","0.165265490747612","0.278996514636041","1.2906313724924","0.137984935372929","0.352999525215639","0.272407416891221","0.34614971898412","0.0311877706513722","0.420276734038282","0.0849661707191282","0.36738472691885","0.139999642462452","0.427762299729095","0.322761751929854","1.28678392485182","0.321964965060362"
"2020-03-24","0.176283190130786","0.286746417820375","1.35625669651744","0.150160076729364","0.376532826896681","0.300945336756016","0.365380258927682","0.0623755413027444","0.42654952111348","0.0849661707191282","0.401401831263188","0.204614862060506","0.438730563824713","0.340208333115251","1.37869706234123","0.321964965060362"
"2020-03-25","0.220353987663482","0.309996127373379","1.40000691253413","0.174510359442234","0.400066128577724","0.337266325674845","0.365380258927682","0.0623755413027444","0.451640669414273","0.109242219496022","0.421812093869791","0.215384065326849","0.482603620207184","0.392548076671444","1.40167534671359","0.375625792570422"
"2020-03-26","0.308495582728875","0.340995740110717","1.40000691253413","0.223210924867974","0.435366081099288","0.399530878107124","0.403841338814806","0.0623755413027444","0.514368540166255","0.133518268272916","0.455829198214129","0.247691675125876","0.493571884302802","0.48850427319113","1.4476319154583","0.429286620080483"
"2020-03-27","0.396637177794268","0.371995352848055","1.40000691253413","0.251619588032989","0.517732636982937","0.412502659863849","0.423071878758369","0.0623755413027444","0.520641327241454","0.133518268272916","0.462632619082997","0.290768488191246","0.559381468876509","0.523397435561925","1.51656676857536","0.493679613092555"
"2020-03-28","0.42969027594379","0.395245062401058","1.46563223655917","0.300320153458728","0.564799240345022","0.441040579728644","0.442302418701931","0.0623755413027444","0.545732475542246","0.145656292661363","0.517059986033938","0.31230689472393","0.60325452525898","0.584460469710816","1.48209934201683","0.536608275100603"
"2020-03-29","0.473761073476486","0.418494771954061","1.46563223655917","0.336845577528033","0.623632494547628","0.464389786890749","0.480763498589055","0.124751082605489","0.545732475542246","0.145656292661363","0.523863406902805","0.3553837077893","0.658095845737069","0.645523503859707","1.45912105764447","0.579536937108652"
"2020-03-30","0.528849570392357","0.464994191060068","1.44375712855082","0.405838045214498","0.658932447069192","0.498116419458233","0.596146738250429","0.124751082605489","0.60218755921903","0.182070365826703","0.523863406902805","0.387691317588327","0.767778486693247","0.680416666230502","1.47061019983065","0.665394261124748"
"2020-03-31","0.583938067308227","0.495993803797406","1.33438158850909","0.446421849735948","0.694232399590756","0.539626121079752","0.576916198306866","0.124751082605489","0.608460346294229","0.206346414603597","0.578290773853746","0.39846052085467","0.844556335362572","0.724033119193996","1.43614277327212","0.740519419638833"
"2020-04-01","0.705132760523142","0.557993029272082","1.33438158850909","0.531647839230992","0.741299002952841","0.604485029863376","0.634607818137553","0.218314394559605","0.658642642895815","0.254898512157385","0.639521561673554","0.452306537186382","0.95423897631875","0.837435896899079","1.45912105764447","0.804912412650905"
"2020-04-02","0.760221257439013","0.596742545193754","1.2906313724924","0.620932209178182","0.776598955474405","0.625239880674136","0.634607818137553","0.249502165210977","0.715097726572599","0.303450609711172","0.687145507755628","0.495383350251752","0.965207240414368","0.950838674604163","1.48209934201683","0.847841074658953"
"2020-04-03","0.793274355588535","0.627742157931092","1.22500604846736","0.677749535508211","0.870732162198575","0.677127007701036","0.673068898024678","0.249502165210977","0.74646166194859","0.3884167804303","0.693948928624495","0.570767773116149","1.06392161727493","0.985731836974958","1.41316448889977","0.880037571164989"
"2020-04-04","0.815309754354883","0.681991480221433","1.20313094045902","0.734566861838241","1.02369862312535","0.744580272836004","0.673068898024678","0.343065477165094","0.765280023174185","0.412692829207194","0.721162612099966","0.592306179648833","1.09682640956178","1.14275106764354","1.32125135141035","0.93369839867505"
"2020-04-05","0.91446904880345","0.720740996143106","1.09375540041729","0.787325807716126","1.09429852816848","0.783495618106179","0.69229943796824","0.467816559770583","0.796643958550176","0.412692829207194","0.836820766870715","0.699998212312258","1.18457252232672","1.24743055475592","1.28678392485182","0.976627060683098"
"2020-04-06","0.969557545719321","0.782740221617781","1.0500051844006","0.860376655854735","1.16489843321161","0.874298090403253","0.69229943796824","0.654943183678816","0.865644616377356","0.485520975537875","0.925265238165994","0.743075025377627","1.15166773003987","1.29977029831211","1.24082735610711","1.12687737771127"
"2020-04-07","1.04668144140154","0.829239640723788","1.02813007639225","0.957777786706215","1.29433159245734","0.923590861078807","0.769221597742488","0.686130954330188","0.890735764678149","0.54621109748011","1.07494049728108","0.829228651508367","1.17360425823111","1.3782799136464","1.1948707873624","1.21273470172736"
"2020-04-08","1.13482303646693","0.968737898041809","1.02813007639225","1.00241997167981","1.42376475170308","0.998827195267811","0.807682677629613","0.810882036935677","0.947190848354933","0.606901219422344","1.13617128510089","0.893843871106421","1.2284455787092","1.47423611016609","1.22933821392093","1.30932419124547"
"2020-04-09","1.17889383399963","1.05398683306949","1.0500051844006","1.05517891755769","1.50613130758672","1.11297887472699","0.788452137686051","1.06038420214665","1.00364593203172","0.679729365753025","1.19059865205183","1.01230510703619","1.32715995556976","1.50912927253688","1.27529478266564","1.4273780117676"
"2020-04-10","1.26703542906502","1.17798528401884","1.15938072444233","1.16475518976561","1.67086441935402","1.29977253202383","0.903835377347424","1.30988636735763","1.0789193769341","0.813247634025941","1.36748759464239","1.20615076583035","1.44781086062155","1.57019230668577","1.298273067038","1.5132353357837"
"2020-04-11","1.44331861919581","1.24773441267785","1.15938072444233","1.29462336423425","1.74146432439715","1.40354678607763","0.999988077065235","1.49701299126586","1.16046560891167","0.861799731579729","1.489949170282","1.30307359522743","1.55749350157773","1.57891559727847","1.37869706234123","1.62055699080382"
"2020-04-12","1.49840711611168","1.35623305725853","1.22500604846736","1.36361583192071","1.97679734120758","1.52029282188815","1.07691023683948","1.6841396151741","1.26083020211485","0.958903926687304","1.63962442939709","1.35691961155915","1.61233482205582","1.70976495616895","1.50507762638918","1.70641431481992"
"2020-04-13","1.64163720809294","1.49573131457655","1.35625669651744","1.48942562593721","2.28273026306113","1.62406707594195","1.17306293655729","1.9024540097337","1.37374036946841","0.983179975464198","1.82331679285652","1.4969192540216","1.68911267072514","1.79699786209594","1.63145819043713","1.85666463184809"
"2020-04-14","1.71876110377516","1.5964800559729","1.31250648050075","1.61929380040585","2.52982993071208","1.75897360621189","1.23075455638798","2.05839286299056","1.46783217559639","1.11669824373711","2.02061599805368","1.58307288015234","1.83170010396818","1.88423076802293","1.72337132792654","2.00691494887626"
"2020-04-15","1.79588499945738","1.77472782921259","1.31250648050075","1.76133711623092","2.88282945592771","1.94576726350872","1.44229049576717","2.43264611080703","1.61210627832595","1.25021651201003","2.31996651628385","1.76614933568016","1.9084779526375","2.01508012691341","1.87273017634684","2.14643310040241"
"2020-04-16","1.86199119575642","1.93747579608362","1.44375712855082","1.86279662753455","3.00049596433293","2.09105121918404","1.53844319548498","2.83808712927487","1.69365251030352","1.45656292661363","2.55128282582535","1.86307216507724","2.07300191407177","2.0586965798769","1.93017588727773","2.30741558293259"
"2020-04-17","1.8730088951396","2.11572356932331","1.48750734456751","2.0210734651682","3.27112893366492","2.2908166582376","1.69228751503347","3.3682792303482","1.90065448378507","1.69932341438256","2.74177861015364","2.04614862060506","2.19365281912356","2.22443910113818","2.01059988258097","2.50059456196881"
"2020-04-18","1.98318588897134","2.30947114893167","1.59688288460924","2.21181734641901","3.65942841140212","2.51393130445327","1.78844021475129","3.52421808360506","2.01983743821383","1.89353180459771","2.92547097361307","2.22922507613288","2.35817678055783","2.35528846002866","2.09102387788421","2.76889869951911"
"2020-04-19","2.11539828156943","2.4722191158027","1.72813353265932","2.41879474947841","3.90652807905307","2.7059136744528","1.96151507424335","3.86728356077015","2.15156596679299","2.03918809725908","3.05473597012155","2.43383993819339","2.45689115741839","2.48613781891914","2.26336101067686","2.89768468554326"
"2020-04-20","2.36880536738243","2.81321485591341","1.90313439672608","2.63794729389424","4.50662727191965","3.0924727708032","2.19228155356609","4.39747566184348","2.33974957904894","2.30622463380491","3.33367622574512","2.75691603618366","2.7091612316176","2.81762286144169","2.51612213877275","3.13379232658752"
"2020-04-21","2.51203545936369","2.9682129196001","2.0562601527845","2.78404899017145","4.87139344797581","3.28704949715407","2.53843127255021","4.77172890965994","2.4840236817785","2.39119080452404","3.45613780138474","2.96153089824417","2.78593908028693","3.01825854507377","2.61952441844835","3.2947748091177"
"2020-04-22","2.56712395627957","3.13871078965546","2.0562601527845","2.92609230599653","5.16555971898884","3.44271087823477","2.69227559209871","5.02123107487092","2.56556991375608","2.57326117035074","3.57859937702436","3.1984533701037","2.8298121366694","3.11421474159345","2.76888326686865","3.55234678116599"
"2020-04-23","2.69933634887765","3.31695856289515","2.07813526079285","3.02349343684801","5.45972599000188","3.72809007688271","2.98073369125214","5.42667209333876","2.64711614573365","2.67036536545831","3.66704384831964","3.37076062236518","3.07111394677299","3.15783119455695","2.84930726217188","3.75625792570422"
"2020-04-24","2.94172573530748","3.59595507753119","2.07813526079285","3.20612055719453","5.84802546773908","3.95898779215241","3.13457801080064","5.73854979985248","2.72238959063603","2.86457375567346","3.87794989525453","3.65075990729008","3.22466964411164","3.37591345937441","3.0905792480816","3.97090123574446"
"2020-04-25","3.21716821988684","3.75870304440222","2.20938590884293","3.40498119934964","6.08335848454951","4.18469679471943","3.32688341023626","5.92567642376071","2.89802762874158","3.11947226783085","4.04803541697622","3.93075919221499","3.43306666192838","3.4631463653014","3.33185123399132","4.26066970429879"
"2020-04-26","3.33836291310175","3.82845217306123","2.340636556893","3.59166670014831","6.31869150135993","4.42337757904316","3.34611395017982","5.98805196506346","3.07993845392233","3.47147497509581","4.10926620479603","4.12460485100915","3.49887624650208","3.56782585241379","3.48121008241162","4.50750951084507"
"2020-04-27","3.55871690076523","4.05319936540693","2.40626188091804","3.77023544004268","6.68345767741609","4.70097370863707","3.57688042950257","6.14399081832032","3.24930370495269","3.84775373113766","4.32017225173093","4.45845015226577","3.77308284889253","3.84697115138015","3.59610150427339","4.5397060073511"
"2020-04-28","3.73500009089602","4.20819742909362","2.60313785299315","3.9975047453628","7.00115725011016","4.90073914769064","3.59611096944613","6.45586852483404","3.38730502060705","4.06623817012971","4.51066803605922","4.60921899799456","3.9376068103268","4.02143696323412","3.75694949487986","4.73288498638732"
"2020-04-29","3.88924788226046","4.21594733227795","2.66876317701819","4.16795672435289","7.23649026692059","5.05380617241999","3.73072474905107","6.67418291939365","3.46885125258462","4.2725845847333","4.5787022447479","4.74921864045701","4.03632118718736","4.1871794844954","3.73397121050751","4.92606396542354"
"2020-04-30","4.15367266745664","4.32444597685863","2.80001382506826","4.47233525826377","7.6836229988604","5.27173210593297","3.84610798871244","6.89249731395325","3.59430699408859","4.46679297494845","4.74878776646959","5.00767951884923","4.23374994090848","4.45760149286906","3.90630834330016","5.23729676498189"
"2020-05-01","4.5503098452509","4.69644132970669","2.75626360905157","4.79294731398322","8.37785539845116","5.64791377687799","4.21148824764012","7.76575489219167","3.79503618049493","4.85520975537875","4.95969381340448","5.34152482010584","4.35440084596027","4.91121260368939","4.12460204483753","5.72024421257243"
"2020-05-02","4.73761073476486","4.89018890931505","2.8656391490933","4.99180795613832","8.67202166946419","5.873622779445","4.28841040741437","8.32713476391637","3.87030962539731","5.03728012120546","5.05494170556863","5.63229330829709","4.46408348691645","5.18163461206306","4.27396089325783","5.9563518536167"
"2020-05-03","4.99101782057787","5.02968716663307","2.88751425710164","5.1338512719634","8.7896881778694","6.13046405822815","4.49994634679356","8.51426138782461","4.02712930227727","5.26790258458595","5.16379643947051","5.89075418668931","4.62860744835072","5.39971687688052","4.4348088838643","6.11733433614688"
"2020-05-04","5.29951340330674","5.33968329400645","2.97501468913503","5.50722227356074","9.10738775056348","6.35098434809247","4.78840444594699","8.70138801173284","4.11494832133004","5.72914751134693","5.44273669509408","6.14921506508153","4.74925835340252","5.61779914169799","4.59565687447078","6.54662095622736"
"2020-05-05","5.80632757493275","5.55668058316782","3.06251512116841","5.72231643752442","9.37802071989546","6.60523127052428","4.98070984538261","8.95089017694382","4.32822308188678","6.05687416983499","5.55159142899596","6.55844478920254","4.84797273026308","5.90566773125705","4.72203743851873","6.92224674879778"
"2020-05-06","5.92752226814767","5.85117690417252","3.32501641726856","5.86841813380164","9.33095411653338","6.71678859363211","4.96147930543905","8.98207794759519","4.47249718461634","6.31177268199238","5.5856085333403","6.89229009045915","5.03443321988858","6.03651709014753","4.84841800256667","7.115425727834"
"2020-05-07","6.1699116545775","5.99067516149054","3.43439195731029","6.0632203955046","9.8369201026758","6.81537413498322","5.11532362498755","9.04445348889793","4.59168013904511","6.50598107220753","5.66724958376671","7.39844264397725","5.1112110685579","6.31566238911389","5.06671170410404","7.36226553438028"
"2020-05-08","6.45637183854002","6.19992254746758","3.6312679293854","6.33107350534617","10.1428530245293","7.06962105741503","5.24993740459248","9.07564125954931","4.70459030639868","7.00364007213385","5.68765984637331","7.72151874196752","5.22089370951408","6.61225426926565","5.18160312596581","7.58764100992253"
"2020-05-09","6.98522140893238","6.40916993344461","3.60939282137706","6.4244162557455","10.1663863262104","7.17598966782017","5.46147334397167","9.54345781931989","4.82377326082744","7.11288229162987","5.76249747593086","7.95844121382705","5.27573502999217","6.77799679052692","5.35394025875846","7.75935565795472"
"2020-05-10","7.64628337192283","6.68041654489631","3.80626879345217","6.76532021372568","10.519385851426","7.51066163714367","5.7499314431251","10.136025461696","5.10604867921136","7.82902573054824","5.89856589330821","8.27074810855098","5.39638593504397","7.07458867067868","5.62967967122671","8.24230310554527"
"2020-05-11","7.93274355588535","6.74241577037099","3.80626879345217","6.93983057316791","10.4605525972234","7.45358579741408","5.88454522273004","10.2607765443014","5.23777720779052","8.12033831587097","5.92577957678368","8.48613217387783","5.39638593504397","7.18799144838377","5.76754937746083","8.5428037396016"
"2020-05-12","8.27429223676375","7.02141228500703","3.78439368544382","7.20362530255734","10.6841189631933","7.58589797133267","5.7499314431251","10.728593104072","5.35068737514409","8.50875509630126","6.0482411524233","8.86305428819982","5.44025899142644","7.36245726023774","5.89392994150878","8.90769736667002"
"2020-05-13","8.52769932257675","7.06791170411304","3.95939454951059","7.38625242290386","10.8723853766417","7.7778803413322","5.82685360289935","10.9157197279803","5.38832409759528","8.59372126702039","6.18430956980065","9.08920755679301","5.45122725552206","7.58926281564791","5.8824407993226","9.04721551819617"
"2020-05-14","8.83619490530563","7.20740996143106","4.09064519756066","7.65816391319757","10.9429852816848","7.76750291592682","5.73070090318154","11.1652218931912","5.49496147787365","8.82434373040088","6.38841219586668","9.26151480905449","5.48413204780891","7.68521901216759","6.05477793211525","9.1652693387183"
"2020-05-15","9.2328320830999","7.37015792830208","4.55002246573592","7.96254244710845","11.1900849493357","7.95948528592635","5.84608414284291","11.6954139942646","5.74587296088158","9.41910692543478","6.51767719237516","9.71382134624087","5.538973368287","7.97308760172665","6.31902820239732","9.61602028980281"
"2020-05-16","9.4421683713802","7.5096561856201","4.55002246573592","8.03559329524706","11.3665847119436","8.0087780566019","6.0576200822221","12.0384794714297","5.82741919285916","9.83179975464197","6.66054903062138","9.84305178543698","5.52800510419138","8.10393696061714","6.44540876644527","9.75553844132897"
"2020-05-17","9.59641616274464","7.89715134483682","4.61564778976096","8.16951985016784","11.4842512203488","8.09439181619629","6.36530872131909","12.6622348844571","5.87760148946075","9.9167659253611","6.77620718539213","10.1122818670955","5.69252906562565","8.17372328535872","6.66370246798263","9.93798525486317"
"2020-05-18","10.0701772362211","8.09864882762952","5.03127484191953","8.64029198261666","11.8490173964049","8.23189270281757","6.55761412075471","13.3483658387873","6.07833067586709","10.2080785106838","6.91227560276948","10.316896729156","5.78027517839059","8.26967948187841","6.85901788514764","10.4423970334577"
"2020-05-19","10.3346020214173","8.24589698813188","5.09690016594457","8.74175149392028","11.6960509354782","8.39274279660096","6.71145844030321","13.7849946279065","6.24142313982224","10.3051827057914","6.95989954885156","10.5107423879502","5.8460847629643","8.3743589689908","6.87050702733382","10.5175221919718"
"2020-05-20","10.6651330029125","8.64114205053293","5.55627743411983","9.14353115868264","11.9784505556507","8.69368813335697","7.26914409866652","14.9701299126586","6.66797266093572","10.9363599739906","7.34089111750814","11.1138177708654","6.16416442173721","8.88903311396002","7.35305099915325","11.0112018050644"
"2020-05-21","10.6871684016789","8.78064030785095","5.53440232611149","9.15164791958693","11.8843173489265","8.68849942065428","7.57683273776351","15.1884443072183","6.7495188929133","11.2155345349249","7.36810480098361","11.1892021937298","6.22997400631092","8.88030982336732","7.55985555850443","10.8716836535382"
"2020-05-22","10.8303984936601","8.64889195371727","5.79690362221163","9.22064038727339","11.5783844270729","8.43165814187113","7.46144949810214","14.9077543713559","6.7557916799885","11.1548444129827","7.2864637505572","11.1568945839308","6.39449796774519","8.83669337040383","7.72070354911091","10.6033795159879"
"2020-05-23","11.0948232788563","8.74189079192928","5.9719044862784","9.26122419179484","11.6136843795945","8.4238750728171","7.59606327770707","14.6894399767963","6.95024807931964","11.2883626812556","7.38171164272135","11.1892021937298","6.5261171368926","8.87158653277462","7.78963840222797","10.689236840004"
"2020-05-24","11.2931418677535","8.79614011421962","6.14690535034517","9.4113842685242","11.6960509354782","8.37717665849289","7.59606327770707","14.7830032887504","7.06315824667321","11.2640866324787","7.48376295575436","11.3292018361922","6.58095845737069","8.86286324218193","7.70921440692474","10.7214333365101"
"2020-05-25","11.4804427572674","8.82713972695696","6.4969070784787","9.51284377982783","11.6489843321161","8.48354526889803","7.84606029697338","15.8745752615484","7.28897858138035","11.300500705644","7.56540400618077","11.7492007635796","6.87710158795237","9.23796473766797","7.88155153971739","10.9253444810483"
"2020-05-26","11.4804427572674","8.99763759701232","6.95628434665396","9.58995300841858","11.5313178237109","8.40052586565499","8.05759623635257","16.2488285093649","7.33288809090674","11.3126387300325","7.57901084791851","11.7492007635796","6.88806985204799","9.23796473766797","7.85857325534504","10.7750941640201"
"2020-05-27","11.7448675424636","8.97438788745932","7.39378650682088","9.70764604153079","11.6136843795945","8.33307260052002","8.11528785618325","16.4983306745759","7.30152415553074","11.4218809495285","7.5381903227053","11.7168931537806","6.93194290843046","9.45604700248544","7.91601896627592","10.7750941640201"
"2020-05-28","11.9101330332112","9.02088730656532","7.67816291092937","9.76852174831296","11.4607179186677","8.43944121092517","8.24990163578819","16.9349594636951","7.33288809090674","11.4825710714708","7.61302795226284","12.0830460648362","6.89903811614361","9.52583332722703","7.97346467720681","10.7750941640201"
"2020-05-29","12.1635401190242","9.03638711293399","7.98441442304621","9.79693041147798","11.2018516001763","8.33307260052002","8.30759325561888","16.9661472343465","7.39561596165872","11.1791204617596","7.71507926529586","12.0076616419718","6.93194290843046","9.41243054952195","8.00793210376534","10.7321655020121"
"2020-05-30","12.0203100270429","8.95113817790631","8.20316550312967","9.81316393328656","11.354818061103","8.27859111714178","8.28836271567531","17.3092127115116","7.4583438324107","11.4825710714708","7.81032715746","12.0615076583035","6.94291117252608","9.49966345544893","8.01942124595151","10.646308177996"
"2020-05-31","11.6787613461645","8.88913895243164","8.13754017910463","9.64271195429647","11.0841850917711","8.02953290741266","8.17297947601394","17.090898316952","7.32661530383154","11.0577402178751","7.93959215396849","12.1045844713689","6.9538794366217","9.32519764359496","7.87006239753121","10.3136110474336"
"2020-06-01","12.1304870208747","9.13713585433034","8.79379341935501","10.0404332386067","11.2489182035384","8.14627894322319","8.24990163578819","17.9017803538876","7.52107170316268","11.5675372421899","8.32058372262508","12.4815065856909","7.03065728529102","9.700299139081","8.01942124595151","10.3780040404457"
"2020-06-02","12.0753985239588","9.06738672567133","9.16567025549689","10.1784181739796","11.037118488409","8.07623132173687","8.30759325561888","18.1512825190986","7.66534580589224","11.6282273641321","8.36140424783828","12.6215062281533","7.04162554938664","9.56072648959783","8.19175837874417","10.2384858889195"
"2020-06-03","12.1855755177906","9.17588537025201","9.23129557952192","10.2230603589532","11.0135851867279","7.97764578038576","8.48066811511094","18.5255357669151","7.94134843720096","11.6767794616859","8.38861793131375","12.6322754314197","6.9538794366217","9.47349358367084","8.2262258053027","10.1633607304054"
"2020-06-04","12.2296463153233","9.24563449891102","9.45004665960538","10.1175424671974","10.9429852816848","8.03991033281804","8.59605135477231","18.4007846843096","8.13580483653211","11.7131935348512","8.47706240260903","13.052274358807","6.93194290843046","9.56944978019052","8.29516065841976","10.1740928959074"
"2020-06-05","12.0423454258093","9.26113430527969","9.40629644358869","10.076958662676","10.7076522648744","7.92835300971021","8.71143459443368","18.6190990788692","8.14207762360731","11.3733288519747","8.61993424085525","13.3322736437319","6.86613332385675","9.52583332722703","8.36409551153682","9.97018175136921"
"2020-06-06","11.9982746282766","9.26888420846403","9.51567198363042","10.1581262717189","10.4487859463829","7.88943766444003","8.653742974603","18.8062257027774","8.44944419029202","11.1062923154289","8.68116502867506","13.6015037253905","6.9538794366217","9.69157584848831","8.27218237404741","10.0238425788793"
"2020-06-07","12.0533631251925","9.05963682248699","9.64692263168049","10.162184652171","10.3311194379777","7.73118192700799","8.67297351454656","18.8062257027774","8.48708091274321","10.972774047156","8.67436160780619","13.5476577090588","6.85516505976114","9.63051281433941","8.06537781469622","9.89505659285513"
"2020-06-08","11.9872569288934","8.94338827472198","9.23129557952192","9.89027316187731","10.0251865161241","7.58589797133267","8.73066513437725","19.024540097337","8.512172061044","10.620771339891","8.76960949997034","13.6661189449885","6.77838721109181","9.58689636137592","8.03091038813769","9.68041328281488"
"2020-06-09","11.8550445362953","8.93563837153764","9.18754536350523","9.86998125961659","9.97811991276205","7.40948173944122","8.67297351454656","18.6502868495206","8.47453533859281","10.6571854130564","8.72198555388826","13.6984265547876","6.63579977784878","9.69157584848831","8.20324752093035","9.68041328281488"
"2020-06-10","11.9982746282766","8.82713972695696","9.362546227572","9.7360547046958","9.86045340435684","7.25641471471186","8.26913217573175","17.9953436658418","8.47453533859281","10.4387009740643","9.06896001820051","13.4830424894607","6.66870457013563","9.33392093418766","8.19175837874417","9.54089513128873"
"2020-06-11","11.9762392295102","8.94338827472198","9.6031724156638","9.74011308514795","9.77808684847319","7.2356598639011","8.24990163578819","18.1200947484472","8.49335369981841","10.2080785106838","9.15740448949579","13.4507348796617","6.67967283423125","9.29902777181686","8.09984524125475","9.57309162779476"
"2020-06-12","11.7558852418468","9.11388614477734","9.45004665960538","9.59806976932287","9.81338680099475","7.18636709322555","8.36528487544956","18.1200947484472","8.55608157057039","10.2202165350723","9.33429343208635","13.4507348796617","6.51514887279698","9.0460523446286","8.13431266781328","9.49796646928068"
"2020-06-13","11.6787613461645","9.12938595114601","9.42817155159704","9.46008483394994","9.75455354679215","7.12929125349596","8.30759325561888","18.1512825190986","8.47453533859281","10.1838024619069","9.40232764077502","13.4722732861944","6.39449796774519","9.00243589166511","8.28367151623358","9.32625182124849"
"2020-06-14","11.7669029412299","9.12938595114601","9.31879601155531","9.41544264897635","9.56628713334381","6.9009878945776","8.24990163578819","18.4943479962637","8.39298910661524","10.2687686326261","9.26625922339767","13.2891968306666","6.25191053450216","8.93264956692351","8.54792178651565","9.21893016622836"
"2020-06-15","11.7999560393795","9.09063643522433","9.12192003948019","9.23281552862982","9.46038727577911","6.82834591673994","8.28836271567531","18.3695969136582","8.39926189369043","10.5479431935603","9.14379764775805","13.1599663914704","6.06545004487665","8.77563033625494","8.57090007088801","8.83257220815593"
"2020-06-16","11.7118144443141","8.94338827472198","8.8375436353717","9.13947277823049","9.36625406905494","6.7738644333617","8.21144055590106","18.3072213723555","8.44317140321682","10.5236671447834","9.17781475210239","13.2030432045358","6.01060872439856","8.70584401151335","8.62834578181889","8.78964354614788"
"2020-06-17","11.6567259473982","8.81938982377263","8.81566852736335","9.00554622330971","9.14268770308504","6.7453265134969","8.36528487544956","17.932968124539","8.39926189369043","10.4265629496759","9.12338738515145","13.1491971882041","5.92286261163362","8.46159187491778","8.6743023505636","8.69305405662977"
"2020-06-18","11.579602051716","8.84263953332563","8.88129385138839","8.91626185336252","8.97795459131774","6.59225948876755","8.46143757516737","17.6210904180253","8.59371829302158","10.4387009740643","9.12338738515145","12.7076598542841","6.20803747811968","8.44414529373239","8.61685663963272","8.67158972562575"
"2020-06-19","11.6126551498655","8.75739059829795","9.0781698234635","8.75392663527672","8.93088798795566","6.53518364903796","8.67297351454656","17.8082170419335","8.48080812566801","10.5600812179488","9.39552421990616","12.675352244485","6.04351351668542","8.40925213136159","8.74323720368066","8.47841074658953"
"2020-06-20","11.7889383399963","8.95888808109065","9.38442133558034","8.91626185336252","8.75438822534784","6.65452404119983","8.78835675420793","17.9017803538876","8.73171960867594","10.6329093642795","9.85135341812028","12.7399674640831","6.02157698849418","8.59244123380826","8.89259605210096","8.68232189112776"
"2020-06-21","11.7448675424636","8.82713972695696","9.49379687562207","8.83103586386747","8.64848836778314","6.53777800538931","8.653742974603","17.4339637941171","8.67526452499916","10.3658728277336","9.7424986842184","12.7507366673494","5.92286261163362","8.60988781499366","8.77770463023919","8.60719673261368"
"2020-06-22","11.1719471745385","8.54814321232092","8.85941874338005","8.30344640508862","8.30725549340803","6.29909722106557","8.69220405449012","16.6542695278327","8.55608157057039","9.68614346198061","9.52478921641464","12.2984301301631","5.79124344248621","8.14755341358063","8.47898693339859","8.45694641558551"
"2020-06-23","11.2600887696039","8.58689272824259","8.5969174472799","8.04371005615135","8.27195554088646","6.23942702498464","9.23065917290986","16.1240774267594","8.46826255151762","9.69828148636906","9.48396869120143","12.0399692517708","5.74737038610374","8.14755341358063","8.34111722716447","8.2744996020513"
"2020-06-24","11.2380533708376","8.70314127600761","8.57504233927155","7.90166674032627","8.08368912743812","6.14862455268756","9.2114286329663","15.7810119495943","8.26753336511127","9.81966173025353","9.56560974162785","12.0076616419718","5.88995781934677","8.18244657595142","8.31813894279211","8.14571361602716"
"2020-06-25","11.326194965903","8.68764146963894","8.72816809532997","7.86108293580482","7.98955592071395","6.1278697018768","9.61526997178111","15.9681385735026","8.25498779096088","10.1716644375185","9.50437895380804","11.8461235929767","5.96673566801609","8.21733973832222","8.20324752093035","8.37108909156941"
"2020-06-26","11.392301162202","8.67214166327027","8.5969174472799","7.76774018540549","7.82482280894666","6.11749227647142","9.71142267149892","15.7810119495943","8.22989664266008","10.3051827057914","9.54519947902124","11.2753558198605","5.95576740392047","8.25223290069301","8.08835609906857","8.25303527104728"
"2020-06-27","11.2711064689871","8.52489350276792","8.64066766329659","7.62569686958041","7.75422290390353","6.03187851687704","9.71142267149892","15.9057630321998","7.87862056644898","10.1838024619069","9.52478921641464","11.006125738202","5.76930691429497","7.98181089231935","8.11133438344093","8.01692763000301"
"2020-06-28","11.4584073585011","8.59464263142693","8.96879428342178","7.60134658686754","7.75422290390353","6.07079386214722","9.61526997178111","15.8433874908971","7.92253007597537","10.3658728277336","9.62003710857879","10.8553568924732","5.8460847629643","8.13883012298793","8.18026923655799","8.14571361602716"
"2020-06-29","11.1719471745385","8.66439176008594","9.51567198363042","7.56482116279824","7.61302309381727","6.08895435660663","9.69219213155536","15.1260687659155","7.8096199086218","10.5722192423372","9.56560974162785","10.5430499977492","5.911894347538","8.06904379824634","8.19175837874417","8.19937444353722"
"2020-06-30","11.1939825733049","8.71864108237628","10.0844247918474","7.5161205973725","7.6836229988604","6.12008663282277","10.1729556301444","15.4379464724292","8.03544024332894","10.9606360227675","9.74930210508727","10.6507420304127","6.17513268583283","7.97308760172665","8.23771494748888","8.38182125707142"
"2020-07-01","11.0838055794731","8.8813890492473","10.1938003318891","7.55670440189395","7.56595649045519","6.06560514944452","10.5383358890721","15.9369508028512","8.08562253993052","11.1427063885942","9.7220884216118","10.9415105186039","6.08738657306789","7.98181089231935","8.2262258053027","8.45694641558551"
"2020-07-02","11.4584073585011","8.85038943650996","10.3469260879476","7.52017897782464","7.47182328373102","6.04225594228242","11.1537131672661","15.7186364082916","8.25498779096088","11.4704330470823","9.7220884216118","11.038433348001","5.94479913982486","8.06904379824634","8.0768669568824","8.4462142500835"
"2020-07-03","11.7669029412299","8.80389001740396","10.6313024920561","7.50394545601606","7.15412371103694","6.10970920741739","11.288326946871","15.5626975550347","8.29889730048726","11.5311231690245","9.69487473813633","10.8876645022722","5.8460847629643","8.19989315713682","7.93899725064827","8.6286610636177"
"2020-07-04","11.5906197510992","8.71864108237628","10.7188029240894","7.56887954325038","7.10705710767486","6.08895435660663","11.3844796465888","15.8745752615484","8.36789795831444","11.543261193413","9.64725079205426","10.8015108761415","5.79124344248621","8.3220192254346","7.85857325534504","8.61792889811569"
"2020-07-05","11.4804427572674","8.71864108237628","10.8719286801479","7.53235411918108","7.23649026692059","6.21607781782253","11.7883209854036","15.9681385735026","8.42435304199123","11.6889174860743","9.87856710159575","11.1784329904634","5.88995781934677","8.26967948187841","7.6747469803662","8.74671488413983"
"2020-07-06","11.2160179720712","8.62564224416426","10.9156788961646","7.39436918380815","7.20119031439903","6.10192613836335","11.7113988256294","15.00131768331","8.39926189369043","11.3490528031978","9.98742183549764","11.1676637871971","5.83511649886868","8.01670405469015","7.57134470069061","8.8003757116499"
"2020-07-07","11.2380533708376","8.72639098556061","11.0031793281979","7.35784375973884","7.21295696523955","6.09154871295797","12.3460066437669","15.1884443072183","8.35535238416405","11.434018973917","10.0282423607108","11.1892021937298","5.97770393211171","8.00798076409745","7.61730126943532","8.77891138064587"
"2020-07-08","11.2711064689871","8.85038943650996","10.7844282481145","7.39436918380815","7.30709017196372","6.08636000025528","12.8652312222431","15.4691342430806","8.54980878349519","11.543261193413","10.1915244615637","11.2538174133278","5.87898955525115","8.12138354180253","7.61730126943532","8.896965201168"
"2020-07-09","11.0838055794731","8.77289040466662","10.8938037881562","7.4349529883296","7.24825691776111","6.06301079309318","13.1152282415094","15.5938853256861","8.57489993179599","11.5553992178014","10.2323449867769","11.3292018361922","5.56090989647823","7.91202456757776","7.6747469803662","8.7145183876338"
"2020-07-10","11.1939825733049","9.25338440209536","11.0906797602313","7.73527314178833","7.34239012448528","6.16937940349832","13.1152282415094","16.4359551332731","8.95126715630788","11.7981597055704","10.5453023467448","11.7707391701123","5.80221170658182","8.14755341358063","8.0768669568824","9.39064481426056"
"2020-07-11","10.9405754874919","9.13713585433034","10.6969278160811","7.49177031465963","7.16589036187746","5.9773970334988","13.134458781453","15.9369508028512","8.69408288622475","11.7131935348512","10.0078320981042","11.7599699668459","5.83511649886868","7.69394230276029","8.00793210376534","9.2511266627344"
"2020-07-12","10.8524338924265","9.29988382120136","10.5438020600227","7.51206221692035","7.17765701271798","6.09673742566066","13.44214742055","16.4359551332731","8.79444747942792","12.1501624128353","10.1507039363505","11.7061239505142","5.83511649886868","7.615432687426","8.21473666311652","9.40137697976257"
"2020-07-13","10.8303984936601","9.56338052946873","11.068804652223","7.61758010867612","7.26002356860163","6.23683266863329","13.6536833599292","16.7478328397869","8.92617600800709","12.4171989493812","10.2595586702523","11.9861232354391","5.85705302705991","7.6677724309822","8.44451950684006","9.34771615225251"
"2020-07-14","10.4778321133986","9.62537975494341","11.1125548682397","7.69874771771902","7.26002356860163","6.27315365755212","13.5190695803242","16.9661472343465","9.00144945290947","12.3929229006043","10.4364476128429","12.0399692517708","6.02157698849418","7.73755875572379","8.6743023505636","9.61602028980281"
"2020-07-15","10.7973453955106","9.85012694728911","11.4625565963732","7.90166674032627","7.56595649045519","6.40806018782206","14.2498300981796","17.8394048125849","9.30881601959418","12.7449256078692","10.892276811057","12.4922757889572","6.27384706269339","8.10393696061714","8.90408519428714","9.86286009634909"
"2020-07-16","10.6761507022957","10.0051250109758","11.200055300273","7.98283434936917","7.73068960222249","6.3639561298492","14.5190576573895","17.683465959328","9.36527110327097","12.3443708030505","10.9603110197457","12.2876609268967","6.12029136535474","8.19989315713682","8.93855262084567","9.50869863478269"
"2020-07-17","10.6651330029125","10.0981238491878","11.5281819203982","7.91790026213485","7.67185634801988","6.3639561298492","15.0959738556963","18.0577192071445","9.63500094750449","12.5385791932656","10.99432812409","12.3953529595601","6.25191053450216","8.23478631950761","9.06493318489361","9.59455595879879"
"2020-07-18","10.8414161930433","10.3771203638239","11.5938072444233","7.99906787117775","7.88365606314926","6.40806018782206","15.3459708749626","17.7458415006308","9.96745866248999","12.9269959736959","11.1167896997297","12.5676602118216","6.39449796774519","8.28712606306381","9.17982460675539","9.73407411032495"
"2020-07-19","10.6651330029125","10.6096174593539","11.1563050842564","7.94630892529987","7.69538964970092","6.39508840606534","15.7882732936646","17.7770292712821","9.92354915296361","12.7449256078692","11.1099862788608","12.9122747163446","6.26287879859777","8.17372328535872","9.34067259736186","9.59455595879879"
"2020-07-20","11.1058409782395","10.8266147485153","11.5938072444233","8.33997182915793","8.00132257155447","6.48589087836241","16.076731392818","18.4943479962637","10.2246429325731","13.0119621444151","11.5998325814193","13.3538120502646","6.41643449593642","8.40052884076889","10.1449125503943","10.1526285649034"
"2020-07-21","11.2050002726881","10.8886139739899","12.206310268657","8.3643221118708","8.08368912743812","6.43140939498416","16.2690367922536","18.3695969136582","10.2246429325731","12.7085115347039","11.6474565275013","13.2999660339329","6.31772011907586","8.47031516551048","10.1793799769528","10.3028788819316"
"2020-07-22","11.2270356714544","10.8188648453309","11.8344334325151","8.12487766519424","7.98955592071395","6.41065454417341","16.4613421916893","17.683465959328","9.98000423664039","12.4171989493812","11.2596615379759","13.0415051555407","6.10932310125912","8.3656356783981","9.93810799104306","10.0238425788793"
"2020-07-23","11.1609294751554","11.0203623281236","11.703182784465","8.13705280655068","8.03662252407604","6.3873053370113","16.1536535525923","17.7146537299794","9.90473079173801","12.5507172176541","11.4229436388287","12.9768899359426","6.19706921402407","8.3743589689908","10.2023582613251","10.2062893924135"
"2020-07-24","10.885486990576","10.9428632962803","12.271935592682","8.02341815389062","8.14252238164073","6.33282385363306","16.4998032715764","17.6522781886767","9.91100357881321","12.4778890713234","11.4841744266485","13.1276587816714","6.28481532678901","8.47903845610318","10.2253365456975","10.2599502199235"
"2020-07-25","10.9626108862582","11.144360779073","12.7531879688656","8.17357823061998","8.27195554088646","6.35357870444382","16.9613362302219","17.4339637941171","9.96745866248999","12.6478214127617","11.7835249448787","13.5153500992597","6.39449796774519","8.3481890972127","10.3172496831869","10.635576012494"
"2020-07-26","10.9515931868751","11.2528594236536","12.6438124288239","8.19387013288071","8.18958898500282","6.36655048620054","16.8459529905605","17.090898316952","9.9486403012644","12.4171989493812","11.6610633692391","13.2353508143348","6.39449796774519","8.3132959348419","10.3172496831869","10.678504674502"
"2020-07-27","11.138894076389","11.6171048733174","12.7531879688656","8.32779668780149","8.21312228668386","6.4391924640382","17.0382583899961","17.2468371702088","9.98627702371559","12.6599594371501","11.7563112614032","13.0307359522743","6.58095845737069","8.3656356783981","10.5240542425381","10.7536298330161"
"2020-07-28","11.0617701807068","11.6016050669487","12.7531879688656","8.35214697051437","8.36608874761063","6.39249404971399","17.1921027095446","16.841396151741","10.2309157196483","12.6235453639848","11.9263967831249","12.7722750738821","6.61386324965754","8.40925213136159","10.650434806586","10.9575409775543"
"2020-07-29","10.9515931868751","11.58610526058","12.7313128608572","8.36838049232295","8.50728855769689","6.35876741714651","17.0574889299397","16.7790206104382","10.2246429325731","12.6720974615385","11.9332002039938","12.8907363098119","6.74548241880496","8.26095619128571","10.6389456643999","11.0541304670724"
"2020-07-30","11.0176993831741","11.7566031306354","12.6656875368322","8.4008475359401","8.5661218118995","6.37433355525458","17.0767194698832","16.5295184452273","10.1368239135203","12.9634100468613","11.919593362256","12.8045826836811","6.77838721109181","8.3743589689908","10.5929890956552","11.3868275976348"
"2020-07-31","10.7312391992116","11.283859036391","12.4031862407321","8.11676090428996","8.6249550661021","6.19532296701177","17.4036386489238","15.2196320778696","9.79182062438444","12.5992693152079","11.4297470596976","12.3091993334294","6.63579977784878","8.00798076409745","10.0989559816495","10.8931479845422"
"2020-08-01","10.8303984936601","11.6016050669487","12.6438124288239","8.33185506825364","8.94265463879618","6.35098434809247","17.8267105276822","15.250819848521","10.1493694876707","12.6963735103154","11.8651659953051","12.5353526020226","6.78935547518743","8.3481890972127","10.3287388253731","11.6443995696831"
"2020-08-02","10.9626108862582","11.493106422368","13.1250648050075","8.26692098101932","8.94265463879618","6.24980445039002","17.6728662081337","14.7206277474477","10.1807334230467","12.4293369737696","11.8787728370428","12.2876609268967","6.81129200337866","8.3656356783981","10.1449125503943","11.6658639006871"
"2020-08-03","11.2160179720712","11.376857874603","12.9719390489491","8.24257069830645","8.80145482870992","6.14862455268756","17.7497883679079","14.4087500409339","9.98627702371559","12.4171989493812","11.6814736318457","11.9538156256401","6.91000638023922","8.30457264424921","9.85768399573982","11.547810080165"
"2020-08-04","11.4143365609684","11.283859036391","13.3438158850909","8.19387013288071","8.7896881778694","6.07079386214722","18.2497824064405","14.0344967931175","10.0364593203172","12.2715426567198","11.6474565275013","11.8999696093084","6.87710158795237","8.25223290069301","9.62790115201629","11.2795059426147"
"2020-08-05","10.9405754874919","11.0901114567826","13.7156927212328","8.06400195841207","8.60142176442106","5.99296317160687","18.3651656461019","13.1924269855304","9.91100357881321","11.9802300713971","11.2052341710249","11.415355462323","6.75645068290057","7.87713140520697","9.61641200983011","11.2687737771127"
"2020-08-06","10.7092038004452","10.9351133930959","14.2188202054248","8.08835224112494","8.51905520853741","5.89178327390441","18.1536297067227","12.9741125909708","9.79809341145964","12.0409201933393","11.0963794371231","11.3399710394586","6.91000638023922","7.6241559780187","9.673857720761","11.3438989356268"
"2020-08-07","10.8414161930433","10.8808640708056","14.6344472575833","8.16546146971569","8.7308549236668","5.75947109998582","17.8459410676257","12.319169407292","9.62872816042929","11.8831258762895","11.0555589119099","11.3184326329259","6.80032373928305","7.31011751668155","9.4210965926651","11.3546311011288"
"2020-08-08","10.8634515918097","10.8343646516996","14.6563223655917","8.14922794790711","8.64848836778314","5.7413106055264","17.7497883679079","12.4439204898975","9.51581799307572","11.6039513153552","10.8718665484504","11.0276641447346","6.78935547518743","7.26650106371805","9.38662916610657","11.3117024391207"
"2020-08-09","10.8524338924265","10.5708679434322","14.7875730136418","8.08835224112494","8.70732162198575","5.69201783485085","17.5382524285287","12.2256060953379","9.47190848354933","11.5189851446361","10.8514562858438","10.5753576075483","6.88806985204799","7.21416132016186","9.23727031768627","11.2043807841006"
"2020-08-10","10.5439383096976","10.6716166848286","14.1969450974164","8.00718463208204","8.64848836778314","5.68682912214816","17.9036326874564","11.6954139942646","9.45936290939894","11.3126387300325","10.8038323397617","10.4999731846839","6.89903811614361","7.24905448253266","8.51345435995712","11.0112018050644"
"2020-08-11","10.4227436164827","10.7336159103032","13.4969416411494","8.0031262516299","8.84852143207201","5.70239526025623","18.0767075469485","11.5394751410077","9.2523609359174","11.3490528031978","10.7426015519419","10.4138195585531","7.17324471853405","7.06586538008598","8.46749779121241","10.9038801500443"
"2020-08-12","10.2684958251183","10.6483669752756","13.8906935852996","8.1573447088114","9.01325454383931","5.6141871443105","18.1920907866099","11.1028463518885","9.28999765836858","11.2276725593134","10.7698152354174","10.2738199160907","7.49132437730697","7.03097221771519","8.39856293809535","10.9790053085583"
"2020-08-13","10.0371241380716","10.4391195892985","13.8031931532662","8.22633717649787","9.15445435392556","5.56489437363495","18.230551866497","10.978095269283","9.30881601959418","10.8878078764369","10.6813707641221","10.284589119357","7.51326090549821","6.9262927306028","8.21473666311652","10.9146123155463"
"2020-08-14","10.191371929436","10.4856190084045","13.7594429372495","8.35620535096651","9.20152095728765","5.53635645377015","18.1536297067227","10.8221564160262","9.36527110327097","11.0941542910405","10.8174391814995","10.1553586801609","7.65584833874124","6.80416666230502","8.15729095218564","10.8502193225342"
"2020-08-15","10.2684958251183","10.5476182338792","13.1688150210242","8.33591344870578","9.18975430644712","5.59602664985109","17.8074799877386","11.227597434494","9.56600028967731","11.1548444129827","10.7221912893353","9.87535939523601","7.91908667703606","7.00480234593709","8.20324752093035","11.0648626325744"
"2020-08-16","10.2464604263519","10.4701192020359","13.1906901290325","8.37649725322724","9.38978737073599","5.5104128902567","17.6344051282465","11.2587852051454","9.55972750260211","11.1062923154289","10.7698152354174","9.86459019196966","7.97392799751415","7.12692841423487","8.32962808497829","10.9575409775543"
"2020-08-17","10.3896905183332","10.2376221065058","13.475066533141","8.39273077503582","9.40155402157651","5.45593140687846","17.788249447795","11.477099599705","9.71654717948207","10.8878078764369","10.7630118145485","10.0584358507638","7.93005494113168","7.22288461075456","8.06537781469622","10.8716836535382"
"2020-08-18","10.3896905183332","10.3383708479022","13.6063171811911","8.55100761266947","9.43685397409807","5.60380971890512","17.8651716075693","11.8201650768701","9.66636488288048","10.8999459008253","10.8514562858438","10.2092046964926","8.03973758208786","7.30139422608885","8.15729095218564","11.0326661360684"
"2020-08-19","10.5880091072303","10.3306209447178","13.7375678292412","8.59970817809521","9.48392057746016","5.6427250641753","17.9805548472307","11.8825406181728","9.64127373457969","11.0334641690982","10.7766186562863","9.92920541156772","8.01780105389662","7.51947649090632","8.375584653723","11.0112018050644"
"2020-08-20","11.1609294751554","10.7413658134876","14.8313232296584","9.00148784285756","9.8957533568784","5.8217356524181","18.2497824064405","12.2879816366406","10.0239137461668","11.0213261447098","11.4501573223042","9.9507438181004","8.34684897676516","7.85968482402157","8.9730200474042","11.3868275976348"
"2020-08-21","11.4914604566506","10.9351133930959","15.2250751738087","9.1678814413955","9.91928665855944","5.89956634295845","18.095938086892","12.2256060953379","10.0866416169188","11.0698782422636","11.8107386283542","10.0584358507638","8.57718252277313","7.99925747350475","9.04195490052126","11.7195247281972"
"2020-08-22","11.5245135548001","10.6406170720912","15.0063240937252","9.10294735416118","9.78985349931371","5.74909367458044","17.9997853871742","12.1008550127324","9.82945734683563","10.7785656569408","11.6678667901079","9.69228293970818","8.44556335362572","7.85096153342887","8.81217205679772","11.0541304670724"
"2020-08-23","11.5245135548001","10.8111149421466","14.5031966095333","9.15164791958693","9.88398670603788","5.75428238728313","17.9613243072871","12.319169407292","9.84827570806123","10.8149797301062","11.6406531066325","9.87535939523601","8.56621425867751","7.91202456757776","9.01897661614891","11.1721842875946"
"2020-08-24","11.5134958554169","10.8343646516996","15.1375747417753","9.19629010456052","10.1428530245293","5.81654693971541","18.1151686268356","12.2256060953379","10.1995517842723","10.6571854130564","12.0964823048466","9.83228258217064","8.4345950895301","8.10393696061714","9.36365088173422","11.5048814181569"
"2020-08-25","11.7999560393795","11.0126124249393","15.0938245257586","9.33021665948131","10.4487859463829","5.99555752795821","17.9228632274","12.568671572503","10.7954665564162","10.9970500959329","12.5319012404541","9.96151302136674","8.5552459945819","8.26967948187841","9.66236857857482","11.9127037072334"
"2020-08-26","11.8550445362953","10.8576143612526","15.3125756058421","9.46820159485423","10.4840858989045","6.01112366606628","17.615174588303","12.568671572503","10.8393760659425","11.0334641690982","12.7223970247824","9.9507438181004","8.61008731505999","8.40925213136159","9.77726000043659","11.8483107142213"
"2020-08-27","12.0974339227252","10.8266147485153","15.750077766009","9.54936920389713","10.6370523598312","6.09933178201201","17.7305578279644","12.7246104257599","11.1028331231009","11.0091881203213","13.2666706942918","10.0584358507638","8.68686516372931","8.70584401151335","9.88066228011218","11.9878288657475"
"2020-08-28","12.1084516221083","11.097861359967","15.8594533060507","9.80910555283441","10.9312186308443","6.21607781782253","18.2497824064405","12.6934226551085","11.3223806707328","11.0577402178751","13.7429101551126","9.98305142789943","8.98300829431099","8.90647969514542","10.4666085316072","12.5029728098441"
"2020-08-29","12.0203100270429","11.1288609727043","15.6407022259672","9.98767429272879","10.8488520749606","6.22386088687657","18.5190099656504","12.1944183246865","11.3662901802592","11.0213261447098","13.9810298855229","10.0584358507638","9.08172267117155","8.94137285751621","10.3517171097454","12.48150847884"
"2020-08-30","12.1635401190242","11.469856712815","16.1000794941425","10.1865349348839","11.0841850917711","6.29909722106557","18.5959321254247","12.3815449485948","11.5732921537407","11.2640866324787","14.2531667202776","10.2307431030253","9.13656399164964","9.13328525055559","10.4321411050487","12.6532231268722"
"2020-08-31","12.1084516221083","11.2451095204693","16.1438297101592","9.92274020549447","11.06065179009","6.19532296701177","17.8267105276822","12.2879816366406","11.6046560891167","11.2276725593134","14.1443119863757","9.98305142789943","9.0488178788847","9.0286057634432","10.5355433847243","12.6639552923742"
"2020-09-01","12.3838941066877","11.5241060351054","16.5813318703261","10.3772788161347","11.1665516476547","6.58447641971352","18.1151686268356","12.8493615083653","12.2193892224862","11.5189851446361","14.851867756738","10.3276659324224","9.22431010441458","9.50838674604163","10.845750223751","13.1469027399648"
"2020-09-02","12.4500003029867","11.655854389239","17.4563361906599","10.385395577039","11.0488851392495","6.68825067376732","17.9036326874564","13.2548025268332","12.5832108728477","11.7981597055704","15.2396627462634","10.2953583226234","9.09269093526717","9.64795939552481","10.9146850768681","13.2220278984789"
"2020-09-03","12.5491595974353","11.7953526465571","17.8719632428185","10.4259793815604","11.0253518375684","6.79980799687515","18.0382464670614","13.41074138009","12.6835754660508","12.004506120174","15.5594235271002","10.316896729156","9.16946878393649","9.80497862619339","10.9836199299852","13.329349553499"
"2020-09-04","12.4389826036036","11.679104098792","17.8719632428185","10.6775989695934","10.8370854241201","6.79980799687515","17.8267105276822","13.5043046920442","12.7713944851036","12.0530582177278","15.5254064227559","10.4999731846839","9.24624663260582","9.89221153212038","10.9951090721713","13.5117963670332"
"2020-09-05","12.527124198669","11.5473557446584","18.0469641068853","10.6857157304977","10.8606187258011","6.83872334214532","18.230551866497","13.0364881322736","12.7274849755772","12.332232778662","15.4981927392804","10.5107423879502","9.00494482250223","9.83987178856419","10.8687285081234","13.2756887259889"
"2020-09-06","12.5491595974353","11.6016050669487","18.0688392148936","10.6573070673327","10.6605856615123","6.84391205484801","18.0767075469485","12.8493615083653","12.8090312075548","12.4414749981581","15.5866372105757","10.4892039814175","8.91719870973728","9.94455127567657","10.6849022331446","13.3937425465111"
"2020-09-07","12.0753985239588","11.6403545828704","17.6750872707434","10.7262995350192","10.6017524073097","6.86726126201012","17.8074799877386","12.6310471138057","12.8529407170812","12.3079567298851","15.5798337897068","10.4999731846839","8.98300829431099","10.0056143098255","10.9031959346819","13.5761893600453"
"2020-09-08","12.0423454258093","11.5086062287367","18.8125928871774","10.665423828237","10.4134859938613","6.76089265160498","17.6920967480772","12.3503571779434","12.9282141619836","12.2958187054967","15.6070474731823","10.5107423879502","9.00494482250223","10.1364636687159","10.776815370634","13.4366712085191"
"2020-09-09","11.9872569288934","11.4388571000777","20.1469744756865","10.7181827741149","10.248752882094","6.8257515603886","17.6728662081337","12.1320427833838","13.0599426905627","12.3079567298851","15.7907398366417","10.7153572500107","9.22431010441458","10.1102937969378","10.5240542425381","13.6083858565513"
"2020-09-10","11.7448675424636","11.1598605854416","18.9438435352275","10.5639643169334","10.248752882094","6.83612898579398","17.3267164891496","12.0384794714297","12.8717590783068","12.222990559166","15.5049961601493","10.8338184859405","9.10365919936279","10.049230762789","9.94959713322924","13.6083858565513"
"2020-09-11","11.2821241683703","10.9273634899116","18.7469675631523","10.4827967078905","10.0722531194862","6.75310958255094","17.3459470290931","12.2567938659893","13.0223059681115","12.2594046323314","15.2736798506078","10.7907416728751","9.18043704803211","10.0666773439744","9.89215142229836","13.372278215507"
"2020-09-12","11.1058409782395","10.8421145548839","18.7469675631523","10.3651036747783","10.0722531194862","6.73494908809153","17.2690248693189","12.069667242081","13.0097603939611","12.1987145103891","15.1172011706238","10.8553568924732","9.27915142489267","9.94455127567657","9.82321656918129","13.1790992364708"
"2020-09-13","10.9736285856414","10.5553681370635","18.6813422391273","10.2798776852832","9.97811991276205","6.73235473174018","17.3459470290931","11.9449161594755","12.9282141619836","12.222990559166","15.0015430158531","10.7153572500107","9.20237357622335","9.80497862619339","9.68534686294717","12.9644559264306"
"2020-09-14","10.9295577881087","10.4158698797455","17.8719632428185","10.2961112070918","9.98988656360257","6.68306196106463","16.9228751503347","11.8825406181728","12.7086666143516","12.222990559166","14.8314574941314","10.8553568924732","9.21334184031897","9.69157584848831","9.69683600513335","12.8571342714105"
"2020-09-15","10.6981861010621","10.3151211383492","18.0688392148936","10.3975707183954","10.0369531669647","6.66490146660521","16.5382643514635","11.8513528475214","12.3385721769149","12.1380243884469","14.6817822350163","10.7907416728751","9.12559572755402","9.82242520737879","9.5704554410854","13.0288489194426"
"2020-09-16","10.7422568985947","10.2841215256118","17.0407091385014","10.2433522612139","9.95458661108101","6.58188206336217","16.0382703129309","11.6018506823105","12.2256620095614","11.9680920470086","14.5593206593767","10.7907416728751","8.93913523792852","9.7351923014518","9.2717377442448","12.9644559264306"
"2020-09-17","10.8083630948938","10.3538706542709","16.7344576263845","10.2149435980489","9.82515345183527","6.57669335065948","15.8651954534388","11.6330384529618","12.0939334809822","12.2836806811082","14.1170983029003","10.5538192010156","8.88429391745043","9.59561965196862","9.35216173954804","13.0825097469527"
"2020-09-18","10.8634515918097","10.0981238491878","16.1875799261759","10.0729002822238","9.60158708586537","6.61041998322697","15.4228930347369","11.4147240584022","11.9120226558014","12.1865764860007","13.872175151621","10.5215115912166","8.73073822011178","9.64795939552481","8.98450918959038","12.9000629334185"
"2020-09-19","11.2490710702208","10.0128749141601","16.5594567623178","9.99984943408522","9.78985349931371","6.62339176498369","15.3267403350191","12.0072917007783","11.8681131462751","12.4050609249927","13.8857819933588","10.5861268108146","8.76364301239864","9.69157584848831","9.1223788958245","12.9859202574346"
"2020-09-20","11.5134958554169","9.89662636639512","16.0125790621091","10.1500095108146","9.90752000771892","6.78943057146977","15.153665475527","12.1320427833838","12.087660693907","12.5992693152079","14.3212009289663","10.7799724696088","8.96107176611976","9.84859507915688","9.30620517080333","13.2434922294829"
"2020-09-21","11.6236728492487","9.9818753014228","15.7282026580006","10.2068268371446","9.7310202451111","6.75829829525363","15.4421235746805","11.8513528475214","11.9998416748542","12.7327875834808","14.1579188281135","10.5861268108146","8.95010350202414","9.91838140389847","9.2717377442448","13.0610454159487"
"2020-09-22","11.3812834628188","9.50913120717839","15.4438262538921","9.84563097690372","9.53098718082224","6.35357870444382","14.8652073763736","11.5082873703563","11.6422928115679","12.4536130225465","13.6000383168663","10.3492043389551","8.54427773048628","9.62178952374672","9.00748747396273","12.4063833203259"
"2020-09-23","11.2490710702208","9.3541331434917","14.5250717175416","9.93897372730305","9.63688703838693","6.27055930120078","14.8267462964865","11.3211607464481","11.3851085414848","12.3686468518274","13.3142946403739","10.316896729156","8.35781724086078","9.63923610493211","9.2717377442448","12.3097938308078"
"2020-09-24","11.3812834628188","9.33863333712304","14.4375712855082","9.89027316187731","9.62512038754641","6.22645524322791","14.6921325168815","11.0092830399344","11.2721983741312","12.3079567298851","13.0829783308324","10.2738199160907","8.23716633580898","9.59561965196862","9.34067259736186","12.2239365067917"
"2020-09-25","11.7558852418468","9.48588149762539","14.3063206374581","9.77663850921725","9.82515345183527","6.37433355525458","14.6344408970508","10.978095269283","11.2408344387552","12.2836806811082","13.0965851725701","10.1338202736282","8.18232501533089","9.7526388826372","9.77726000043659","12.2454008377958"
"2020-09-26","11.9431861313607","9.36188304667604","13.9563189093246","9.84563097690372","9.76632019763267","6.22904959957926","14.2690606381232","10.7909686453748","11.1655609938529","11.9680920470086","13.1714228021277","10.1015126638292","8.16038848713966","9.7351923014518","9.81172742699512","11.9878288657475"
"2020-09-27","12.0423454258093","9.27663411164836","13.8250682612745","9.93491534685091","9.71925359427058","6.31985207187633","14.7113630568251","11.0404708105858","11.2408344387552","11.9802300713971","13.1306022769145","10.0799742572965","8.2481345999046","9.7264690108591","10.0874668394634","11.9341680382374"
"2020-09-28","12.4830534011363","9.15263566069901","13.7375678292412","10.1418927499103","9.68395364174902","6.32763514093037","14.6152103571073","11.0092830399344","11.0714691877249","12.1987145103891","13.1374056977833","9.93997461483406","8.20426154352213","9.68285255789561","9.96108627541542","11.8590428797233"
"2020-09-29","12.6042480943512","9.23013469254235","13.3438158850909","10.3366950116133","9.76632019763267","6.38471098065996","13.9806025389697","10.8221564160262","11.0024685298977","12.3200947542736","13.1442091186522","9.89689780176869","8.05070584618348","9.61306623315402","10.0759776972772","11.8375785487193"
"2020-09-30","12.5601772968185","9.27663411164836","12.2281853766653","10.4990302296991","9.91928665855944","6.42881503863282","13.6536833599292","11.0092830399344","10.9271950849953","12.1623004372238","13.103388593439","9.9507438181004","8.07264237437471","9.66540597671021","10.1564016925804","11.6980603971932"
"2020-10-01","12.4279649042204","9.28438401483269","12.6438124288239","10.6207816432634","9.94281996024049","6.5663159252541","14.0959857786311","11.1964096638426","11.0589236135745","12.3929229006043","13.5388075290465","9.97228222463309","8.32491244857392","9.78753204500799","10.3057605410007","11.7409890592012"
"2020-10-02","12.5050887999026","9.34638324030737","11.8563085405234","10.6532486868806","10.0840197703267","6.67268453565925","14.4036744177281","11.2587852051454","10.9711045945217","12.3686468518274","13.5592177916531","10.0045898344321","8.02876931799224","9.90093482271308","10.2368256878837","11.9449002037394"
"2020-10-03","12.6042480943512","9.45488188488805","11.7469330004817","10.8277590463228","9.96635326192153","6.75829829525363","14.3844438777845","11.1964096638426","11.0401052523489","12.4900270957118","13.5183972664399","9.91843620830138","7.88618188474921","10.0666773439744","10.2712931144422","11.9234358727354"
"2020-10-04","12.6262834931175","9.67187917404942","11.8563085405234","10.9292185576264","9.94281996024049","6.77645878971305","14.4805965775023","11.0092830399344","11.297289522432","12.3807848762158","13.8993888350965","9.84305178543698","7.93005494113168","10.1364636687159","10.2483148300698","11.9985610312495"
"2020-10-05","12.8576551801642","9.76487801226143","11.703182784465","11.0144445471215","10.1193197228483","6.90617660728029","14.5190576573895","11.1340341225399","11.4164724768608","12.4293369737696","14.1579188281135","10.0584358507638","8.23716633580898","10.337099352348","10.2368256878837","12.1702756792817"
"2020-10-06","12.8025666832483","9.5556306262844","12.0313094045902","10.945452079435","9.7310202451111","6.89320482552357","14.7305935967687","10.7909686453748","11.23456165168","12.3200947542736","14.130705144638","10.0799742572965","8.36878550495639","10.2673130276064","10.190869119139","11.8912393762294"
"2020-10-07","12.9568144746127","9.56338052946873","12.8844386169157","11.140254341138","9.91928665855944","7.0047621486314","15.3652014149062","10.8533441866775","11.39138132856","12.5143031444887","14.2939872454908","10.252281509558","8.47846814591257","10.2934828993845","10.4895868159796","12.3849189893219"
"2020-10-08","12.9568144746127","9.57113043265307","12.6875626448406","11.1280791997815","10.0957864211673","7.12410254079327","15.4421235746805","10.7597808747234","11.4164724768608","12.2836806811082","14.4844830298191","10.6722804369453","8.47846814591257","10.3458226429407","10.4436302472349","12.492240644342"
"2020-10-09","12.8576551801642","9.5788803358374","12.7750630768739","11.0103861666693","10.1310863736888","7.06183798836099","15.4036624947933","10.6974053334207","11.4290180510112","12.2594046323314","14.3075940872286","10.7799724696088","8.5552459945819","10.2236965746429","10.2827822566284","12.3527224928159"
"2020-10-10","12.9788498733791","9.93537588231679","12.3594360247154","11.3107063201281","10.519385851426","7.46915193552215","15.2690487151884","10.6038420214665","12.1378429905086","12.7449256078692","14.7702267063116","11.1245869741317","8.76364301239864","10.6511378136852","10.5929890956552","13.0717775814507"
"2020-10-11","12.6703542906502","9.78812772181444","12.4031862407321","11.2782392765109","10.4134859938613","7.36537768146835","15.1344349355835","10.0736499203932","11.8743859333503","12.5507172176541","14.2939872454908","10.9415105186039","8.66492863553808","10.5202884547947","10.3976736784901","12.9429915954266"
"2020-10-12","12.7254427875661","9.74162830270843","12.4250613487404","11.4243409727881","11.037118488409","7.57033183322461","15.2498181752448","10.3855276269069","11.930841017027","12.5021651201003","14.3756282959172","11.2753558198605","8.88429391745043","10.6598611042779","10.6044782378413","13.1039740779567"
"2020-10-13","13.2763277567248","9.84237704410478","12.6875626448406","11.4283993532403","11.1194850442926","7.68967222538647","15.2305876353013","10.2607765443014","11.9371138041022","12.793477705423","14.5321069759012","11.3292018361922","9.03784961478908","10.7558173007976","10.6389456643999","13.5761893600453"
"2020-10-14","13.6509295357527","10.0361246237131","12.4250613487404","11.3228814614845","11.2606848543789","7.87646588268331","15.2113570953577","10.2295887736501","11.9433865911774","12.8905819005306","14.6273548680653","11.6845855439815","9.22431010441458","10.7558173007976","10.5010759581657","13.7801005045835"
"2020-10-15","13.794159627734","10.2298722033215","13.2125652370409","11.6313183758475","11.7666508405213","8.21113785200681","15.1344349355835","10.3231520856042","12.2256620095614","13.254722632184","14.8722780193446","12.0938152681025","9.67400893233491","10.9302831126515","10.7538370862616","14.3918339381982"
"2020-10-16","13.8161950265003","10.4701192020359","13.0375643729741","11.8058287352897","12.0490504606938","8.2682136917364","15.2113570953577","10.7909686453748","12.4075728347421","13.4003789248454","15.055970382804","12.5461218052889","9.78369157329109","10.9302831126515","10.5240542425381","14.5957450827364"
"2020-10-17","13.6509295357527","11.0668617472296","13.0813145889908","11.7206027457947","12.5197164943146","8.49651705065476","15.1152043956399","10.8845319573289","12.4640279184189","13.4853450955645","15.1784319584436","12.7722750738821","9.92627900653412","11.0436858903566","10.5240542425381","14.9821030408088"
"2020-10-18","14.0365490141638","11.4621068096307","13.2344403450492","11.9194633879498","12.7785828128061","8.6547727880868","15.2498181752448","10.6038420214665","12.4389367701181","13.7766576808872","15.7022953653464","12.9445823261436","9.93724727062974","11.1396420868763","10.455119389421","15.5831043089215"
"2020-10-19","14.2679207012105","11.8806015815847","13.5188167491577","11.9722223338277","13.272782148108","8.9609068375455","15.2305876353013","10.9469074986316","12.8529407170812","14.5534912417478","15.9948424627077","13.5261193025261","10.2882317216895","11.5060202917696","10.6044782378413","16.0553195910101"
"2020-10-20","14.7526994740701","12.7020913191242","13.7813180452578","12.6459134888838","13.9199479443367","9.62765641984116","15.8075038336081","11.6330384529618","13.4864922116762","15.3667388757738","16.6003469200369","14.1291946854413","10.935359303331","12.2213301203709","10.8342610815649","16.5704635351066"
"2020-10-21","15.0281419586495","12.8570893828109","14.2406953134331","12.8528908919431","14.2376475170308","9.87671462957028","16.0959619327616","11.6642262236132","13.5178561470522","15.645913436708","16.8452700713162","14.4415015801652","11.0011688879047","12.770897427711","10.9376633612405","16.6885173556288"
"2020-10-22","15.2154428481634","12.7950901573362","14.7438227976251","12.7149059565702","14.108214357785","9.84817670970548","15.9998092330438","11.1964096638426","13.4864922116762","15.7187415830387","16.2125519305115","14.656885645492","10.9024545110441","12.8755769148233","11.0870222096608","16.3343558940624"
"2020-10-23","15.6230977253409","13.0740866719722","15.1594498497836","12.9218833596296","14.4376805813196","10.0453477924077","15.8075038336081","11.2587852051454","13.8440410749625","16.4348850219571","16.3077998226756","15.0445769630804","11.3302168107732","13.4251442221634","11.4431856174322","16.2055699080382"
"2020-10-24","16.1629649951164","13.2135849292903","15.1594498497836","12.9300001205339","14.6847802489706","10.2113865988938","15.8267343735517","11.477099599705","13.9004961586393","16.5198511926762","16.5119024487417","15.2814994349399","11.7470108464067","13.5908867434246","11.6499901767834","16.4738740455885"
"2020-10-25","16.6697791667424","13.577830378954","14.9406987697002","13.2222035130883","15.0966130283888","10.634266684163","15.8075038336081","11.8825406181728","14.1012253450456","16.7140595828914","16.906500859136","15.8091903949907","12.0760587692752","13.8613087517983","11.948707873624","16.903160665669"
"2020-10-26","16.7469030624246","13.8645767967744","15.5532017939339","13.4494728184085","15.1789795842725","10.9170515264596","16.9421056902783","11.7577895355673","14.3960463375799","16.9568200706603","17.0901932225954","16.0030360537848","12.2734875229963","14.3149198626186","12.075088437672","17.1714648032193"
"2020-10-27","17.1655756389852","14.2520719559911","15.3563258218587","13.6118080364943","15.6025790145312","11.1220056782159","17.0190278500526","12.319169407292","14.6532306076631","17.0660622901563","17.2194582191039","16.3368813550415","12.6244719740561","14.6115117427704","12.3852952766988","17.6973409128179"
"2020-10-28","17.3528765284992","14.7015663406825","15.2688253898254","13.8066102981972","15.6261123162123","11.3736582442963","16.9228751503347","12.6934226551085","15.1550535736789","17.3695128998675","17.3283129530058","16.4445733877049","13.030297745594","15.0389529818126","12.5231649829329","17.6758765818139"
"2020-10-29","17.7384960069103","14.7868152757102","15.3782009298671","13.968945516283","15.6025790145312","11.4073848768638","16.9805667701654","12.8805492790167","15.3683283342357","17.5151691925289","17.3963471616945","16.4768809975039","13.2825678197932","15.1261858877396","12.6265672626085","17.8690555608501"
"2020-10-30","18.3003986754522","15.0038125648715","15.3125756058421","14.2976743329068","15.6967122212554","11.5578575452418","16.999797310109","13.41074138009","15.6756949009204","17.8914479485707","17.7093045216624","16.7676494856952","13.5567744221836","15.4315010584841","12.7644369688426","18.2339491879185"
"2020-10-31","17.969867693957","14.7403158566042","15.2688253898254","13.940536853118","15.4025459502424","11.1946476560535","17.0382583899961","13.3171780681359","15.1236896383029","17.2845467291484","17.2330650608416","16.4984194040366","13.4470917812274","15.3704380243352","12.5806106938638","17.772466071332"
"2020-11-01","18.8733190433772","15.4068075304569","15.1594498497836","14.1759229193424","16.0026451431089","11.4774324983501","17.6536356681901","13.909745710512","15.6380581784692","17.7457916559093","18.5121081841887","16.8968799248913","13.9845367219127","16.1642574682708","13.0746438078694","18.3412708429386"
"2020-11-02","19.1487615279566","15.8175523992267","14.9844489857169","14.163747777986","15.9555785397469","11.446300222134","17.788249447795","14.1280601050716","15.6568765396948","17.9642760949014","18.6821937059104","17.1122639902181","14.1051876269645","16.4085096048663","13.2354917984759","18.2554135189225"
"2020-11-03","19.1046907304239","16.3987951380517","15.5969520099505","14.5046517359662","16.4380112242082","11.6123390286201","18.5959321254247","14.2528111876771","16.1586995057107","18.1827605338934","18.6753902850416","17.4784169012738","14.6865056240323","16.9493536216137","13.7295249124815","18.7383609665131"
"2020-11-04","19.5123456076013","16.5072937826324","15.9688288460924","14.7481545630948","16.5086111292514","11.5552631888905","19.2882315633929","14.6270644354936","16.4096109887186","18.4012449728855","18.8454758067633","17.5968781372035","14.9936170187096","17.3419016982851","14.0627100358806","18.7705574630191"
"2020-11-05","19.4242040125359","16.6235423303974","15.5969520099505","14.8820811180156","16.3438780174841","11.5111591309176","19.9228393815305","14.9077543713559","16.7985237873809","18.3526928753317","19.0972023789114","17.7261085763996","15.1691092442394","17.7955128091054","14.2120688843009","18.8349504560312"
"2020-11-06","19.5784518039004","16.5925427176601","15.9907039541008","15.0850001406229","16.5203777800919","11.5604519015932","20.1151447809661","14.5958766648422","17.1623454377424","18.4619350948277","18.9951510658783","17.6722625600679","15.5639667516817","18.2578472105185","14.281003737418","18.8564147870352"
"2020-11-07","20.2064606687413","16.243797074365","16.2969554662176","15.283860782778","16.6851108918592","11.5500744761878","20.4228334200631","14.751815518099","17.5324398751791","18.6804195338198","19.2468776380264","17.9953386580582","15.7394589772116","18.5369925094848","14.3614277327212","18.8349504560312"
"2020-11-08","20.2835845644235","16.011299978835","16.1438297101592","15.3528532504645","16.8498440036265","11.5033760618636","20.3459112602888","14.751815518099","17.8209880806382","18.5347632411584","19.1924502710755","18.0384154711236","16.0465703718889","18.7376281931169","14.5682322920724","18.5559141529789"
"2020-11-09","20.8344695335822","16.0267997852037","16.8875833824429","15.787099958844","17.0381104170748","11.4177623022692","21.2112855577491","14.8453788300532","18.35417498203","18.1463464607281","19.4986042101745","17.9091850319275","16.3646500306618","19.1563461415664","14.9014174154715","18.9422721110513"
"2020-11-10","21.1319474169279","15.8640518183327","16.6907074103678","15.5395387512631","17.1910768780016","11.1194113218645","21.5382047367897","14.5335011235394","18.6552687616395","17.6122733876364","19.4169631597481","17.9414926417265","16.3317452383749","19.4354914405328","15.1656676857536","19.3930230621358"
"2020-11-11","21.198053613227","15.9570506565447","16.4938314382927","15.4340208595074","17.5911430065793","11.1038451837564","21.7112795962817","14.5335011235394","19.6777330548969","17.8793099241823","19.7639376240604","17.769185389465","16.7814440662953","19.3831516969766","15.3609831029186","19.9725599992445"
"2020-11-12","21.010752723713","16.0965489138627","15.9688288460924","15.5030133271938","17.8500093250708","11.0130427114594","21.9997376954352","14.751815518099","20.1983743821383","17.9521380705129","19.8387752536179","17.4461092914747","17.0117776123032","19.6012339617941","15.3380048185462","20.5199004398471"
"2020-11-13","21.0438058218625","16.0965489138627","16.4063310062593","15.6978155888968","18.0735756910407","10.8781361811894","21.8843544557738","14.7830032887504","20.505740948823","17.5758593144711","20.090501825766","17.3491864620777","16.9240314995383","19.4442147311255","15.4988528091527","21.2282233629799"
"2020-11-14","20.6802217422178","16.174047945706","16.4063310062593","15.9372600355733","18.3795086128942","10.7951167779464","21.7112795962817","15.3131953898237","20.8758353862597","17.5879973388595","20.3694420813896","17.2845712424796","17.0666189327813","19.5663407994233","15.7401247950624","21.5179918315342"
"2020-11-15","21.0878766193952","16.2127974616277","16.450081222276","16.0549530686855","18.4148085654158","10.7536070763249","21.788201756056","15.6250730963375","21.3776583522756","17.6608254851902","20.7640404917839","17.4568784947411","17.2311428942156","20.0548450726144","16.1307556293924","21.7326351415744"
"2020-11-16","21.1099120181616","16.3832953316831","15.7719528740173","15.9819022205469","18.4736418196184","10.6109174770009","20.9612885384828","15.8745752615484","21.6034786869827","17.7215156071324","20.9681431178499","17.2738020392133","17.1543650455463","19.8105929360188","16.1996904825095","21.378473680008"
"2020-11-17","21.2090713126101","16.4530444603421","15.3344507138504","16.2862807544578","18.6619082330668","10.6887481675413","21.653587976451","15.6874486376402","22.3875770713825","18.2677267046126","21.4239723160641","17.5107245110728","17.2530794224068","20.0548450726144","16.4869190371639","21.5501883280402"
"2020-11-18","21.6277438891708","16.6777916526878","14.8531983376668","16.4242656898307","19.1561075683687","10.7691732144329","22.1920430948708","15.6562608669888","22.9772190564511","18.4133829972739","22.0090665107867","17.801492999264","17.7795560989965","20.3601602433589","16.6707453121428","21.7540994725785"
"2020-11-19","21.5836730916381","16.9257885545865","14.6344472575833","16.5825425274644","19.7562067612352","10.8833248938921","22.3651179543629","15.5938853256861","23.6233161251966","19.1659405093576","22.5805538637716","18.0814922841889","17.7137465144228","20.761431610623","16.8775498714939","22.0331357756308"
"2020-11-20","22.4430536435256","17.8402771303379","15.0938245257586","17.3739267156327","20.4151392083044","11.5526688325391","22.7881898331212","16.841396151741","25.5929712668088","20.0277402409374","24.2678022392507","18.996874561828","18.5034615293073","21.4941880204097","17.7737029620157","22.7736551952696"
"2020-11-21","23.3685403917123","18.1580231608957","15.2907004978337","17.6458382059264","20.99170509949","11.905501296322","23.6920252104686","17.4027760234657","26.7534368757205","20.3797429482023","25.3563495782695","19.6430267578086","19.084779526375","21.8082264817469","18.1413555119734","22.8165838572777"
"2020-11-22","23.5778766799926","18.1270235481583","15.9907039541008","17.6133711623092","20.99170509949","11.8951238709167","23.8266389900736","17.2156493995574","27.1235313131572","20.4161570213677","24.9005203800554","19.783026400271","18.9312238290364","21.3895085332973","18.1298663697872","22.6663335402495"
"2020-11-23","23.6880536738243","18.5687680296654","17.5657117307017","18.2464785128438","21.2035048146194","12.3128152434832","24.5573995079289","17.8705925832363","28.7230920173327","21.4721651431625","26.0162814025497","20.6337934583121","19.600287938869","21.9041826782665","18.8536823275164","22.9024411812937"
"2020-11-24","23.8753545633383","18.5920177392184","16.953208706468","18.4737478181639","21.285871370503","12.559279096861","24.9035492269131","18.18247028975","29.7518290976652","22.2611367284116","26.8462987485516","21.8076366143434","19.3260813364786","21.9041826782665","19.0834651712399","22.4838867267153"
"2020-11-25","24.426239532497","19.1732604780435","16.8657082744346","19.0053956573949","21.9801037700938","13.3220198641564","25.5381570450506","19.3987933451535","31.2447524215624","23.2443167038758","28.4519060736043","22.8091725181133","19.7867484284945","22.4101335326431","19.4511177211976","23.0634236638239"
"2020-11-26","25.2966377837677","19.5065063149699","16.7563327343929","19.3544163762794","22.2154367869042","13.5036248087505","25.4420043453328","19.9601732168782","32.3173990114213","23.9361840940173","29.2274960526552","23.4553247140938","19.7538436362077","22.3926869514577","19.6809005649211","22.7843873607716"
"2020-11-27","26.0788944399731","20.1264985697166","17.0844593545181","19.6019775838602","22.6037362646414","13.9446653884792","26.0766121634704","21.4259984374927","33.540592491085","25.3199188743002","30.1935818160344","24.5968602603261","19.9841771822157","22.383963660865","20.2323793898576","22.9668341743058"
"2020-11-28","26.4094254214683","20.9092387913344","17.1500846785431","20.267551978012","22.9802690915381","14.6814625922612","26.6919894416644","22.3616315570339","35.8991604313595","25.9632341668879","31.2004881046268","25.5553193510306","20.7080826125264","22.6020459256825","21.0021519163315","23.3531921323783"
"2020-11-29","26.8611510961785","21.7927277543485","17.9813387828602","20.54758022921","23.4156351726374","15.319674254692","27.4227499595197","23.0165747407127","36.6393493062329","26.6065494594756","31.9692746628089","26.5568552548004","20.9603526867256","22.9684241305758","21.4042718928477","23.8361395799688"
"2020-11-30","28.0069918320286","22.893214006524","18.221964970952","21.3389644173783","24.333433938198","16.4170869913109","28.6150434360206","24.4200244200244","39.4621034900721","28.5850474347924","33.8334119808786","28.1291589316864","21.4977976274109","24.0064957111069","22.5187186849068","24.1688367105312"
"2020-12-01","30.7614166778221","24.0324497746212","18.2000898629437","22.2805086822759","24.9099998293836","17.6935103161727","29.8650285323521","26.4472295123636","41.7328524112938","31.1461705807547","37.2283189944435","30.0999231294271","22.9894815444149","24.8613781891914","23.5527414816628","25.0703386127002"
"2020-12-02","32.1386291007189","24.6911915452896","18.2657151869687","23.3113373171208","25.0747329411509","18.6196955336028","30.8457860694738","28.3496835220973","43.6523252563045","33.4038431170058","38.9563878951359","31.6291499932477","23.4720851646221","25.7947702826102","24.4603837143707","25.6391433843068"
"2020-12-03","33.603983118681","25.6289298305941","18.7032173471357","24.4436254632692","25.8630985474658","19.4291347152224","31.5188549674985","29.9714475959687","45.9481653258271","34.8604060436194","40.5143712741066","34.2783739967679","24.3824510845584","26.5275266923969","25.3335585205202","26.1328229973994"
"2020-12-04","34.871018547746","26.7371659859539","19.2719701553526","25.4379286740447","26.4984976928539","20.4850377502198","32.4226903448459","31.4996483578859","48.9904670572982","37.2273207993666","41.7321836096339","35.570678388729","25.5341188145983","27.1817734868493","25.7931242079673","26.690895603504"
"2020-12-05","37.085576123764","27.7136537871801","19.7094723155196","26.3632394171338","27.0750635840395","21.7822159258923","33.4419089618547","33.1526002024086","52.7102297928908","39.1208526039643","44.2290390685083","37.4122121472736","25.972849378423","28.2547382297512","26.6662990141167","27.4958080161549"
"2020-12-06","38.0551336694833","28.3956452674015","19.9938487196281","26.8015445059654","27.6869294277466","22.3581630358909","34.4995886587506","35.1486175240964","53.9146049113288","40.3589310915859","44.7801161588865","38.4783632706415","26.3238338294828","28.4989903663468","26.8960818578403","27.4528793541469"
"2020-12-07","39.3331867979315","29.4108825845493","21.7657324683041","28.4654804913449","28.5576615899452","23.7461436838604","36.2880288735019","37.1758226164356","56.9004515591232","42.9564683107135","46.5285953221855","41.4614325754183","27.2890410698971","30.0691826730326","28.1369092139474","29.2988118204929"
"2020-12-08","40.6222576257629","30.3563707730381","23.3626153529133","29.4191998975989","29.2518939895359","24.5426110837234","36.9610977715266","38.8599622316097","59.6667506592856","44.6072396275423","47.9369034420411","42.7860445771785","28.3090896307896","31.447462586679","28.5734966170221","30.2969032121801"
"2020-12-09","41.2502664906038","31.0848616723656","24.543871185364","30.4946707174174","30.2049927076181","25.4895511519643","37.9995469284789","40.3257874522242","62.5961422234032","46.5614615540822","49.2975876158146","44.5306555063259","28.5284549127019","32.1802189964657","29.4581605653577","31.7350133894497"
"2020-12-10","43.3766824715564","32.4875941487301","25.4845008297228","31.9881547238067","30.9109917580494","26.8386164546636","40.3841338814806","42.6024947097744","66.8867285828388","48.6006496513413","51.8284601790334","46.1244975897446","29.4717256249251","33.2531837393676","30.7794119167681","33.5380171937877"
"2020-12-11","43.6300895573694","32.9215887270528","26.1188789619649","32.2965916381697","31.4640243475539","27.3471102995273","42.1725740962319","43.5381278293156","68.9630211047294","49.6323817243593","52.0121525424928","47.0291106641174","29.3839795121601","33.820197627893","31.0896187557948","34.4287869304547"
"2020-12-12","45.1174789740979","33.9755755601223","26.31575493404","33.4207630234139","32.0170569370584","28.0709357215525","42.8648735342002","45.0663285912328","71.0142224783192","51.3559811875188","53.8762898605625","48.2352614299477","29.8227100759848","34.6576335247921","32.0891741259922","36.0922725832666"
"2020-12-13","45.0073019802662","34.6808167498967","26.3376300420483","34.1634466461564","32.2876899063904","28.7350909474968","44.0187059308139","47.1870969955261","71.9363221783733","52.4362653580905","54.8763927282861","49.2044897239186","30.1188532065665","35.3118803192445","32.5257615290669","36.3498445553149"
"2020-12-14","46.8252223784899","35.7890529052566","26.381380258065","35.0400568238197","33.2054886719511","29.6457100268189","45.4994575064682","49.1207387759112","74.2321622478959","54.1113127236962","56.3663418985681","49.9044879362308","30.4259646012438","36.3499518997757","32.8359683680937","38.4211524972032"
"2020-12-15","48.9075675619098","36.9437884797224","27.4970107664907","36.1520530677075","34.0644541833091","30.7301509816811","46.999439622066","51.2726949508559","76.6471852718472","55.5557376259214","57.7678465975548","50.5829477420104","31.4898862185188","37.6061057451243","33.5253168992644","40.4173352805774"
"2020-12-16","49.2491162427882","37.3777830580451","28.2845146547911","36.614708439252","34.3468538034816","31.3164755170851","47.9032749994135","52.3642669236539","78.1212902345188","56.7816780891545","57.8494876479812","51.6598680686446","31.9176485182478","37.9288674970541","33.7091431742432","41.6729986443129"
"2020-12-17","49.6677888193488","38.3310211497183","29.1595189751249","37.1017140935094","35.4293856808096","32.1674244003262","49.460948734842","53.4558388964519","79.4197571590849","57.8619622597263","58.3801544757529","52.1983282319617","32.3673473461682","38.5046046761723","34.4099808476","42.9071976770442"
"2020-12-18","50.3619038804888","38.7030165025663","29.9032726474087","38.0513751193113","35.9824182703141","32.9587030874864","51.2493889495933","54.8281008051123","81.0632273727868","59.2092829668439","59.7680523330019","52.6183271593491","32.9815701355228","39.7956516838917","35.2831556537494","44.3775043508199"
"2020-12-19","50.9788950459466","38.858014566253","30.2313992675339","38.5018553494994","36.0059515719951","33.0650716978916","52.2493770266585","55.139978511626","81.3894123006971","60.5566036739615","60.4007704738066","52.8121728181433","32.9706018714272","40.2579860853047","35.6393190615209","44.8926482949165"
"2020-12-20","52.5984968552732","39.4935066273685","30.5376507796507","39.2851227767634","36.5119175581375","33.8122463270789","53.2685956436673","57.2919346865707","82.0856916660441","61.9888905517982","61.6730101762848","53.7383242990487","33.2777132661045","40.8947862985717","36.2022870286436","45.321934914997"
"2020-12-21","52.1247357817967","39.3927578859721","30.7564018597342","39.134962700034","36.229517937965","33.8926713739706","53.4801315830465","57.4790613104789","81.2765021333435","61.8796483323022","61.1695570319886","53.6952474859833","33.0364114560009","40.3801121536025","36.3286675926915","45.5580425560412"
"2020-12-22","50.0423905983768","38.6177675675387","31.7845319361264","38.7169495134631","36.1236180804004","33.3374791147828","54.249353180789","56.980056980057","80.7119512965757","60.6294318202922","59.1625478756727","52.7906344116106","31.6982832363355","39.786928393299","35.8116561943136","45.0965594394547"
"2020-12-23","50.1525675922085","38.8347648567","32.5064105004018","38.6601321871331","36.6295840665428","33.1454967447833","54.5762723598296","56.9176814387542","80.8436798251548","59.6948039423818","58.8495905157047","52.5429427364847","31.3802035775626","39.4816132225545","35.8576127630583","45.0214342809406"
"2020-12-24","50.626328665685","38.6642669866447","32.3751598523518","38.8062338834103","36.6060507648617","33.4153098053231","54.7108861394345","57.0736202920111","80.2916745625374","60.2410150398619","59.2373855052302","51.1644847183929","30.9414730137379","39.3856570260348","36.2367544552021","45.0858272739527"
"2020-12-25","53.0722579287496","38.4240199879303","31.4126550999846","38.5099721104037","36.4648509547755","33.3634226782962","54.8839609989266","57.6350001637358","78.1714725311204","59.2214209912323","59.7000181243132","51.26140754779","30.0749801501841","39.3682104448494","36.6733418582768","44.48482600584"
"2020-12-26","52.7968154441703","38.393020375193","31.9157825841765","38.4693883058822","36.6413507173833","33.3478565401882","55.1531885581364","57.7597512463413","75.6498121268907","59.5248716009435","58.733932360934","50.8737162302016","30.020138829706","39.1588514706247","36.6044070051598","44.8497196329084"
"2020-12-27","52.9620809349179","38.4240199879303","33.3814148207357","38.6885408502981","36.7590172257885","34.1131916638349","55.3647244975156","58.1340044941578","75.8317229520714","59.7797701131009","58.890411040918","50.7229473844728","30.0749801501841","39.2809775389224","36.8341898488833","45.4829173975271"
"2020-12-28","53.5680544009925","38.4705194070363","33.2720392806939","38.461271544978","36.9708169409179","34.3830047243748","55.1339580181929","58.1651922648091","75.7250855717931","59.6341138204395","59.6047702321491","50.3460252701508","29.932392716941","39.237361085959","37.0524835504207","45.6653642110613"
"2020-12-29","53.0502225299833","38.1915228924003","32.5064105004018","37.9783242711727","36.7237172732669","34.8992816382925","55.5377993570077","57.7285634756899","74.740258000987","59.5491476497204","59.4278812895585","49.786026700301","29.2962333993952","38.3563087360964","37.075461834793","45.343399246001"
"2020-12-30","52.8959747386189","37.9125263777642","32.5720358244269","37.6008948891232","36.5589841614996","34.8318283731575","55.8839490759918","57.6973757050385","73.824431088008","59.8525982594316","59.7068215451821","48.8598752193956","29.0988046456741","38.3301388643183","36.811211564511","44.7531301433903"
"2020-12-31","53.9977446769363","37.4475321867042","31.6532812880764","37.4142093883246","36.770783876629","34.8448001549142","54.4224280402811","57.1671836039652","71.6854106953654","60.0346686252583","59.1897615591481","48.5044915116063","29.0220267970047","38.1731196336497","36.4780264411118","43.8945569032294"
