"dates","AMEALCO_DE_BONFIL","PINAL_DE_AMOLES","ARROYO_SECO","CADEREYTA_DE_MONTES","COLON","CORREGIDORA","EZEQUIEL_MONTES","HUIMILPAN","JALPAN_DE_SERRA","LANDA_DE_MATAMOROS","EL_MARQUES","PEDRO_ESCOBEDO","PENAMILLER","QUERETARO","SAN_JOAQUIN","SAN_JUAN_DEL_RIO","TEQUISQUIAPAN","TOLIMAN"
"2020-03-03","0","0","0","0","0","0","0","0","0","0","0","0","0","0","0","0","0","0"
"2020-03-04","0","0","0","0","0","0","0","0","0","0","0","0","0","0","0","0","0","0"
"2020-03-05","0","0","0","0","0","0","0","0","0","0","0","0","0","0","0","0","0","0"
"2020-03-06","0","0","0","0","0","0","0","0","0","0","0","0","0","0","0","0","0","0"
"2020-03-07","0","0","0","0","0","0","0","0","0","0","0","0","0","0","0","0","0","0"
"2020-03-08","0","0","0","0","0","0","0","0","0","0","0","0","0","0","0","0","0","0"
"2020-03-09","0","0","0","0","0","0","0","0","0","0","0","0","0","0","0","0","0","0"
"2020-03-10","0","0","0","0","0","0","0","0","0","0","0","0","0","0","0","0","0","0"
"2020-03-11","0","0","0","0","0","0","0","0","0","0","0","0","0","0","0","0","0","0"
"2020-03-12","0","0","0","0","0","0","0","0","0","0","0","0","0","0","0","0","0","0"
"2020-03-13","0","0","0","0","0","0","0","0","0","0","0","0","0","0","0","0","0","0"
"2020-03-14","0","0","0","0","0","0","0","0","0","0","0","0","0","0","0","0","0","0"
"2020-03-15","0","0","0","0","0","0","0","0","0","0","0","0","0","0","0","0","0","0"
"2020-03-16","0","0","0","0","0","0","0","0","0","0","0","0","0","0","0","0","0","0"
"2020-03-17","0","0","0","0","0","0","0","0","0","0","0","0","0","0","0","0","0","0"
"2020-03-18","0","0","0","0","0","0","0","0","0","0","0","0","0","0","0","0","0","0"
"2020-03-19","0","0","0","0","0","0","0","0","0","0","0","0","0","0","0","0","0","0"
"2020-03-20","0","0","0","0","0","0","0","0","0","0","0","0","0","0","0","0","0","0"
"2020-03-21","0","0","0","0","0","0","0","0","0","0","0","0","0","0","0","0","0","0"
"2020-03-22","0","0","0","0","0","0","0","0","0","0","0","0","0","0","0","0","0","0"
"2020-03-23","0","0","0","0","0","0","0","0","0","0","0","0","0","0","0","0","0","0"
"2020-03-24","0","0","0","0","0","0","0","0","0","0","0","0","0","0","0","0","0","0"
"2020-03-25","0","0","0","0","0","0","0","0","0","0","0","0","0","0","0","0","0","0"
"2020-03-26","0","0","0","0","0","0","0","0","0","0","0","0","0","0","0","0","0","0"
"2020-03-27","0","0","0","0","0","0","0","0","0","0","0","0","0","0","0","0","0","0"
"2020-03-28","0","0","0","0","0","0","0","0","0","0","0.0205548662823729","0","0","0","0","0","0","0"
"2020-03-29","0","0","0","0","0","0","0","0","0","0","0.0205548662823729","0","0","0","0","0","0","0"
"2020-03-30","0","0","0","0","0","0","0","0","0","0","0.0205548662823729","0","0","0","0","0","0","0"
"2020-03-31","0","0","0","0","0","0","0","0","0","0","0.0205548662823729","0","0","0","0","0","0","0"
"2020-04-01","0","0","0","0","0","0","0","0","0","0","0.0205548662823729","0","0","0","0","0","0","0"
"2020-04-02","0","0","0","0","0","0","0","0","0","0","0.0205548662823729","0","0","0.00453611077581692","0","0","0","0"
"2020-04-03","0","0","0","0","0","0","0","0","0","0","0.0205548662823729","0","0","0.00453611077581692","0","0","0","0"
"2020-04-04","0","0","0","0","0","0","0","0","0","0","0.0205548662823729","0","0","0.00453611077581692","0","0","0","0"
"2020-04-05","0","0","0","0","0","0","0","0","0","0","0.0205548662823729","0","0","0.00453611077581692","0","0","0","0"
"2020-04-06","0","0","0","0","0","0","0","0","0","0","0.0205548662823729","0","0","0.00453611077581692","0","0","0","0"
"2020-04-07","0","0","0","0","0","0","0","0","0","0","0.0205548662823729","0","0","0.00453611077581692","0","0","0","0"
"2020-04-08","0","0","0","0","0","0","0","0","0","0","0.0205548662823729","0","0","0.00453611077581692","0","0","0","0"
"2020-04-09","0","0","0","0","0","0","0","0","0","0","0.0205548662823729","0","0","0.00453611077581692","0","0","0","0"
"2020-04-10","0","0","0","0","0","0","0","0","0","0","0.0205548662823729","0","0","0.00453611077581692","0","0","0","0"
"2020-04-11","0","0","0","0","0","0","0","0","0","0","0.0205548662823729","0","0","0.00907222155163384","0","0","0","0"
"2020-04-12","0","0","0","0","0","0","0","0","0","0","0.0205548662823729","0","0","0.00907222155163384","0","0","0","0"
"2020-04-13","0","0","0","0","0","0","0","0","0","0","0.0205548662823729","0","0","0.00907222155163384","0","0","0","0"
"2020-04-14","0","0","0","0","0","0","0","0","0","0","0.0205548662823729","0","0","0.0136083323274508","0","0","0","0"
"2020-04-15","0","0","0","0","0","0","0","0","0","0","0.0205548662823729","0","0","0.0181444431032677","0","0","0","0"
"2020-04-16","0","0","0","0","0","0","0","0","0","0","0.0205548662823729","0","0","0.0181444431032677","0","0","0","0"
"2020-04-17","0","0","0","0","0","0","0","0","0","0","0.0205548662823729","0","0","0.0181444431032677","0","0","0","0"
"2020-04-18","0","0","0","0","0","0","0","0","0","0","0","0","0","0.0181444431032677","0","0","0","0"
"2020-04-19","0","0","0","0","0","0","0","0","0","0","0","0","0","0.0181444431032677","0","0","0","0"
"2020-04-20","0","0","0","0","0","0","0","0","0","0","0","0","0","0.0181444431032677","0","0","0","0"
"2020-04-21","0","0","0","0","0","0","0","0","0","0","0","0","0","0.0226805538790846","0","0","0","0"
"2020-04-22","0","0","0","0","0","0","0","0","0","0","0","0","0","0.0226805538790846","0","0","0","0"
"2020-04-23","0","0","0","0","0","0","0","0","0","0","0","0","0","0.0181444431032677","0","0","0","0"
"2020-04-24","0","0","0","0","0","0","0","0","0","0","0","0","0","0.0181444431032677","0","0","0","0"
"2020-04-25","0","0","0","0","0","0","0","0","0","0","0","0","0","0.0226805538790846","0","0","0","0"
"2020-04-26","0","0","0","0","0","0","0.105489571828377","0","0","0","0","0","0","0.0226805538790846","0","0","0","0"
"2020-04-27","0","0","0","0","0","0.0224019003980146","0.105489571828377","0","0","0","0","0","0","0.0226805538790846","0","0","0","0"
"2020-04-28","0","0","0","0","0","0.0224019003980146","0.105489571828377","0","0","0","0","0","0","0.0226805538790846","0","0","0","0"
"2020-04-29","0","0","0","0.0689381796873653","0","0.0224019003980146","0.105489571828377","0","0","0","0","0","0","0.0226805538790846","0","0","0","0"
"2020-04-30","0","0","0","0.0689381796873653","0","0.0224019003980146","0.105489571828377","0","0","0","0","0","0","0.0272166646549015","0","0","0","0"
"2020-05-01","0","0","0","0.0689381796873653","0","0.0224019003980146","0.105489571828377","0","0","0","0","0","0","0.0317527754307185","0","0","0","0"
"2020-05-02","0","0","0","0.0689381796873653","0","0.0224019003980146","0.105489571828377","0","0","0","0","0","0","0.0317527754307185","0","0","0","0"
"2020-05-03","0","0","0","0.0689381796873653","0","0.0224019003980146","0.105489571828377","0","0","0","0","0","0","0.0408249969823523","0","0","0","0"
"2020-05-04","0","0","0","0.0689381796873653","0","0.0224019003980146","0.105489571828377","0","0","0","0","0","0","0.0498972185339862","0","0","0","0"
"2020-05-05","0","0","0","0.0689381796873653","0","0.0224019003980146","0.105489571828377","0","0","0","0","0","0","0.0498972185339862","0","0","0","0"
"2020-05-06","0","0","0","0.0689381796873653","0","0.0224019003980146","0.105489571828377","0","0","0","0","0","0","0.0544333293098031","0","0","0","0"
"2020-05-07","0","0","0","0.0689381796873653","0","0.0224019003980146","0.105489571828377","0","0","0","0","0","0","0.0544333293098031","0","0","0","0"
"2020-05-08","0","0","0","0.0689381796873653","0","0.0224019003980146","0.105489571828377","0","0","0","0","0","0","0.0544333293098031","0","0","0","0"
"2020-05-09","0","0","0","0.0689381796873653","0","0.0224019003980146","0.105489571828377","0","0","0","0","0","0","0.0544333293098031","0","0","0","0"
"2020-05-10","0.0712422728849772","0","0","0.137876359374731","0","0.0224019003980146","0.105489571828377","0","0","0","0","0","0","0.0635055508614369","0","0","0","0"
"2020-05-11","0.0712422728849772","0","0","0.137876359374731","0","0.0224019003980146","0.105489571828377","0","0","0","0","0","0","0.0680416616372539","0","0.0159900631351653","0","0"
"2020-05-12","0.142484545769954","0","0","0.137876359374731","0","0.0224019003980146","0.105489571828377","0","0","0","0","0","0","0.0771138831888877","0","0.0159900631351653","0","0"
"2020-05-13","0.142484545769954","0","0","0.137876359374731","0","0.0224019003980146","0.105489571828377","0","0","0","0","0","0","0.0816499939647046","0","0.0159900631351653","0","0"
"2020-05-14","0.142484545769954","0","0","0.137876359374731","0","0.0224019003980146","0.105489571828377","0","0","0","0","0.0615201380019736","0","0.0816499939647046","0","0.0319801262703306","0","0"
"2020-05-15","0.142484545769954","0","0","0.137876359374731","0","0.0224019003980146","0.105489571828377","0","0","0","0","0.123040276003947","0","0.0952583262921554","0","0.0319801262703306","0","0"
"2020-05-16","0.142484545769954","0","0","0.137876359374731","0","0.0224019003980146","0.105489571828377","0","0","0","0.0411097325647458","0.123040276003947","0","0.113402769395423","0","0.0479701894054958","0","0"
"2020-05-17","0.142484545769954","0","0","0.275752718749461","0","0.0448038007960291","0","0","0","0","0.0411097325647458","0.123040276003947","0","0.131547212498691","0","0.0639602525406611","0","0"
"2020-05-18","0.142484545769954","0","0","0.275752718749461","0","0.0224019003980146","0","0","0","0","0.0411097325647458","0.123040276003947","0","0.136083323274508","0","0.0639602525406611","0","0"
"2020-05-19","0.142484545769954","0","0","0.275752718749461","0","0.0448038007960291","0","0","0","0","0.0411097325647458","0.123040276003947","0","0.145155544826142","0","0.0639602525406611","0","0"
"2020-05-20","0.142484545769954","0","0","0.275752718749461","0","0.0448038007960291","0","0","0","0","0.0411097325647458","0.123040276003947","0","0.154227766377775","0","0.0799503156758264","0","0"
"2020-05-21","0.142484545769954","0","0","0.275752718749461","0","0.0448038007960291","0","0.129371461690523","0","0","0.0411097325647458","0.123040276003947","0","0.17690832025686","0","0.111930441946157","0.0659534461005355","0"
"2020-05-22","0.142484545769954","0","0","0.275752718749461","0","0.0448038007960291","0","0.129371461690523","0","0","0.0411097325647458","0.123040276003947","0","0.181444431032677","0","0.111930441946157","0.0659534461005355","0"
"2020-05-23","0.142484545769954","0","0","0.275752718749461","0","0.0672057011940437","0","0.129371461690523","0","0","0.0616645988471187","0.123040276003947","0","0.195052763360128","0","0.111930441946157","0.0659534461005355","0"
"2020-05-24","0.142484545769954","0","0","0.275752718749461","0","0.0672057011940437","0","0.129371461690523","0","0","0.0822194651294915","0.184560414005921","0","0.190516652584311","0","0.111930441946157","0.131906892201071","0"
"2020-05-25","0.142484545769954","0","0","0.275752718749461","0","0.0672057011940437","0","0.129371461690523","0","0","0.102774331411864","0.184560414005921","0","0.185980541808494","0","0.159900631351653","0.131906892201071","0"
"2020-05-26","0.142484545769954","0","0","0.275752718749461","0","0.0672057011940437","0","0.129371461690523","0","0","0.123329197694237","0.184560414005921","0","0.190516652584311","0","0.175890694486818","0.131906892201071","0.170579766510416"
"2020-05-27","0.142484545769954","0","0","0.275752718749461","0","0.0896076015920582","0","0.129371461690523","0","0","0.123329197694237","0.184560414005921","0","0.195052763360128","0","0.207870820757149","0.131906892201071","0.170579766510416"
"2020-05-28","0.142484545769954","0","0","0.275752718749461","0","0.0896076015920582","0","0.129371461690523","0","0","0.123329197694237","0.184560414005921","0","0.195052763360128","0","0.239850947027479","0.131906892201071","0.170579766510416"
"2020-05-29","0.142484545769954","0","0","0.275752718749461","0","0.0896076015920582","0","0.129371461690523","0","0","0.123329197694237","0.184560414005921","0","0.222269428015029","0","0.255841010162644","0.131906892201071","0.170579766510416"
"2020-05-30","0.142484545769954","0","0","0.275752718749461","0","0.0896076015920582","0","0.129371461690523","0","0","0.123329197694237","0.184560414005921","0","0.226805538790846","0","0.255841010162644","0.197860338301606","0.170579766510416"
"2020-05-31","0.0712422728849772","0","0","0.206814539062096","0","0.0896076015920582","0","0.129371461690523","0","0","0.123329197694237","0.184560414005921","0","0.240413871118297","0","0.27183107329781","0.263813784402142","0.170579766510416"
"2020-06-01","0.0712422728849772","0","0","0.206814539062096","0","0.0896076015920582","0","0.129371461690523","0","0","0.14388406397661","0.184560414005921","0","0.254022203445748","0","0.255841010162644","0.263813784402142","0.170579766510416"
"2020-06-02","0","0","0","0.206814539062096","0","0.0896076015920582","0","0.129371461690523","0","0","0.184993796541356","0.184560414005921","0","0.254022203445748","0","0.27183107329781","0.263813784402142","0.170579766510416"
"2020-06-03","0","0","0","0.206814539062096","0.0709450807035766","0.0896076015920582","0","0.129371461690523","0","0","0.205548662823729","0.184560414005921","0","0.258558314221565","0","0.287821136432975","0.263813784402142","0.170579766510416"
"2020-06-04","0.0712422728849772","0","0","0.206814539062096","0.141890161407153","0.0896076015920582","0","0.129371461690523","0","0","0.205548662823729","0.123040276003947","0","0.281238868100649","0","0.30381119956814","0.263813784402142","0.170579766510416"
"2020-06-05","0.0712422728849772","0","0","0.206814539062096","0.141890161407153","0.0896076015920582","0","0.129371461690523","0","0","0.205548662823729","0.0615201380019736","0","0.281238868100649","0","0.30381119956814","0.329767230502677","0.170579766510416"
"2020-06-06","0.0712422728849772","0","0","0.206814539062096","0.141890161407153","0.112009501990073","0.105489571828377","0.129371461690523","0","0","0.164438930258983","0.0615201380019736","0","0.285774978876466","0","0.287821136432975","0.329767230502677","0.170579766510416"
"2020-06-07","0.0712422728849772","0","0","0.0689381796873653","0.141890161407153","0.0896076015920582","0.105489571828377","0.129371461690523","0","0","0.164438930258983","0.0615201380019736","0","0.2948472004281","0","0.287821136432975","0.329767230502677","0.170579766510416"
"2020-06-08","0.0712422728849772","0","0","0.0689381796873653","0.141890161407153","0.0896076015920582","0.105489571828377","0.129371461690523","0","0","0.164438930258983","0.123040276003947","0","0.299383311203917","0","0.287821136432975","0.329767230502677","0.170579766510416"
"2020-06-09","0.0712422728849772","0","0","0.137876359374731","0.141890161407153","0.0672057011940437","0.105489571828377","0.258742923381045","0","0","0.164438930258983","0.123040276003947","0","0.303919421979734","0","0.319801262703306","0.329767230502677","0.170579766510416"
"2020-06-10","0.0712422728849772","0","0","0.0689381796873653","0.21283524211073","0.0672057011940437","0.105489571828377","0.258742923381045","0","0","0.164438930258983","0.123040276003947","0","0.299383311203917","0","0.30381119956814","0.329767230502677","0.170579766510416"
"2020-06-11","0.0712422728849772","0","0","0.0689381796873653","0.21283524211073","0.0896076015920582","0.105489571828377","0.129371461690523","0","0","0.184993796541356","0.123040276003947","0","0.290311089652283","0","0.30381119956814","0.263813784402142","0.170579766510416"
"2020-06-12","0.0712422728849772","0","0","0.0689381796873653","0.21283524211073","0.0896076015920582","0.105489571828377","0.129371461690523","0","0","0.205548662823729","0.123040276003947","0","0.299383311203917","0","0.30381119956814","0.395720676603213","0.170579766510416"
"2020-06-13","0.0712422728849772","0","0","0.0689381796873653","0.21283524211073","0.0672057011940437","0.105489571828377","0.258742923381045","0","0","0.184993796541356","0.123040276003947","0","0.317527754307185","0","0.30381119956814","0.395720676603213","0.170579766510416"
"2020-06-14","0.0712422728849772","0","0","0.0689381796873653","0.21283524211073","0.0672057011940437","0.105489571828377","0.258742923381045","0","0","0.205548662823729","0.0615201380019736","0","0.326599975858818","0","0.30381119956814","0.329767230502677","0.170579766510416"
"2020-06-15","0.0712422728849772","0","0","0.0689381796873653","0.21283524211073","0.0672057011940437","0.105489571828377","0.258742923381045","0","0","0.246658395388475","0.0615201380019736","0","0.340208308186269","0","0.255841010162644","0.329767230502677","0.170579766510416"
"2020-06-16","0.142484545769954","0","0","0.0689381796873653","0.21283524211073","0.0672057011940437","0.105489571828377","0.258742923381045","0","0","0.226103529106102","0.0615201380019736","0","0.349280529737903","0","0.27183107329781","0.329767230502677","0"
"2020-06-17","0.142484545769954","0","0","0.0689381796873653","0.21283524211073","0.0448038007960291","0.105489571828377","0.258742923381045","0","0","0.226103529106102","0.0615201380019736","0","0.35381664051372","0","0.239850947027479","0.395720676603213","0"
"2020-06-18","0.142484545769954","0","0","0.0689381796873653","0.283780322814306","0.0448038007960291","0.105489571828377","0.258742923381045","0","0","0.226103529106102","0.0615201380019736","0","0.381033305168622","0","0.207870820757149","0.395720676603213","0"
"2020-06-19","0.142484545769954","0","0","0.0689381796873653","0.283780322814306","0.0672057011940437","0.105489571828377","0.258742923381045","0.174154436671351","0","0.246658395388475","0.0615201380019736","0","0.367424972841171","0","0.191880757621983","0.395720676603213","0"
"2020-06-20","0.142484545769954","0","0","0.0689381796873653","0.283780322814306","0.0672057011940437","0.105489571828377","0.258742923381045","0.174154436671351","0","0.246658395388475","0.0615201380019736","0","0.385569415944438","0","0.191880757621983","0.329767230502677","0"
"2020-06-21","0.142484545769954","0","0","0.0689381796873653","0.283780322814306","0.0896076015920582","0.105489571828377","0.258742923381045","0.174154436671351","0","0.246658395388475","0.0615201380019736","0","0.371961083616988","0","0.175890694486818","0.263813784402142","0"
"2020-06-22","0.142484545769954","0","0","0.0689381796873653","0.354725403517883","0.0896076015920582","0.105489571828377","0.258742923381045","0.174154436671351","0","0.246658395388475","0.0615201380019736","0","0.371961083616988","0","0.175890694486818","0.263813784402142","0"
"2020-06-23","0.142484545769954","0","0","0.0689381796873653","0.354725403517883","0.0896076015920582","0.105489571828377","0.258742923381045","0.174154436671351","0","0.205548662823729","0.123040276003947","0","0.376497194392805","0","0.159900631351653","0.263813784402142","0"
"2020-06-24","0.142484545769954","0","0","0.0689381796873653","0.283780322814306","0.112009501990073","0.105489571828377","0.258742923381045","0.174154436671351","0","0.184993796541356","0.123040276003947","0","0.376497194392805","0","0.143910568216488","0.263813784402142","0"
"2020-06-25","0.0712422728849772","0","0","0.0689381796873653","0.21283524211073","0.112009501990073","0.105489571828377","0.258742923381045","0.174154436671351","0","0.184993796541356","0.123040276003947","0","0.367424972841171","0","0.111930441946157","0.263813784402142","0"
"2020-06-26","0.0712422728849772","0","0","0.0689381796873653","0.21283524211073","0.112009501990073","0.105489571828377","0.258742923381045","0.174154436671351","0","0.205548662823729","0.123040276003947","0","0.371961083616988","0","0.111930441946157","0.197860338301606","0"
"2020-06-27","0.0712422728849772","0","0","0.0689381796873653","0.21283524211073","0.112009501990073","0","0.258742923381045","0.174154436671351","0","0.226103529106102","0.184560414005921","0","0.367424972841171","0","0.127920505081322","0.197860338301606","0"
"2020-06-28","0.0712422728849772","0","0","0.0689381796873653","0.21283524211073","0.134411402388087","0","0.258742923381045","0.174154436671351","0","0.246658395388475","0.246080552007894","0","0.349280529737903","0","0.127920505081322","0.197860338301606","0"
"2020-06-29","0.0712422728849772","0","0","0.0689381796873653","0.21283524211073","0.134411402388087","0","0.258742923381045","0.174154436671351","0","0.28776812795322","0.184560414005921","0","0.358352751289537","0","0.127920505081322","0.263813784402142","0"
"2020-06-30","0.0712422728849772","0","0","0","0.283780322814306","0.134411402388087","0","0.129371461690523","0.174154436671351","0","0.28776812795322","0.184560414005921","0","0.362888862065354","0","0.0959403788109917","0.263813784402142","0"
"2020-07-01","0.0712422728849772","0","0","0","0.21283524211073","0.156813302786102","0","0.129371461690523","0.174154436671351","0","0.28776812795322","0.184560414005921","0","0.371961083616988","0","0.127920505081322","0.263813784402142","0"
"2020-07-02","0.0712422728849772","0","0","0","0.21283524211073","0.134411402388087","0","0.129371461690523","0.174154436671351","0","0.328877860517966","0.184560414005921","0","0.381033305168622","0","0.111930441946157","0.263813784402142","0"
"2020-07-03","0.0712422728849772","0","0","0","0.21283524211073","0.134411402388087","0","0.129371461690523","0.348308873342703","0","0.308322994235593","0.246080552007894","0","0.376497194392805","0","0.111930441946157","0.197860338301606","0"
"2020-07-04","0.0712422728849772","0","0","0","0.21283524211073","0.134411402388087","0","0","0.348308873342703","0","0.349432726800339","0.246080552007894","0","0.362888862065354","0","0.111930441946157","0.263813784402142","0"
"2020-07-05","0.0712422728849772","0","0","0","0.21283524211073","0.134411402388087","0","0","0.348308873342703","0","0.308322994235593","0.307600690009868","0","0.362888862065354","0","0.143910568216488","0.263813784402142","0"
"2020-07-06","0.0712422728849772","0","0","0","0.21283524211073","0.134411402388087","0","0","0.348308873342703","0","0.246658395388475","0.307600690009868","0","0.362888862065354","0","0.159900631351653","0.263813784402142","0"
"2020-07-07","0","0","0","0","0.21283524211073","0.134411402388087","0","0","0.348308873342703","0","0.246658395388475","0.307600690009868","0","0.376497194392805","0","0.127920505081322","0.263813784402142","0"
"2020-07-08","0","0","0","0","0.21283524211073","0.156813302786102","0","0","0.348308873342703","0","0.28776812795322","0.307600690009868","0","0.390105526720255","0","0.127920505081322","0.197860338301606","0"
"2020-07-09","0","0","0","0","0.141890161407153","0.156813302786102","0","0","0.348308873342703","0","0.28776812795322","0.307600690009868","0","0.376497194392805","0","0.143910568216488","0.197860338301606","0"
"2020-07-10","0","0","0","0.0689381796873653","0.141890161407153","0.134411402388087","0","0","0.174154436671351","0","0.267213261670848","0.307600690009868","0","0.371961083616988","0","0.143910568216488","0.197860338301606","0"
"2020-07-11","0","0","0","0.0689381796873653","0.141890161407153","0.134411402388087","0","0","0.174154436671351","0","0.267213261670848","0.369120828011841","0","0.349280529737903","0","0.143910568216488","0.197860338301606","0"
"2020-07-12","0","0","0","0.0689381796873653","0.141890161407153","0.134411402388087","0","0","0.174154436671351","0","0.267213261670848","0.430640966013815","0","0.362888862065354","0","0.143910568216488","0.197860338301606","0"
"2020-07-13","0","0","0","0.0689381796873653","0.0709450807035766","0.134411402388087","0","0","0.174154436671351","0","0.246658395388475","0.430640966013815","0","0.376497194392805","0","0.159900631351653","0.197860338301606","0"
"2020-07-14","0","0","0","0.0689381796873653","0.0709450807035766","0.134411402388087","0","0","0.174154436671351","0","0.246658395388475","0.369120828011841","0","0.367424972841171","0","0.175890694486818","0.197860338301606","0"
"2020-07-15","0","0","0","0.0689381796873653","0.0709450807035766","0.134411402388087","0","0","0.174154436671351","0","0.246658395388475","0.369120828011841","0","0.371961083616988","0","0.175890694486818","0.197860338301606","0"
"2020-07-16","0","0","0","0.0689381796873653","0.0709450807035766","0.134411402388087","0","0","0.174154436671351","0","0.246658395388475","0.369120828011841","0","0.390105526720255","0","0.175890694486818","0.197860338301606","0"
"2020-07-17","0","0","0","0.0689381796873653","0.0709450807035766","0.156813302786102","0","0","0.174154436671351","0","0.226103529106102","0.430640966013815","0","0.394641637496072","0","0.175890694486818","0.263813784402142","0"
"2020-07-18","0","0","0","0.0689381796873653","0.0709450807035766","0.134411402388087","0","0","0.174154436671351","0","0.246658395388475","0.369120828011841","0","0.385569415944438","0","0.175890694486818","0.263813784402142","0"
"2020-07-19","0","0","0","0.0689381796873653","0.141890161407153","0.112009501990073","0","0","0.174154436671351","0","0.226103529106102","0.369120828011841","0","0.399177748271889","0","0.175890694486818","0.263813784402142","0"
"2020-07-20","0","0","0","0.137876359374731","0.283780322814306","0.134411402388087","0","0","0.174154436671351","0","0.184993796541356","0.430640966013815","0","0.399177748271889","0","0.175890694486818","0.197860338301606","0"
"2020-07-21","0","0","0","0.137876359374731","0.21283524211073","0.134411402388087","0","0","0.174154436671351","0","0.184993796541356","0.430640966013815","0","0.394641637496072","0","0.191880757621983","0.197860338301606","0"
"2020-07-22","0","0","0","0.137876359374731","0.21283524211073","0.112009501990073","0.105489571828377","0","0.174154436671351","0","0.205548662823729","0.492161104015788","0","0.417322191375157","0","0.159900631351653","0.197860338301606","0"
"2020-07-23","0","0","0","0.137876359374731","0.21283524211073","0.112009501990073","0.105489571828377","0","0.174154436671351","0","0.14388406397661","0.492161104015788","0","0.408249969823523","0","0.175890694486818","0.197860338301606","0"
"2020-07-24","0","0","0","0.137876359374731","0.283780322814306","0.112009501990073","0.210979143656754","0","0","0","0.14388406397661","0.430640966013815","0","0.399177748271889","0","0.191880757621983","0.131906892201071","0"
"2020-07-25","0","0","0","0.137876359374731","0.283780322814306","0.112009501990073","0.316468715485131","0","0","0","0.123329197694237","0.430640966013815","0","0.399177748271889","0","0.207870820757149","0.0659534461005355","0"
"2020-07-26","0","0","0","0.206814539062096","0.283780322814306","0.112009501990073","0.316468715485131","0","0","0","0.14388406397661","0.369120828011841","0","0.41278608059934","0","0.191880757621983","0.0659534461005355","0"
"2020-07-27","0","0","0","0.206814539062096","0.283780322814306","0.112009501990073","0.316468715485131","0","0","0","0.14388406397661","0.369120828011841","0","0.41278608059934","0","0.175890694486818","0.0659534461005355","0"
"2020-07-28","0","0","0","0.206814539062096","0.283780322814306","0.112009501990073","0.316468715485131","0","0","0","0.164438930258983","0.430640966013815","0","0.399177748271889","0","0.175890694486818","0.0659534461005355","0"
"2020-07-29","0","0","0","0.206814539062096","0.283780322814306","0.0896076015920582","0.316468715485131","0","0","0","0.14388406397661","0.430640966013815","0","0.381033305168622","0","0.207870820757149","0.0659534461005355","0"
"2020-07-30","0","0","0","0.206814539062096","0.283780322814306","0.0896076015920582","0.316468715485131","0","0.174154436671351","0","0.164438930258983","0.430640966013815","0","0.385569415944438","0","0.207870820757149","0.131906892201071","0"
"2020-07-31","0","0","0","0.137876359374731","0.283780322814306","0.0896076015920582","0.316468715485131","0","0.174154436671351","0","0.184993796541356","0.492161104015788","0","0.399177748271889","0","0.223860883892314","0.131906892201071","0.170579766510416"
"2020-08-01","0","0","0","0.206814539062096","0.283780322814306","0.112009501990073","0.421958287313508","0","0.174154436671351","0","0.184993796541356","0.430640966013815","0","0.426394412926791","0","0.239850947027479","0.131906892201071","0.170579766510416"
"2020-08-02","0","0","0","0.206814539062096","0.283780322814306","0.0896076015920582","0.421958287313508","0","0.174154436671351","0","0.226103529106102","0.369120828011841","0","0.449074966805875","0","0.239850947027479","0.131906892201071","0.170579766510416"
"2020-08-03","0","0","0","0.206814539062096","0.283780322814306","0.0896076015920582","0.421958287313508","0","0.174154436671351","0","0.246658395388475","0.369120828011841","0","0.426394412926791","0","0.239850947027479","0.131906892201071","0.170579766510416"
"2020-08-04","0","0","0","0.275752718749461","0.283780322814306","0.0896076015920582","0.421958287313508","0","0.174154436671351","0","0.246658395388475","0.369120828011841","0","0.426394412926791","0","0.239850947027479","0.197860338301606","0.170579766510416"
"2020-08-05","0","0","0","0.344690898436827","0.283780322814306","0.0896076015920582","0.527447859141885","0","0.174154436671351","0","0.246658395388475","0.369120828011841","0","0.449074966805875","0","0.255841010162644","0.197860338301606","0.170579766510416"
"2020-08-06","0","0","0","0.413629078124192","0.283780322814306","0.134411402388087","0.632937430970261","0","0.174154436671351","0","0.246658395388475","0.369120828011841","0","0.444538856030058","0","0.255841010162644","0.197860338301606","0.170579766510416"
"2020-08-07","0","0","0","0.413629078124192","0.283780322814306","0.112009501990073","0.632937430970261","0","0.174154436671351","0","0.246658395388475","0.307600690009868","0","0.435466634478425","0","0.27183107329781","0.131906892201071","0.170579766510416"
"2020-08-08","0.0712422728849772","0","0","0.413629078124192","0.283780322814306","0.134411402388087","0.632937430970261","0","0.174154436671351","0","0.246658395388475","0.307600690009868","0","0.435466634478425","0","0.287821136432975","0.197860338301606","0.170579766510416"
"2020-08-09","0.0712422728849772","0","0","0.413629078124192","0.283780322814306","0.179215203184116","0.843916574627015","0","0.174154436671351","0","0.246658395388475","0.246080552007894","0","0.426394412926791","0","0.287821136432975","0.197860338301606","0.170579766510416"
"2020-08-10","0.0712422728849772","0","0","0.344690898436827","0.141890161407153","0.179215203184116","0.843916574627015","0","0.174154436671351","0","0.246658395388475","0.184560414005921","0","0.449074966805875","0","0.30381119956814","0.197860338301606","0.170579766510416"
"2020-08-11","0.0712422728849772","0","0","0.344690898436827","0.141890161407153","0.179215203184116","0.843916574627015","0","0.174154436671351","0","0.246658395388475","0.369120828011841","0","0.449074966805875","0","0.287821136432975","0.197860338301606","0.170579766510416"
"2020-08-12","0.0712422728849772","0","0","0.344690898436827","0.141890161407153","0.179215203184116","0.738427002798638","0","0.174154436671351","0","0.226103529106102","0.307600690009868","0","0.426394412926791","0","0.30381119956814","0.197860338301606","0.170579766510416"
"2020-08-13","0.0712422728849772","0","0","0.344690898436827","0.141890161407153","0.201617103582131","0.738427002798638","0","0.174154436671351","0","0.226103529106102","0.307600690009868","0","0.426394412926791","0","0.27183107329781","0.197860338301606","0.170579766510416"
"2020-08-14","0.0712422728849772","0","0","0.344690898436827","0.0709450807035766","0.201617103582131","0.632937430970261","0","0.174154436671351","0","0.28776812795322","0.307600690009868","0.248780354312981","0.453611077581692","0","0.255841010162644","0.197860338301606","0.170579766510416"
"2020-08-15","0.142484545769954","0","0","0.344690898436827","0.141890161407153","0.201617103582131","0.632937430970261","0","0.174154436671351","0","0.267213261670848","0.307600690009868","0.248780354312981","0.47175552068496","0","0.239850947027479","0.197860338301606","0.170579766510416"
"2020-08-16","0.142484545769954","0","0","0.275752718749461","0.141890161407153","0.224019003980146","0.738427002798638","0","0.174154436671351","0","0.246658395388475","0.307600690009868","0.248780354312981","0.467219409909143","0","0.239850947027479","0.197860338301606","0.170579766510416"
"2020-08-17","0.142484545769954","0","0","0.275752718749461","0.141890161407153","0.24642090437816","0.738427002798638","0","0.174154436671351","0","0.246658395388475","0.307600690009868","0.248780354312981","0.467219409909143","0","0.255841010162644","0.197860338301606","0.170579766510416"
"2020-08-18","0.142484545769954","0","0","0.344690898436827","0.141890161407153","0.24642090437816","0.738427002798638","0","0.174154436671351","0","0.226103529106102","0.307600690009868","0.248780354312981","0.494436074564045","0","0.255841010162644","0.197860338301606","0.170579766510416"
"2020-08-19","0.142484545769954","0","0","0.344690898436827","0.21283524211073","0.268822804776175","0.738427002798638","0","0.174154436671351","0","0.205548662823729","0.369120828011841","0.248780354312981","0.521652739218946","0","0.239850947027479","0.263813784402142","0.170579766510416"
"2020-08-20","0.213726818654932","0","0","0.344690898436827","0.21283524211073","0.268822804776175","0.738427002798638","0","0","0","0.184993796541356","0.369120828011841","0.248780354312981","0.521652739218946","0","0.319801262703306","0.197860338301606","0.170579766510416"
"2020-08-21","0.213726818654932","0","0","0.344690898436827","0.21283524211073","0.313626605572204","0.738427002798638","0","0","0","0.164438930258983","0.307600690009868","0.248780354312981","0.517116628443129","0","0.319801262703306","0.263813784402142","0"
"2020-08-22","0.213726818654932","0","0","0.344690898436827","0.21283524211073","0.291224705174189","0.843916574627015","0","0","0","0.184993796541356","0.307600690009868","0.746341062938942","0.539797182322214","0","0.335791325838471","0.263813784402142","0"
"2020-08-23","0.213726818654932","0","0","0.482567257811557","0.21283524211073","0.291224705174189","0.843916574627015","0","0","0","0.14388406397661","0.307600690009868","0.746341062938942","0.517116628443129","0","0.351781388973636","0.263813784402142","0"
"2020-08-24","0.213726818654932","0","0","0.482567257811557","0.21283524211073","0.291224705174189","0.843916574627015","0","0","0","0.14388406397661","0.307600690009868","0.746341062938942","0.526188849994763","0","0.335791325838471","0.263813784402142","0"
"2020-08-25","0.284969091539909","0","0","0.482567257811557","0.21283524211073","0.291224705174189","0.843916574627015","0","0","0","0.14388406397661","0.307600690009868","0.746341062938942","0.562477736201298","0","0.319801262703306","0.197860338301606","0"
"2020-08-26","0.284969091539909","0","0","0.413629078124192","0.283780322814306","0.268822804776175","0.738427002798638","0","0","0","0.14388406397661","0.307600690009868","0.746341062938942","0.553405514649665","0","0.335791325838471","0.263813784402142","0"
"2020-08-27","0.284969091539909","0","0","0.344690898436827","0.283780322814306","0.224019003980146","0.738427002798638","0.129371461690523","0","0","0.184993796541356","0.307600690009868","0.746341062938942","0.539797182322214","0","0.335791325838471","0.263813784402142","0"
"2020-08-28","0.284969091539909","0","0","0.344690898436827","0.283780322814306","0.224019003980146","0.738427002798638","0.129371461690523","0","0","0.205548662823729","0.430640966013815","0.746341062938942","0.535261071546397","0","0.319801262703306","0.329767230502677","0"
"2020-08-29","0.213726818654932","0","0","0.344690898436827","0.283780322814306","0.224019003980146","0.843916574627015","0.129371461690523","0","0","0.184993796541356","0.430640966013815","0.746341062938942","0.557941625425482","0","0.319801262703306","0.263813784402142","0"
"2020-08-30","0.213726818654932","0","0","0.344690898436827","0.283780322814306","0.179215203184116","0.632937430970261","0.129371461690523","0","0","0.226103529106102","0.430640966013815","0.746341062938942","0.603302733183651","0","0.319801262703306","0.263813784402142","0"
"2020-08-31","0.213726818654932","0","0","0.413629078124192","0.283780322814306","0.156813302786102","0.632937430970261","0.129371461690523","0","0","0.246658395388475","0.430640966013815","0.746341062938942","0.594230511632017","0","0.335791325838471","0.263813784402142","0"
"2020-09-01","0.213726818654932","0","0","0.413629078124192","0.283780322814306","0.156813302786102","0.632937430970261","0.129371461690523","0","0","0.246658395388475","0.246080552007894","0.746341062938942","0.603302733183651","0","0.351781388973636","0.263813784402142","0"
"2020-09-02","0.213726818654932","0","0","0.413629078124192","0.283780322814306","0.179215203184116","0.632937430970261","0.129371461690523","0","0","0.267213261670848","0.246080552007894","0.746341062938942","0.612374954735285","0","0.335791325838471","0.263813784402142","0"
"2020-09-03","0.213726818654932","0","0","0.482567257811557","0.283780322814306","0.156813302786102","0.632937430970261","0.129371461690523","0","0","0.267213261670848","0.246080552007894","0.746341062938942","0.616911065511102","0","0.351781388973636","0.263813784402142","0"
"2020-09-04","0.213726818654932","0.174014425795898","0","0.620443617186288","0.283780322814306","0.156813302786102","0.632937430970261","0.129371461690523","0","0","0.226103529106102","0.246080552007894","0.497560708625961","0.612374954735285","0","0.367771452108802","0.263813784402142","0"
"2020-09-05","0.142484545769954","0.174014425795898","0","0.689381796873654","0.21283524211073","0.156813302786102","0.527447859141885","0.129371461690523","0","0","0.226103529106102","0.246080552007894","0.497560708625961","0.616911065511102","0","0.383761515243967","0.263813784402142","0"
"2020-09-06","0.142484545769954","0.174014425795898","0","0.689381796873654","0.21283524211073","0.134411402388087","0.421958287313508","0.129371461690523","0","0","0.226103529106102","0.246080552007894","0.497560708625961","0.612374954735285","0","0.399751578379132","0.263813784402142","0"
"2020-09-07","0.142484545769954","0.174014425795898","0","0.758319976561019","0.21283524211073","0.112009501990073","0.421958287313508","0.129371461690523","0","0","0.246658395388475","0.246080552007894","0.497560708625961","0.653199951717637","0","0.399751578379132","0.329767230502677","0"
"2020-09-08","0.142484545769954","0.348028851591797","0","0.689381796873654","0.21283524211073","0.112009501990073","0.421958287313508","0.129371461690523","0","0","0.246658395388475","0.184560414005921","0.497560708625961","0.635055508614369","0","0.399751578379132","0.329767230502677","0"
"2020-09-09","0.142484545769954","0.348028851591797","0","0.689381796873654","0.141890161407153","0.134411402388087","0.421958287313508","0.129371461690523","0","0","0.246658395388475","0.123040276003947","0.497560708625961","0.621447176286918","0","0.415741641514297","0.263813784402142","0"
"2020-09-10","0.0712422728849772","0.348028851591797","0","0.689381796873654","0.141890161407153","0.179215203184116","0.527447859141885","0.129371461690523","0","0","0.267213261670848","0.123040276003947","0.497560708625961","0.644127730166003","0","0.335791325838471","0.263813784402142","0"
"2020-09-11","0.0712422728849772","0.348028851591797","0","0.689381796873654","0.141890161407153","0.156813302786102","0.527447859141885","0.129371461690523","0","0","0.267213261670848","0.184560414005921","0.497560708625961","0.662272173269271","0","0.351781388973636","0.197860338301606","0"
"2020-09-12","0.0712422728849772","0.348028851591797","0","0.620443617186288","0.141890161407153","0.156813302786102","0.316468715485131","0.129371461690523","0","0","0.246658395388475","0.184560414005921","0","0.635055508614369","0","0.351781388973636","0.197860338301606","0"
"2020-09-13","0.0712422728849772","0.348028851591797","0","0.482567257811557","0.141890161407153","0.179215203184116","0.316468715485131","0.129371461690523","0","0","0.246658395388475","0.184560414005921","0","0.644127730166003","0","0.367771452108802","0.197860338301606","0"
"2020-09-14","0.0712422728849772","0.348028851591797","0","0.482567257811557","0.141890161407153","0.179215203184116","0.316468715485131","0.129371461690523","0","0","0.226103529106102","0.184560414005921","0","0.662272173269271","0","0.399751578379132","0.263813784402142","0"
"2020-09-15","0","0.348028851591797","0","0.413629078124192","0.141890161407153","0.201617103582131","0.316468715485131","0.129371461690523","0","0","0.226103529106102","0.184560414005921","0","0.630519397838552","0","0.431731704649463","0.263813784402142","0"
"2020-09-16","0","0.348028851591797","0","0.413629078124192","0.0709450807035766","0.224019003980146","0.316468715485131","0.129371461690523","0","0","0.246658395388475","0.184560414005921","0","0.616911065511102","0","0.415741641514297","0.197860338301606","0"
"2020-09-17","0","0.348028851591797","0","0.413629078124192","0.0709450807035766","0.24642090437816","0.210979143656754","0","0","0","0.205548662823729","0.184560414005921","0","0.616911065511102","0","0.415741641514297","0.197860338301606","0"
"2020-09-18","0","0.348028851591797","0","0.413629078124192","0.0709450807035766","0.24642090437816","0.210979143656754","0","0","0","0.184993796541356","0.0615201380019736","0","0.625983287062735","0","0.463711830919793","0.131906892201071","0"
"2020-09-19","0","0.348028851591797","0","0.413629078124192","0.0709450807035766","0.224019003980146","0.105489571828377","0","0","0","0.184993796541356","0.123040276003947","0","0.607838843959468","0","0.463711830919793","0.197860338301606","0"
"2020-09-20","0","0.348028851591797","0","0.413629078124192","0","0.224019003980146","0.105489571828377","0","0","0","0.14388406397661","0.123040276003947","0","0.562477736201298","0","0.463711830919793","0.197860338301606","0"
"2020-09-21","0","0.348028851591797","0","0.344690898436827","0","0.224019003980146","0.105489571828377","0","0","0","0.14388406397661","0.123040276003947","0","0.557941625425482","0","0.447721767784628","0.197860338301606","0"
"2020-09-22","0","0.348028851591797","0","0.344690898436827","0.0709450807035766","0.224019003980146","0.105489571828377","0","0","0","0.14388406397661","0.123040276003947","0","0.567013846977115","0","0.463711830919793","0.263813784402142","0"
"2020-09-23","0.0712422728849772","0.348028851591797","0","0.413629078124192","0.0709450807035766","0.201617103582131","0.105489571828377","0","0","0","0.14388406397661","0.123040276003947","0","0.557941625425482","0","0.495691957190124","0.263813784402142","0"
"2020-09-24","0.0712422728849772","0.348028851591797","0","0.344690898436827","0.0709450807035766","0.201617103582131","0.105489571828377","0","0","0","0.14388406397661","0.123040276003947","0","0.562477736201298","0","0.495691957190124","0.263813784402142","0"
"2020-09-25","0.0712422728849772","0.174014425795898","0","0.206814539062096","0.0709450807035766","0.201617103582131","0.105489571828377","0","0","0","0.123329197694237","0.123040276003947","0","0.548869403873848","0","0.479701894054959","0.263813784402142","0"
"2020-09-26","0.0712422728849772","0.174014425795898","0","0.137876359374731","0.0709450807035766","0.224019003980146","0.105489571828377","0","0","0","0.123329197694237","0.123040276003947","0","0.512580517667312","0","0.463711830919793","0.263813784402142","0"
"2020-09-27","0.0712422728849772","0.174014425795898","0","0.137876359374731","0.0709450807035766","0.24642090437816","0.105489571828377","0","0","0","0.14388406397661","0.123040276003947","0","0.517116628443129","0","0.447721767784628","0.263813784402142","0"
"2020-09-28","0.0712422728849772","0.174014425795898","0","0.0689381796873653","0.0709450807035766","0.24642090437816","0.105489571828377","0","0","0","0.14388406397661","0.123040276003947","0","0.485363853012411","0","0.463711830919793","0.197860338301606","0"
"2020-09-29","0.0712422728849772","0","0","0.0689381796873653","0.0709450807035766","0.24642090437816","0.105489571828377","0","0","0","0.164438930258983","0.123040276003947","0","0.494436074564045","0","0.479701894054959","0.197860338301606","0"
"2020-09-30","0.0712422728849772","0","0","0.0689381796873653","0.21283524211073","0.201617103582131","0.105489571828377","0","0","0","0.164438930258983","0.184560414005921","0","0.503508296115678","0","0.447721767784628","0.197860338301606","0"
"2020-10-01","0.0712422728849772","0","0","0.0689381796873653","0.21283524211073","0.179215203184116","0","0","0","0.253373670421664","0.14388406397661","0.246080552007894","0","0.47175552068496","0","0.447721767784628","0.263813784402142","0"
"2020-10-02","0.0712422728849772","0","0","0.0689381796873653","0.21283524211073","0.156813302786102","0","0","0","0.253373670421664","0.164438930258983","0.184560414005921","0","0.467219409909143","0","0.415741641514297","0.263813784402142","0"
"2020-10-03","0.0712422728849772","0","0","0.0689381796873653","0.21283524211073","0.156813302786102","0","0","0","0.253373670421664","0.184993796541356","0.246080552007894","0","0.467219409909143","0","0.383761515243967","0.263813784402142","0"
"2020-10-04","0.0712422728849772","0","0","0.0689381796873653","0.21283524211073","0.179215203184116","0","0","0","0.253373670421664","0.205548662823729","0.246080552007894","0","0.449074966805875","0","0.351781388973636","0.263813784402142","0"
"2020-10-05","0.0712422728849772","0","0","0.0689381796873653","0.21283524211073","0.179215203184116","0","0","0","0.253373670421664","0.205548662823729","0.246080552007894","0","0.444538856030058","0","0.335791325838471","0.197860338301606","0"
"2020-10-06","0.0712422728849772","0","0","0.0689381796873653","0.21283524211073","0.156813302786102","0","0","0","0.253373670421664","0.226103529106102","0.246080552007894","0","0.444538856030058","0","0.319801262703306","0.197860338301606","0"
"2020-10-07","0.0712422728849772","0","0","0.0689381796873653","0.283780322814306","0.134411402388087","0","0","0","0.253373670421664","0.205548662823729","0.246080552007894","0","0.462683299133326","0","0.335791325838471","0.197860338301606","0"
"2020-10-08","0.0712422728849772","0","0","0.0689381796873653","0.283780322814306","0.112009501990073","0","0","0.174154436671351","0.253373670421664","0.205548662823729","0.246080552007894","0","0.480827742236594","0","0.335791325838471","0.197860338301606","0"
"2020-10-09","0.142484545769954","0","0","0.137876359374731","0.283780322814306","0.112009501990073","0","0","0.174154436671351","0.253373670421664","0.205548662823729","0.246080552007894","0","0.467219409909143","0","0.319801262703306","0.197860338301606","0"
"2020-10-10","0.142484545769954","0","0","0.137876359374731","0.283780322814306","0.134411402388087","0","0","0.174154436671351","0.253373670421664","0.184993796541356","0.184560414005921","0","0.458147188357509","0","0.287821136432975","0.131906892201071","0"
"2020-10-11","0.142484545769954","0","0","0.137876359374731","0.283780322814306","0.134411402388087","0","0","0.174154436671351","0.253373670421664","0.184993796541356","0.246080552007894","0","0.462683299133326","0","0.27183107329781","0.131906892201071","0"
"2020-10-12","0.142484545769954","0","0","0.137876359374731","0.283780322814306","0.156813302786102","0","0","0.174154436671351","0.253373670421664","0.164438930258983","0.246080552007894","0","0.467219409909143","0","0.255841010162644","0.131906892201071","0"
"2020-10-13","0.213726818654932","0","0","0.137876359374731","0.21283524211073","0.156813302786102","0","0","0.174154436671351","0.253373670421664","0.164438930258983","0.246080552007894","0","0.467219409909143","0","0.239850947027479","0.0659534461005355","0"
"2020-10-14","0.142484545769954","0","0","0.0689381796873653","0.21283524211073","0.179215203184116","0","0","0.174154436671351","0.253373670421664","0.14388406397661","0.307600690009868","0","0.467219409909143","0","0.207870820757149","0.0659534461005355","0"
"2020-10-15","0.142484545769954","0","0","0.137876359374731","0.21283524211073","0.179215203184116","0","0","0.174154436671351","0.253373670421664","0.205548662823729","0.369120828011841","0","0.462683299133326","0","0.191880757621983","0.0659534461005355","0"
"2020-10-16","0.142484545769954","0","0","0.137876359374731","0.21283524211073","0.179215203184116","0","0","0.174154436671351","0.253373670421664","0.226103529106102","0.369120828011841","0","0.467219409909143","0","0.191880757621983","0.0659534461005355","0"
"2020-10-17","0.142484545769954","0","0","0.137876359374731","0.21283524211073","0.156813302786102","0","0","0.174154436671351","0.253373670421664","0.226103529106102","0.430640966013815","0","0.476291631460777","0","0.191880757621983","0.0659534461005355","0"
"2020-10-18","0.142484545769954","0","0","0.137876359374731","0.21283524211073","0.134411402388087","0","0","0.174154436671351","0.253373670421664","0.205548662823729","0.430640966013815","0","0.476291631460777","0","0.175890694486818","0.0659534461005355","0"
"2020-10-19","0.142484545769954","0","0","0.137876359374731","0.21283524211073","0.156813302786102","0","0","0.174154436671351","0.253373670421664","0.205548662823729","0.430640966013815","0","0.480827742236594","0","0.143910568216488","0.0659534461005355","0"
"2020-10-20","0.142484545769954","0","0","0.137876359374731","0.283780322814306","0.156813302786102","0","0","0.174154436671351","0.253373670421664","0.205548662823729","0.430640966013815","0","0.467219409909143","0","0.127920505081322","0.0659534461005355","0"
"2020-10-21","0.142484545769954","0","0","0.137876359374731","0.141890161407153","0.156813302786102","0","0","0.174154436671351","0.253373670421664","0.226103529106102","0.430640966013815","0","0.462683299133326","0","0.127920505081322","0.0659534461005355","0"
"2020-10-22","0.142484545769954","0","0","0.137876359374731","0.141890161407153","0.156813302786102","0.105489571828377","0","0.174154436671351","0","0.246658395388475","0.430640966013815","0","0.476291631460777","0","0.159900631351653","0","0"
"2020-10-23","0.213726818654932","0","0","0.206814539062096","0.141890161407153","0.179215203184116","0.105489571828377","0","0.174154436671351","0","0.226103529106102","0.430640966013815","0","0.480827742236594","0","0.159900631351653","0","0"
"2020-10-24","0.213726818654932","0","0","0.275752718749461","0.141890161407153","0.179215203184116","0.105489571828377","0","0.174154436671351","0","0.205548662823729","0.430640966013815","0","0.480827742236594","0","0.159900631351653","0","0"
"2020-10-25","0.213726818654932","0","0","0.275752718749461","0.141890161407153","0.134411402388087","0.105489571828377","0","0.174154436671351","0","0.205548662823729","0.430640966013815","0","0.489899963788228","0","0.191880757621983","0","0"
"2020-10-26","0.213726818654932","0","0","0.275752718749461","0.141890161407153","0.156813302786102","0.105489571828377","0","0.174154436671351","0","0.226103529106102","0.430640966013815","0","0.480827742236594","0","0.175890694486818","0","0"
"2020-10-27","0.213726818654932","0","0","0.275752718749461","0.141890161407153","0.179215203184116","0.105489571828377","0","0.174154436671351","0","0.205548662823729","0.430640966013815","0","0.508044406891495","0","0.207870820757149","0","0"
"2020-10-28","0.213726818654932","0","0","0.275752718749461","0.0709450807035766","0.179215203184116","0.105489571828377","0","0.174154436671351","0","0.205548662823729","0.430640966013815","0","0.508044406891495","0","0.191880757621983","0","0"
"2020-10-29","0.213726818654932","0","0","0.413629078124192","0.0709450807035766","0.179215203184116","0.105489571828377","0","0.174154436671351","0","0.246658395388475","0.430640966013815","0","0.485363853012411","0","0.191880757621983","0","0"
"2020-10-30","0.142484545769954","0","0","0.344690898436827","0.0709450807035766","0.179215203184116","0.105489571828377","0","0.174154436671351","0.253373670421664","0.246658395388475","0.430640966013815","0","0.489899963788228","0","0.207870820757149","0","0"
"2020-10-31","0.142484545769954","0","0","0.344690898436827","0.0709450807035766","0.156813302786102","0.105489571828377","0","0.174154436671351","0.253373670421664","0.246658395388475","0.492161104015788","0","0.521652739218946","0","0.223860883892314","0.0659534461005355","0"
"2020-11-01","0.142484545769954","0","0","0.344690898436827","0.0709450807035766","0.156813302786102","0.105489571828377","0","0.174154436671351","0.253373670421664","0.246658395388475","0.430640966013815","0","0.53072496077058","0","0.223860883892314","0.0659534461005355","0"
"2020-11-02","0.142484545769954","0","0.362342471610467","0.344690898436827","0.0709450807035766","0.134411402388087","0.105489571828377","0","0.174154436671351","0.253373670421664","0.246658395388475","0.430640966013815","0","0.53072496077058","0","0.239850947027479","0.0659534461005355","0"
"2020-11-03","0.0712422728849772","0","0.362342471610467","0.344690898436827","0.0709450807035766","0.156813302786102","0.105489571828377","0","0.174154436671351","0.253373670421664","0.246658395388475","0.430640966013815","0","0.521652739218946","0","0.239850947027479","0.0659534461005355","0"
"2020-11-04","0.0712422728849772","0","0.362342471610467","0.413629078124192","0.0709450807035766","0.134411402388087","0.105489571828377","0","0.174154436671351","0.253373670421664","0.246658395388475","0.369120828011841","0","0.544333293098031","0","0.239850947027479","0.0659534461005355","0"
"2020-11-05","0.0712422728849772","0","0.362342471610467","0.344690898436827","0.141890161407153","0.156813302786102","0.105489571828377","0","0.174154436671351","0.253373670421664","0.184993796541356","0.307600690009868","0","0.562477736201298","0","0.239850947027479","0.131906892201071","0"
"2020-11-06","0.0712422728849772","0","0.362342471610467","0.344690898436827","0.141890161407153","0.156813302786102","0.105489571828377","0","0.174154436671351","0.253373670421664","0.164438930258983","0.307600690009868","0","0.585158290080383","0","0.239850947027479","0.131906892201071","0"
"2020-11-07","0.142484545769954","0","0.362342471610467","0.344690898436827","0.141890161407153","0.156813302786102","0.105489571828377","0","0.174154436671351","0.253373670421664","0.164438930258983","0.246080552007894","0","0.580622179304566","0","0.255841010162644","0.131906892201071","0"
"2020-11-08","0.142484545769954","0","0.362342471610467","0.344690898436827","0.141890161407153","0.156813302786102","0.105489571828377","0","0.174154436671351","0.253373670421664","0.184993796541356","0.246080552007894","0","0.616911065511102","0","0.27183107329781","0.131906892201071","0"
"2020-11-09","0.142484545769954","0","0.362342471610467","0.482567257811557","0.141890161407153","0.134411402388087","0.210979143656754","0","0.174154436671351","0.253373670421664","0.205548662823729","0.307600690009868","0","0.616911065511102","0","0.27183107329781","0.131906892201071","0"
"2020-11-10","0.142484545769954","0","0.362342471610467","0.482567257811557","0.0709450807035766","0.134411402388087","0.210979143656754","0","0.174154436671351","0.253373670421664","0.184993796541356","0.307600690009868","0","0.603302733183651","0","0.287821136432975","0.131906892201071","0"
"2020-11-11","0.142484545769954","0","0.362342471610467","0.551505437498923","0.0709450807035766","0.134411402388087","0.210979143656754","0","0.174154436671351","0.253373670421664","0.205548662823729","0.307600690009868","0","0.594230511632017","0","0.30381119956814","0.131906892201071","0"
"2020-11-12","0.142484545769954","0","0.362342471610467","0.551505437498923","0.0709450807035766","0.134411402388087","0.105489571828377","0","0.174154436671351","0.253373670421664","0.184993796541356","0.369120828011841","0","0.612374954735285","0","0.287821136432975","0.197860338301606","0"
"2020-11-13","0.0712422728849772","0","0.362342471610467","0.482567257811557","0.141890161407153","0.112009501990073","0.105489571828377","0","0.174154436671351","0.253373670421664","0.205548662823729","0.369120828011841","0","0.598766622407834","0","0.335791325838471","0.197860338301606","0"
"2020-11-14","0.0712422728849772","0","0.362342471610467","0.413629078124192","0.141890161407153","0.134411402388087","0.105489571828377","0","0.174154436671351","0.253373670421664","0.226103529106102","0.307600690009868","0","0.598766622407834","0","0.351781388973636","0.197860338301606","0"
"2020-11-15","0.0712422728849772","0","0.362342471610467","0.482567257811557","0.141890161407153","0.179215203184116","0.105489571828377","0","0.174154436671351","0.253373670421664","0.226103529106102","0.307600690009868","0","0.612374954735285","0","0.367771452108802","0.197860338301606","0"
"2020-11-16","0.0712422728849772","0","0.362342471610467","0.482567257811557","0.141890161407153","0.156813302786102","0.105489571828377","0","0.174154436671351","0.253373670421664","0.267213261670848","0.307600690009868","0","0.64866384094182","0","0.383761515243967","0.197860338301606","0"
"2020-11-17","0.0712422728849772","0","0.362342471610467","0.482567257811557","0.141890161407153","0.156813302786102","0.105489571828377","0","0.174154436671351","0.253373670421664","0.28776812795322","0.307600690009868","0","0.653199951717637","0","0.351781388973636","0.197860338301606","0.170579766510416"
"2020-11-18","0.0712422728849772","0","0.362342471610467","0.482567257811557","0.21283524211073","0.156813302786102","0.105489571828377","0","0.174154436671351","0.253373670421664","0.308322994235593","0.369120828011841","0","0.666808284045088","0","0.335791325838471","0.197860338301606","0.170579766510416"
"2020-11-19","0.0712422728849772","0","0.362342471610467","0.413629078124192","0.21283524211073","0.179215203184116","0.105489571828377","0.129371461690523","0","0.253373670421664","0.267213261670848","0.369120828011841","0","0.694024948699989","0","0.367771452108802","0.197860338301606","0.170579766510416"
"2020-11-20","0.0712422728849772","0","0.362342471610467","0.482567257811557","0.283780322814306","0.179215203184116","0.105489571828377","0.129371461690523","0","0","0.308322994235593","0.369120828011841","0","0.725777724130708","0","0.335791325838471","0.263813784402142","0.170579766510416"
"2020-11-21","0.0712422728849772","0","0.362342471610467","0.482567257811557","0.283780322814306","0.201617103582131","0.105489571828377","0.129371461690523","0","0","0.328877860517966","0.430640966013815","0","0.752994388785609","0","0.319801262703306","0.197860338301606","0.170579766510416"
"2020-11-22","0.0712422728849772","0","0.362342471610467","0.551505437498923","0.283780322814306","0.24642090437816","0.105489571828377","0.129371461690523","0","0","0.390542459365085","0.430640966013815","0","0.802891607319595","0","0.335791325838471","0.197860338301606","0.170579766510416"
"2020-11-23","0.0712422728849772","0","0","0.551505437498923","0.283780322814306","0.268822804776175","0.105489571828377","0.129371461690523","0","0","0.390542459365085","0.430640966013815","0","0.811963828871229","0","0.319801262703306","0.197860338301606","0.341159533020831"
"2020-11-24","0.0712422728849772","0","0","0.551505437498923","0.283780322814306","0.268822804776175","0.105489571828377","0.129371461690523","0","0","0.431652191929831","0.430640966013815","0","0.843716604301948","0","0.383761515243967","0.197860338301606","0.341159533020831"
"2020-11-25","0.0712422728849772","0","0","0.482567257811557","0.283780322814306","0.268822804776175","0.105489571828377","0.129371461690523","0","0","0.431652191929831","0.430640966013815","0","0.839180493526131","0","0.447721767784628","0.263813784402142","0.341159533020831"
"2020-11-26","0.0712422728849772","0","0","0.482567257811557","0.283780322814306","0.268822804776175","0.105489571828377","0.129371461690523","0","0","0.431652191929831","0.430640966013815","0","0.834644382750314","0","0.495691957190124","0.197860338301606","0.341159533020831"
"2020-11-27","0.0712422728849772","0","0","0.482567257811557","0.354725403517883","0.268822804776175","0.105489571828377","0.129371461690523","0","0","0.431652191929831","0.492161104015788","0","0.834644382750314","0","0.57564227286595","0.197860338301606","0.341159533020831"
"2020-11-28","0","0","0","0.482567257811557","0.354725403517883","0.268822804776175","0.105489571828377","0.129371461690523","0","0","0.431652191929831","0.492161104015788","0","0.870933268956849","0","0.607622399136281","0.197860338301606","0.341159533020831"
"2020-11-29","0","0","0","0.482567257811557","0.354725403517883","0.268822804776175","0.105489571828377","0.129371461690523","0","0","0.411097325647458","0.492161104015788","0","0.843716604301948","0","0.623612462271446","0.197860338301606","0.341159533020831"
"2020-11-30","0","0.174014425795898","0","0.344690898436827","0.354725403517883","0.291224705174189","0","0.129371461690523","0","0","0.369987593082712","0.492161104015788","0","0.880005490508483","0","0.623612462271446","0.197860338301606","0.511739299531247"
"2020-12-01","0","0.174014425795898","0","0.413629078124192","0.354725403517883","0.313626605572204","0","0.258742923381045","0","0","0.369987593082712","0.492161104015788","0","0.925366598266652","0","0.639602525406611","0.197860338301606","0.511739299531247"
"2020-12-02","0","0.174014425795898","0","0.344690898436827","0.425670484221459","0.358430406368233","0","0.258742923381045","0","0","0.349432726800339","0.430640966013815","0","0.970727706024821","0","0.639602525406611","0.197860338301606","0.511739299531247"
"2020-12-03","0","0.174014425795898","0","0.344690898436827","0.425670484221459","0.380832306766248","0","0.258742923381045","0","0","0.369987593082712","0.369120828011841","0","1.00701659223136","0","0.639602525406611","0.131906892201071","0.511739299531247"
"2020-12-04","0","0.174014425795898","0","0.344690898436827","0.354725403517883","0.380832306766248","0","0.258742923381045","0","0","0.369987593082712","0.430640966013815","0","1.04330547843789","0","0.639602525406611","0.131906892201071","0.511739299531247"
"2020-12-05","0","0.174014425795898","0","0.413629078124192","0.354725403517883","0.358430406368233","0","0.258742923381045","0","0.253373670421664","0.369987593082712","0.492161104015788","0","1.12949158317841","0","0.703562777947273","0.131906892201071","0.682319066041662"
"2020-12-06","0","0.174014425795898","0","0.344690898436827","0.354725403517883","0.313626605572204","0","0.258742923381045","0","0.253373670421664","0.390542459365085","0.492161104015788","0","1.1521721370575","0","0.687572714812107","0.131906892201071","0.682319066041662"
"2020-12-07","0","0.174014425795898","0","0.344690898436827","0.354725403517883","0.336028505970218","0","0.258742923381045","0","0.253373670421664","0.369987593082712","0.553681242017762","0","1.18392491248822","0","0.687572714812107","0.197860338301606","0.682319066041662"
"2020-12-08","0","0.174014425795898","0","0.344690898436827","0.354725403517883","0.336028505970218","0","0.258742923381045","0","0.253373670421664","0.369987593082712","0.553681242017762","0","1.19299713403985","0","0.671582651676942","0.197860338301606","0.511739299531247"
"2020-12-09","0","0.174014425795898","0","0.413629078124192","0.283780322814306","0.358430406368233","0","0.258742923381045","0","0.253373670421664","0.349432726800339","0.492161104015788","0","1.21114157714312","0","0.687572714812107","0.197860338301606","0.511739299531247"
"2020-12-10","0","0.174014425795898","0","0.344690898436827","0.283780322814306","0.358430406368233","0","0.129371461690523","0","0.253373670421664","0.349432726800339","0.492161104015788","0","1.2338221310222","0","0.735542904217603","0.197860338301606","0.511739299531247"
"2020-12-11","0","0.174014425795898","0","0.275752718749461","0.21283524211073","0.380832306766248","0","0.129371461690523","0","0.253373670421664","0.328877860517966","0.492161104015788","0","1.24289435257384","0","0.735542904217603","0.131906892201071","0.511739299531247"
"2020-12-12","0","0.174014425795898","0","0.275752718749461","0.21283524211073","0.380832306766248","0","0.129371461690523","0","0.253373670421664","0.328877860517966","0.369120828011841","0","1.23835824179802","0","0.767523030487933","0.197860338301606","0.511739299531247"
"2020-12-13","0","0.174014425795898","0","0.206814539062096","0.21283524211073","0.358430406368233","0","0.129371461690523","0","0.253373670421664","0.267213261670848","0.492161104015788","0.248780354312981","1.24289435257384","0","0.751532967352768","0.263813784402142","0.511739299531247"
"2020-12-14","0","0.174014425795898","0","0.206814539062096","0.283780322814306","0.358430406368233","0","0.129371461690523","0","0.253373670421664","0.28776812795322","0.615201380019736","0.248780354312981","1.27011101722874","0","0.799503156758264","0.329767230502677","0.341159533020831"
"2020-12-15","0","0.174014425795898","0","0.275752718749461","0.283780322814306","0.336028505970218","0","0.129371461690523","0","0.253373670421664","0.246658395388475","0.615201380019736","0.248780354312981","1.30186379265946","0","0.719552841082438","0.329767230502677","0.341159533020831"
"2020-12-16","0","0.174014425795898","0","0.275752718749461","0.283780322814306","0.336028505970218","0","0.129371461690523","0","0.253373670421664","0.28776812795322","0.676721518021709","0.248780354312981","1.33815267886599","0","0.719552841082438","0.263813784402142","0.341159533020831"
"2020-12-17","0","0.174014425795898","0","0.275752718749461","0.283780322814306","0.313626605572204","0.210979143656754","0.129371461690523","0","0.253373670421664","0.28776812795322","0.676721518021709","0.248780354312981","1.38804989739998","0","0.735542904217603","0.329767230502677","0.341159533020831"
"2020-12-18","0","0.174014425795898","0","0.344690898436827","0.21283524211073","0.358430406368233","0.210979143656754","0.129371461690523","0","0.253373670421664","0.28776812795322","0.615201380019736","0.248780354312981","1.43794711593396","0","0.719552841082438","0.329767230502677","0.341159533020831"
"2020-12-19","0.0712422728849772","0.174014425795898","0","0.344690898436827","0.21283524211073","0.380832306766248","0.210979143656754","0.129371461690523","0","0.253373670421664","0.308322994235593","0.615201380019736","0.248780354312981","1.45609155903723","0","0.751532967352768","0.329767230502677","0.341159533020831"
"2020-12-20","0.142484545769954","0.174014425795898","0","0.344690898436827","0.21283524211073","0.403234207164262","0.316468715485131","0.129371461690523","0","0.253373670421664","0.328877860517966","0.615201380019736","0.248780354312981","1.46969989136468","0","0.719552841082438","0.395720676603213","0.341159533020831"
"2020-12-21","0.142484545769954","0","0","0.344690898436827","0.21283524211073","0.403234207164262","0.316468715485131","0.129371461690523","0.174154436671351","0.253373670421664","0.328877860517966","0.553681242017762","0.248780354312981","1.5014526667954","0","0.751532967352768","0.395720676603213","0.170579766510416"
"2020-12-22","0.142484545769954","0","0","0.275752718749461","0.21283524211073","0.380832306766248","0.316468715485131","0","0.174154436671351","0.253373670421664","0.369987593082712","0.553681242017762","0.248780354312981","1.47877211291632","0","0.735542904217603","0.395720676603213","0.170579766510416"
"2020-12-23","0.142484545769954","0","0","0.275752718749461","0.141890161407153","0.336028505970218","0.316468715485131","0","0.174154436671351","0.253373670421664","0.349432726800339","0.553681242017762","0.248780354312981","1.4742360021405","0","0.767523030487933","0.395720676603213","0.170579766510416"
"2020-12-24","0.142484545769954","0","0","0.344690898436827","0.141890161407153","0.313626605572204","0.316468715485131","0","0.174154436671351","0.253373670421664","0.328877860517966","0.492161104015788","0.248780354312981","1.46516378058887","0","0.767523030487933","0.395720676603213","0.341159533020831"
"2020-12-25","0.142484545769954","0","0","0.344690898436827","0.141890161407153","0.313626605572204","0.527447859141885","0","0.348308873342703","0.253373670421664","0.308322994235593","0.430640966013815","0.248780354312981","1.48330822369213","0","0.751532967352768","0.527627568804284","0.511739299531247"
"2020-12-26","0.142484545769954","0","0","0.275752718749461","0.141890161407153","0.336028505970218","0.527447859141885","0","0.348308873342703","0","0.308322994235593","0.492161104015788","0.248780354312981","1.42887489438233","0","0.703562777947273","0.527627568804284","0.341159533020831"
"2020-12-27","0.142484545769954","0","0","0.275752718749461","0.141890161407153","0.380832306766248","0.527447859141885","0.129371461690523","0.348308873342703","0","0.267213261670848","0.553681242017762","0.248780354312981","1.42433878360651","0","0.751532967352768","0.72548790710589","0.341159533020831"
"2020-12-28","0.142484545769954","0","0","0.344690898436827","0.141890161407153","0.403234207164262","0.527447859141885","0.129371461690523","0.348308873342703","0","0.246658395388475","0.492161104015788","0.248780354312981","1.37897767584834","0","0.767523030487933","0.659534461005355","0.341159533020831"
"2020-12-29","0.142484545769954","0","0","0.344690898436827","0.21283524211073","0.380832306766248","0.527447859141885","0.129371461690523","0.348308873342703","0","0.226103529106102","0.553681242017762","0.248780354312981","1.37444156507253","0","0.799503156758264","0.659534461005355","0.341159533020831"
"2020-12-30","0.142484545769954","0","0","0.275752718749461","0.21283524211073","0.380832306766248","0.527447859141885","0.129371461690523","0.348308873342703","0","0.267213261670848","0.615201380019736","0.248780354312981","1.39712211895161","0","0.799503156758264","0.659534461005355","0.511739299531247"
"2020-12-31","0.142484545769954","0","0","0.275752718749461","0.21283524211073","0.358430406368233","0.527447859141885","0.129371461690523","0.348308873342703","0","0.328877860517966","0.615201380019736","0.248780354312981","1.40619434050325","0","0.815493219893429","0.791441353206426","0.511739299531247"
