dates,AZCAPOTZALCO,COYOACAN,CUAJIMALPA_DE_MORELOS,GUSTAVO_A_MADERO,IZTACALCO,IZTAPALAPA,LA_MAGDALENA_CONTRERAS,MILPA_ALTA,ALVARO_OBREGON,TLAHUAC,TLALPAN,XOCHIMILCO,BENITO_JUAREZ,CUAUHTEMOC,MIGUEL_HIDALGO,VENUSTIANO_CARRANZA
2020-03-03,0,0,0,0,0,0,0,0,0,0,0,0,0,0,0,0
2020-03-04,0,0,0,0,0,0,0,0,0,0,0,0,0,0,0,0
2020-03-05,0,0,0,0,0,0,0.0192305399435622,0,0,0,0.0068034208688676,0,0,0,0,0
2020-03-06,0,0,0,0,0,0,0.0192305399435622,0,0,0,0.0068034208688676,0,0,0,0,0
2020-03-07,0,0,0,0,0,0,0.0192305399435622,0,0,0,0.0068034208688676,0,0,0,0,0
2020-03-08,0,0,0,0,0,0,0.0192305399435622,0,0,0,0.0068034208688676,0,0,0,0,0
2020-03-09,0,0,0,0,0,0,0.0192305399435622,0,0,0,0.0068034208688676,0,0,0,0,0
2020-03-10,0,0,0,0,0,0,0.0192305399435622,0,0,0,0.0068034208688676,0,0,0,0,0
2020-03-11,0,0,0,0,0.0117666508405213,0.00259435635134496,0.0192305399435622,0,0,0,0.0068034208688676,0,0.0109682640956178,0,0,0
2020-03-12,0,0.00774990318433447,0.0218751080083458,0.00405838045214498,0.0117666508405213,0.00259435635134496,0.0192305399435622,0,0,0,0.0068034208688676,0,0.0109682640956178,0,0.011489142186177,0
2020-03-13,0,0.00774990318433447,0.0218751080083458,0.00405838045214498,0.0117666508405213,0.00259435635134496,0.0192305399435622,0,0.00627278707519823,0,0.0068034208688676,0,0.0109682640956178,0,0.0229782843723539,0
2020-03-14,0,0.00774990318433447,0.0218751080083458,0.00405838045214498,0.0117666508405213,0.00259435635134496,0.0192305399435622,0,0.00627278707519823,0,0.0068034208688676,0,0.0109682640956178,0,0.0229782843723539,0
2020-03-15,0,0.00774990318433447,0.0218751080083458,0.00811676090428995,0.0117666508405213,0.00259435635134496,0.0192305399435622,0,0.00627278707519823,0,0.0068034208688676,0,0.0109682640956178,0,0.0344674265585309,0
2020-03-16,0,0.00774990318433447,0.0218751080083458,0.00811676090428995,0.0117666508405213,0.00259435635134496,0.0192305399435622,0,0.0188183612255947,0,0.0068034208688676,0,0.0219365281912356,0,0.0459565687447078,0
2020-03-17,0,0.0154998063686689,0.0437502160166916,0.00811676090428995,0.0235333016810426,0.00259435635134496,0.0192305399435622,0,0.0188183612255947,0,0.0068034208688676,0,0.0329047922868534,0,0.0459565687447078,0
2020-03-18,0,0.0154998063686689,0.0437502160166916,0.0121751413564349,0.0235333016810426,0.0103774254053799,0.0192305399435622,0,0.0188183612255947,0,0.0068034208688676,0,0.0438730563824713,0,0.0459565687447078,0
2020-03-19,0,0.0232497095530034,0.0656253240250374,0.0121751413564349,0.0705999050431277,0.0389153452701745,0.0384610798871244,0,0.0188183612255947,0.0242760487768938,0.0272136834754704,0,0.0438730563824713,0,0.0689348531170617,0.0321964965060362
2020-03-20,0,0.0309996127373379,0.0656253240250374,0.0202919022607249,0.082366555883649,0.0596701960809342,0.0384610798871244,0,0.0188183612255947,0.0242760487768938,0.0272136834754704,0,0.0438730563824713,0,0.0804239953032387,0.0643929930120724
2020-03-21,0.0220353987663482,0.0387495159216723,0.0656253240250374,0.0202919022607249,0.082366555883649,0.0674532651349691,0.0384610798871244,0,0.0250911483007929,0.0242760487768938,0.0272136834754704,0.0323076097990273,0.0548413204780891,0.034893162370795,0.0804239953032387,0.0965894895181086
2020-03-22,0.0330530981495223,0.0387495159216723,0.0656253240250374,0.0243502827128699,0.105899857564692,0.0778306905403489,0.0576916198306866,0,0.0313639353759912,0.0242760487768938,0.034017104344338,0.0430768130653697,0.0548413204780891,0.034893162370795,0.0804239953032387,0.118053820522133
2020-03-23,0.0330530981495223,0.0387495159216723,0.0656253240250374,0.0284086631650148,0.117666508405213,0.108962966756488,0.0576916198306866,0.0311877706513722,0.0439095095263876,0.0242760487768938,0.034017104344338,0.0538460163317121,0.0658095845737069,0.0436164529634937,0.0919131374894156,0.171714648032193
2020-03-24,0.0550884969158705,0.0387495159216723,0.0875004320333832,0.0365254240693048,0.164733111767298,0.155661381080698,0.0769221597742488,0.0311877706513722,0.0439095095263876,0.0364140731653406,0.034017104344338,0.0861536261307394,0.0658095845737069,0.06978632474159,0.0919131374894156,0.203911144538229
2020-03-25,0.0771238956822187,0.0619992254746758,0.0875004320333832,0.0487005654257397,0.223566365969904,0.176416231891458,0.0769221597742488,0.0311877706513722,0.0501822966015859,0.0364140731653406,0.034017104344338,0.0969228293970818,0.0767778486693247,0.06978632474159,0.103402279675593,0.236107641044265
2020-03-26,0.0991592944485669,0.0697491286590102,0.109375540041729,0.0568173263300297,0.223566365969904,0.212737220810287,0.0576916198306866,0.0311877706513722,0.0627278707519823,0.0485520975537875,0.0476239460820732,0.0969228293970818,0.0987143768605603,0.0959561965196862,0.11489142186177,0.25757197204829
2020-03-27,0.121194693214915,0.0929988382120136,0.175000864066766,0.0649340872343196,0.294166271013032,0.238680784323737,0.0576916198306866,0.0311877706513722,0.0752734449023788,0.0485520975537875,0.068034208688676,0.0969228293970818,0.109682640956178,0.122126068297782,0.126380564047946,0.289768468554326
2020-03-28,0.132212392598089,0.108498644580683,0.218751080083458,0.0852259894950445,0.329466223534596,0.267218704188531,0.0576916198306866,0.0311877706513722,0.0878190190527753,0.0485520975537875,0.0748376295575436,0.107692032663424,0.142587433243032,0.148295940075879,0.160847990606477,0.300500634056338
2020-03-29,0.143230091981263,0.116248547765017,0.218751080083458,0.109576272207914,0.329466223534596,0.277596129593911,0.0576916198306866,0.0311877706513722,0.100364593203172,0.0485520975537875,0.0816410504264112,0.129230439196109,0.186460489625503,0.148295940075879,0.183826274978831,0.31123279955835
2020-03-30,0.143230091981263,0.131748354133686,0.240626188091804,0.125809794016494,0.341232874375117,0.285379198647946,0.0769221597742488,0.0311877706513722,0.112910167353568,0.0728281463306813,0.102051313033014,0.139999642462452,0.186460489625503,0.165742521261276,0.195315417165008,0.332697130562374
2020-03-31,0.154247791364437,0.154998063686689,0.240626188091804,0.133926554920784,0.352999525215639,0.287973554999291,0.0769221597742488,0.0311877706513722,0.119182954428766,0.0849661707191282,0.115658154770749,0.161538048995136,0.230333546007974,0.183189102446674,0.206804559351185,0.332697130562374
2020-04-01,0.18730088951396,0.170497870055358,0.240626188091804,0.150160076729364,0.388299477737202,0.313917118512741,0.0961526997178111,0.0311877706513722,0.119182954428766,0.0849661707191282,0.136068417377352,0.172307252261479,0.25227007419921,0.200635683632071,0.218293701537362,0.343429296064386
2020-04-02,0.198318588897134,0.178247773239693,0.218751080083458,0.166393598537944,0.411832779418245,0.3346719693235,0.115383239661373,0.0311877706513722,0.138001315654361,0.0849661707191282,0.14287183824622,0.183076455527821,0.263238338294828,0.218082264817469,0.218293701537362,0.36489362706841
2020-04-03,0.209336288280308,0.193747579608362,0.240626188091804,0.186685500798669,0.45889938278033,0.373587314593675,0.115383239661373,0.0311877706513722,0.163092463955154,0.0849661707191282,0.176888942590558,0.215384065326849,0.285174866486063,0.244252136595565,0.206804559351185,0.397090123574446
2020-04-04,0.231371687046656,0.209247385977031,0.240626188091804,0.223210924867974,0.482432684461373,0.399530878107124,0.17307485949206,0.0311877706513722,0.175638038105551,0.0849661707191282,0.183692363459425,0.215384065326849,0.318079658772917,0.252975427188264,0.218293701537362,0.418554454578471
2020-04-05,0.24238938642983,0.2247471923457,0.240626188091804,0.239444446676554,0.517732636982937,0.433257510674609,0.17307485949206,0.0311877706513722,0.175638038105551,0.0849661707191282,0.19729920519716,0.226153268593191,0.361952715155388,0.314038461337155,0.218293701537362,0.429286620080483
2020-04-06,0.275442484579352,0.255746805083037,0.240626188091804,0.280028251198003,0.553032589504501,0.485144637701508,0.192305399435622,0.0311877706513722,0.207001973481542,0.0971041951075751,0.224512888672631,0.236922471859533,0.372920979251006,0.383824786078745,0.26425027028207,0.547340440602615
2020-04-07,0.308495582728875,0.271246611451706,0.262501296100149,0.336845577528033,0.588332542026064,0.521465626620338,0.230766479322747,0.0311877706513722,0.21327476055674,0.157794317049809,0.238119730410366,0.247691675125876,0.372920979251006,0.427441239042239,0.275739412468247,0.601001268112676
2020-04-08,0.341548680878397,0.333245836926382,0.262501296100149,0.381487762501628,0.611865843707107,0.544814833782442,0.249997019266309,0.0311877706513722,0.232093121782335,0.157794317049809,0.265333413885836,0.290768488191246,0.405825771537859,0.453611110820335,0.321695981212955,0.6224655991167
2020-04-09,0.385619478411094,0.356495546479386,0.262501296100149,0.422071567023078,0.600099192866586,0.578541466349927,0.230766479322747,0.0311877706513722,0.269729844233524,0.169932341438256,0.258529993016969,0.31230689472393,0.427762299729095,0.514674144969226,0.333185123399132,0.6224655991167
2020-04-10,0.396637177794268,0.371995352848055,0.306251512116841,0.454538610640237,0.670699097909713,0.612268098917411,0.249997019266309,0.0623755413027444,0.313639353759912,0.206346414603597,0.292547097361307,0.323076097990273,0.438730563824713,0.567013888525418,0.344674265585309,0.611733433614688
2020-04-11,0.374601779027919,0.379745256032389,0.306251512116841,0.478888893353107,0.741299002952841,0.643400375133551,0.249997019266309,0.0623755413027444,0.332457714985506,0.206346414603597,0.333367622574512,0.323076097990273,0.482603620207184,0.567013888525418,0.379141692143839,0.633197764618712
2020-04-12,0.396637177794268,0.395245062401058,0.328126620125187,0.523531078326702,0.82366555883649,0.669343938647001,0.230766479322747,0.0935633119541165,0.351276076211101,0.218484438992044,0.36738472691885,0.344614504522958,0.515508412494037,0.610630341488912,0.471054829633255,0.643929930120724
2020-04-13,0.440707975326964,0.43399457832273,0.350001728133533,0.588465165561022,0.953098718082224,0.70047621486314,0.249997019266309,0.0935633119541165,0.370094437436696,0.303450609711172,0.421812093869791,0.3553837077893,0.559381468876509,0.732756409786695,0.517011398377963,0.6224655991167
2020-04-14,0.473761073476486,0.464994191060068,0.350001728133533,0.633107350534617,1.01193197228483,0.7212310656739,0.288458099153433,0.124751082605489,0.401458372812687,0.327726658488066,0.455829198214129,0.3553837077893,0.614222789354598,0.724033119193996,0.562967967122671,0.67612642662676
2020-04-15,0.506814171626009,0.495993803797406,0.41562705215857,0.689924676864646,1.09429852816848,0.757552054592729,0.34614971898412,0.155938853256861,0.464186243564669,0.339864682876513,0.4830428816896,0.3553837077893,0.647127581641451,0.793819443935586,0.574457109308848,0.719055088634808
2020-04-16,0.572920367925053,0.557993029272082,0.41562705215857,0.730508481386096,1.20019838573317,0.812033537970974,0.34614971898412,0.187126623908233,0.520641327241454,0.35200270726496,0.496649723427335,0.366152911055643,0.669064109832687,0.837435896899079,0.585946251495025,0.740519419638833
2020-04-17,0.572920367925053,0.573492835640751,0.371876836141878,0.771092285907546,1.20019838573317,0.889864228511323,0.365380258927682,0.187126623908233,0.589641985068634,0.3884167804303,0.517059986033938,0.44153733392004,0.680032373928305,0.872329059269875,0.608924535867378,0.804912412650905
2020-04-18,0.572920367925053,0.612242351562423,0.393751944150224,0.815734470881141,1.32963154497891,0.941751355538222,0.384610798871244,0.218314394559605,0.627278707519823,0.424830853595641,0.544273669509408,0.463075740452724,0.756810222597629,0.915945512233368,0.620413678053556,0.847841074658953
2020-04-19,0.594955766691401,0.635492061115427,0.437502160166916,0.87255179721117,1.4355314025436,1.04293125324068,0.403841338814806,0.311877706513722,0.63982428167022,0.473382951149428,0.564683932116011,0.452306537186382,0.723905430310776,0.942115384011465,0.654881104612086,0.912234067671026
2020-04-20,0.67207966237362,0.712991092958771,0.459377268175262,0.92125236263691,1.63556446683246,1.16746035810523,0.403841338814806,0.405441018467838,0.690006578271806,0.509797024314769,0.619111299066952,0.516921756784437,0.800683278980101,0.994455127567657,0.758283384287679,1.00882355718913
2020-04-21,0.738185858672665,0.774990318433447,0.503127484191953,1.04300377620126,1.83559753112132,1.28939510661845,0.423071878758369,0.561379871724699,0.733916087798193,0.558349121868557,0.619111299066952,0.559998569849806,0.822619807171336,1.03807158053115,0.769772526473856,1.06248438469919
2020-04-22,0.771238956822187,0.805989931170785,0.525002592200299,1.08764596117485,1.95326403952653,1.4424621313478,0.480763498589055,0.623755413027444,0.790371171474977,0.606901219422344,0.659931824280157,0.646152195980546,0.833588071266954,1.09041132408734,0.815729095218564,1.23419903273139
2020-04-23,0.881415950653928,0.891238866198464,0.568752808216991,1.16475518976561,2.02386394456966,1.55661381080698,0.538455118419742,0.686130954330188,0.871917403452555,0.643315292587685,0.693948928624495,0.689229009045915,0.899397655840661,1.16892093942163,0.861685663963272,1.34152068775151
2020-04-24,0.903451349420276,0.976487801226143,0.568752808216991,1.22968927699993,2.20036370717748,1.6500106394554,0.596146738250429,0.779694266284305,0.909554125903744,0.691867390141472,0.734769453837701,0.743075025377627,0.943270712223132,1.24743055475592,0.965087943638864,1.45957450827364
2020-04-25,0.980575245102495,1.00748741396348,0.612503024233682,1.27838984242567,2.30626356474217,1.74081311175247,0.576916198306866,0.904445348889793,0.953463635430132,0.813247634025941,0.761983137313171,0.839997854774709,0.987143768605603,1.3695566230537,0.999555370197395,1.58836049429779
2020-04-26,1.02464604263519,1.02298722033215,0.634378132242028,1.35144069056428,2.36509681894478,1.84718172215761,0.596146738250429,0.966820890192538,1.02873708033251,0.886075780356622,0.775589979050906,0.936920684171791,1.04198508908369,1.43061965720259,1.05700108112828,1.69568214931791
2020-04-27,1.04668144140154,1.06173673625382,0.700003456267065,1.42854991915503,2.55336323239312,1.932795481752,0.596146738250429,0.99800866084391,1.04755544155811,0.898213804745069,0.809607083395245,1.00153590376985,1.07488988137055,1.50912927253688,1.09146850768681,1.69568214931791
2020-04-28,1.16787613461645,1.13148586491283,0.67812834825872,1.48130886503292,2.72986299500094,2.04694716121118,0.557685658363304,1.15394751410077,1.15419282183648,0.958903926687304,0.898051554690523,1.10922793643327,1.20650905051796,1.56146901609308,1.18338164517623,1.781539473334
2020-04-29,1.31110622659772,1.17798528401884,0.721878564275411,1.55435971317153,2.94166271013032,2.1870424041838,0.634607818137553,1.18513528475214,1.21692069258846,1.05600812179488,0.986496025985802,1.16307395276498,1.28328689918728,1.63125534083467,1.26380564047946,1.88886112835412
2020-04-30,1.36619472351359,1.27873402541519,0.743753672283757,1.65581922447515,3.08286252021658,2.27784487648088,0.711529977911802,1.37226190866038,1.21692069258846,1.12883626812556,1.03411997206788,1.25999678216206,1.42587433243032,1.65742521261276,1.33274049359653,1.97471845237022
2020-05-01,1.46535401796216,1.30973363815253,0.765628780292103,1.7775706380395,3.14169577441918,2.36864734877795,0.749991057798926,1.43463744996312,1.28592135041564,1.12883626812556,1.06813707641221,1.38922722135817,1.50265218109964,1.73593482794705,1.39018620452741,2.07130794188833
2020-05-02,1.64163720809294,1.36398296044287,0.787503888300448,1.85467986663025,3.17699572694075,2.44128932661561,0.788452137686051,1.55938853256861,1.30473971164123,1.17738836567935,1.08174391814995,1.45384244095623,1.48071565290841,1.78827457150324,1.43614277327212,2.08204010739034
2020-05-03,1.69672570500881,1.41823228273321,0.787503888300448,1.8952636711517,3.22406233030283,2.53728051161537,0.846143757516737,1.55938853256861,1.34237643409242,1.25021651201003,1.12936786423202,1.4969192540216,1.49168391700402,1.84061431505944,1.39018620452741,2.15716526590443
2020-05-04,1.77384960069103,1.53448083049822,0.809378996308794,1.95613937793388,3.30642888618648,2.61511120215572,0.884604837403862,1.62176407387135,1.44901381437079,1.22594046323314,1.18379523118296,1.57230367688599,1.51362044519526,1.77955128091054,1.42465363108594,2.29668341743058
2020-05-05,1.97216818958816,1.61197986234157,0.875004320333832,2.01701508471605,3.42409539459169,2.7059136744528,0.884604837403862,1.6841396151741,1.49292332389718,1.26235453639848,1.27223970247824,1.58307288015234,1.54652523748211,1.89295405861563,1.48209934201683,2.36107641044265
2020-05-06,2.03827438588721,1.64297947507891,0.83125410431714,2.06165726968965,3.43586204543222,2.76558387053373,0.865374297460299,1.74651515647684,1.54937840757396,1.31090663395226,1.38109443638012,1.63691889648405,1.55749350157773,1.95401709276452,1.55103419513389,2.41473723795271
2020-05-07,2.10438058218625,1.67397908781625,0.853129212325486,2.17529192234971,3.57706185551847,2.80709357215525,0.999988077065235,1.84007846843096,1.57446955587476,1.3715967558945,1.4287183824622,1.74461092914747,1.65620787843829,2.00635683632071,1.6429473326233,2.55425538947887
2020-05-08,2.18150447786847,1.8212272483186,0.875004320333832,2.28892657500977,3.74179496728577,2.87454683729022,1.03844915695236,1.99601732168782,1.58074234294995,1.38373478028294,1.46273548680653,1.80922614874553,1.70008093482076,2.0761431610623,1.68890390136801,2.61864838249094
2020-05-09,2.24761067416752,1.85222686105594,0.875004320333832,2.30921847727049,3.68296171308316,2.90049040080367,1.07691023683948,2.08958063364194,1.64347021370194,1.43228687783673,1.46273548680653,1.88461057160992,1.67814440662953,2.11975961402579,1.70039304355419,2.74743436851509
2020-05-10,2.44592926306465,1.92197598971495,0.962504752367215,2.39850284721768,3.76532826896681,2.95237752783057,1.15383239661373,2.02720509233919,1.73128923275471,1.51725304855586,1.50355601201974,2.08922543367043,1.722017463012,2.16337606698929,1.73486047011272,2.80109519602515
2020-05-11,2.52305315874687,1.92197598971495,1.00625496838391,2.50402073897345,3.85946147569098,2.99129287310074,1.21152401644442,2.02720509233919,1.81283546473229,1.63863329244033,1.57159022070842,2.09999463693677,1.76589051939447,2.31167200706517,1.71188218574037,2.92988118204929
2020-05-12,2.57814165566274,1.93747579608362,0.984379860375561,2.52025426078203,3.8712281265315,3.04318000012764,1.24998509633154,1.93364178038508,1.89438169670987,1.68718538999412,1.62601758765936,2.09999463693677,1.82073183987256,2.44252136595565,1.90719760290537,3.0264706715674
2020-05-13,2.68831864949448,2.00722492474263,1.02813007639225,2.62171377208566,3.88299477737202,3.04577435647899,1.26921563627511,1.9024540097337,1.92574563208586,1.71146143877101,1.65323127113483,2.11076384020312,1.87557316035065,2.51230769069724,1.93017588727773,3.03720283706941
2020-05-14,2.73238944702718,2.03047463429563,1.02813007639225,2.69070623977212,4.01242793661776,3.03799128742495,1.34613779604936,1.93364178038508,1.93829120623625,1.78428958510169,1.74167574243011,2.16460985653483,1.84266836806379,2.53847756247533,1.96464331383626,3.10159583008149
2020-05-15,2.84256644085892,2.12347347250764,1.09375540041729,2.80434089243218,4.08302784166089,3.05355742553302,1.36536833599292,1.9024540097337,2.01356465113863,1.83284168265548,1.79610310938105,2.28307109246459,1.87557316035065,2.59954059662423,1.95315417165008,3.24111398160764
2020-05-16,2.91969033654114,2.17772279479799,1.13750561643398,2.86521659921435,4.15362774670401,3.08209534539782,1.44229049576717,1.87126623908233,2.04492858651462,1.82070365826703,1.87094073893859,2.32614790552996,1.87557316035065,2.56464743425343,2.01059988258097,3.25184614710966
2020-05-17,2.98579653284018,2.20872240753532,1.15938072444233,2.91391716464009,4.27129425510923,3.05874613823571,1.4230599558236,1.93364178038508,2.08883809604101,1.84497970704393,1.89815442241406,2.4123015316607,1.82073183987256,2.55592414366073,2.06804559351185,3.25184614710966
2020-05-18,3.1069912260551,2.30172124574734,1.15938072444233,2.99508477368299,4.29482755679027,3.05355742553302,1.51921265554141,2.08958063364194,2.19547547631938,2.06346414603597,1.9729920519716,2.49845515779144,1.88654142444626,2.52975427188264,2.13698044662891,3.3806321331338
2020-05-19,3.17309742235414,2.40246998714369,1.20313094045902,3.02755181730015,4.17716104838506,3.06134049458706,1.59613481531566,2.18314394559605,2.21429383754498,1.99063599970529,1.94577836849613,2.53076276759047,1.77685878349009,2.56464743425343,2.21740444193215,3.40209646413782
2020-05-20,3.19513282112049,2.37147037440635,1.26875626448406,3.04784371956088,4.15362774670401,3.05615178188437,1.5769042753721,2.2455194868988,2.22056662462017,2.00277402409374,1.9321715267584,2.54153197085681,1.74395399120323,2.65188034018042,2.21740444193215,3.45575729164789
2020-05-21,3.28327441618588,2.36372047122201,1.26875626448406,3.07625238272589,4.2006943500661,3.03280257472226,1.65382643514635,2.27670725755017,2.28956728244736,2.03918809725908,1.96618863110274,2.53076276759047,1.65620787843829,2.71294337432931,2.29782843723539,3.45575729164789
2020-05-22,3.3603983118681,2.41021989032802,1.24688115647571,3.03566857820444,4.23599430258766,3.01723643661419,1.71151805497704,2.18314394559605,2.30211285659775,2.09987821920131,2.00020573544707,2.54153197085681,1.65620787843829,2.71294337432931,2.35527414816628,3.44502512614587
2020-05-23,3.3163275143354,2.42571969669669,1.24688115647571,3.02755181730015,4.27129425510923,3.02242514931688,1.78844021475129,2.08958063364194,2.38365908857533,2.20912043869733,1.9729920519716,2.53076276759047,1.75492225529885,2.7740064084782,2.33229586379392,3.43429296064386
2020-05-24,3.39345141001762,2.45671930943403,1.2906313724924,3.0681356218216,4.2006943500661,2.97053802228998,1.82690129463841,2.15195617494468,2.44638695932731,2.25767253625112,1.96618863110274,2.55230117412316,1.73298572710762,2.81762286144169,2.36676329035245,3.3806321331338
2020-05-25,3.48159300508302,2.41796979351235,1.24688115647571,3.15741999176879,4.11832779418245,2.98610416039805,1.86536237452553,2.12076840429331,2.42756859810172,2.31836265819335,1.94577836849613,2.58460878392218,1.80976357577694,2.95719551092487,2.41271985909716,3.43429296064386
2020-05-26,3.42650450816715,2.41796979351235,1.26875626448406,3.22641245945526,4.10656114334193,2.95237752783057,1.94228453429978,2.12076840429331,2.50911483007929,2.36691475574714,1.95938521023387,2.69230081658561,1.82073183987256,2.96591880151757,2.44718728565569,3.36989996763179
2020-05-27,3.51464610323254,2.45671930943403,1.33438158850909,3.29134654668958,4.07126119082036,2.97053802228998,2.01920669407403,2.15195617494468,2.52166040422969,2.42760487768938,1.9321715267584,2.77845444271635,1.86460489625503,2.97464209211027,2.42420900128334,3.34843563662776
2020-05-28,3.49261070446619,2.51096863172437,1.35625669651744,3.3116384489503,4.02419458745828,2.95497188418191,2.07689831390472,2.18314394559605,2.58438827498167,2.41546685330093,1.92536810588953,2.82153125578172,1.7878270475857,3.05315170744456,2.45867642784187,3.34843563662776
2020-05-29,3.63584079644745,2.44121950306536,1.40000691253413,3.28728816623743,3.96536133325567,2.91605653891174,2.09612885384828,2.02720509233919,2.63457057158326,2.40332882891248,1.91856468502066,2.74614683291732,1.82073183987256,3.04442841685186,2.51612213877275,3.34843563662776
2020-05-30,3.77907088842872,2.4722191158027,1.46563223655917,3.34004711211532,3.97712798409619,2.91605653891174,2.05766777396116,1.96482955103645,2.67848008110965,2.41546685330093,1.96618863110274,2.70307001985195,1.83170010396818,3.01825854507377,2.6425027028207,3.2947748091177
2020-05-31,3.73500009089602,2.50321872854003,1.40000691253413,3.29946330759387,3.93006138073411,2.86935812458753,2.03843723401759,1.96482955103645,2.65338893280885,2.40332882891248,2.01381257718481,2.60614719045487,1.83170010396818,3.03570512625916,2.61952441844835,3.26257831261167
2020-06-01,3.79008858781189,2.50321872854003,1.42188202054248,3.32381359030674,3.75356161812629,2.83563149202005,1.99997615413047,1.93364178038508,2.74120795186163,2.3305006825818,1.93897494762727,2.5630703773895,1.82073183987256,2.99208867329567,2.65399184500688,3.16598882309356
2020-06-02,3.85619478411094,2.47996901898703,1.5750077766009,3.36439739482819,3.65942841140212,2.76558387053373,2.11535939379184,1.93364178038508,2.72866237771123,2.31836265819335,1.952581789365,2.58460878392218,1.77685878349009,2.91357905796138,2.53910042314511,3.1981853195996
2020-06-03,3.86721248349411,2.47996901898703,1.68438331664263,3.36033901437604,3.61236180804003,2.66699832918262,2.05766777396116,2.02720509233919,2.81648139676401,2.37905278013559,1.94577836849613,2.57383958065584,1.76589051939447,2.87868589559059,2.59654613407599,3.15525665759155
2020-06-04,3.90026558164363,2.43346959988102,1.77188374867601,3.37251415573248,3.54176190299691,2.6254886275611,1.96151507424335,1.93364178038508,2.8352997579896,2.3305006825818,1.87774415980746,2.58460878392218,1.77685878349009,2.88740918618328,2.58505699188981,3.14452449208954
2020-06-05,3.96637177794268,2.39472008395935,1.79375885668435,3.31975520985459,3.36526214038909,2.58916763864227,1.94228453429978,1.99601732168782,2.77257188723762,2.3305006825818,1.83692363459425,2.49845515779144,1.74395399120323,2.84379273321979,2.67697012937923,2.96207767855533
2020-06-06,3.87823018287728,2.36372047122201,1.79375885668435,3.31569682940245,3.30642888618648,2.53209179891268,1.92305399435622,2.02720509233919,2.80393582261361,2.26981056063957,1.83012021372538,2.44460914145973,1.70008093482076,2.87868589559059,2.6425027028207,2.90841685104527
2020-06-07,3.87823018287728,2.41021989032802,1.79375885668435,3.29946330759387,3.20052902862179,2.50874259175058,1.99997615413047,1.96482955103645,2.78511746138802,2.25767253625112,1.87774415980746,2.4123015316607,1.73298572710762,2.86123931440519,2.60803527626217,2.90841685104527
2020-06-08,3.94433637917633,2.41796979351235,1.8156339646927,3.21423731809882,3.08286252021658,2.47761031553444,1.99997615413047,1.84007846843096,2.78511746138802,2.07560217042442,1.80970995111878,2.33691710879631,1.66717614253391,2.86123931440519,2.51612213877275,2.82255952702917
2020-06-09,3.9553540785595,2.31722105211601,1.77188374867601,3.22235407900311,3.10639582189762,2.40756269404813,1.98074561418691,1.71532738582547,2.76002631308722,2.13629229236665,1.84372705546312,2.29384029573094,1.77685878349009,2.83506944262709,2.47016557002804,2.80109519602515
2020-06-10,4.05451337300807,2.33272085848468,1.75000864066766,3.20612055719453,3.00049596433293,2.3427037852645,1.98074561418691,1.71532738582547,2.81648139676401,2.08774019481286,1.86413731806972,2.35845551532899,1.76589051939447,2.7827296990709,2.48165471221422,2.72597003751106
2020-06-11,4.03247797424172,2.30947114893167,1.8156339646927,3.16959513312523,2.88282945592771,2.30119408364298,1.92305399435622,1.59057630321998,2.80393582261361,2.02705007287063,1.83012021372538,2.33691710879631,1.82073183987256,2.7740064084782,2.41271985909716,2.71523787200905
2020-06-12,3.97738947732585,2.30947114893167,1.88125928871774,3.16553675267308,2.82399620172511,2.24671260026474,1.8845929144691,1.65295184452273,2.81020860968881,1.95422192653995,1.80290653024991,2.27230188919825,1.76589051939447,2.7565598272928,2.38974157472481,2.73670220301308
2020-06-13,3.90026558164363,2.34047076166901,1.90313439672608,3.15741999176879,2.80046290004407,2.22076903675129,1.78844021475129,1.74651515647684,2.79766303553841,1.84497970704393,1.82331679285652,2.32614790552996,1.67814440662953,2.66060363077312,2.41271985909716,2.80109519602515
2020-06-14,3.87823018287728,2.34047076166901,1.90313439672608,3.13306970905592,2.82399620172511,2.22855210580532,1.74997913486416,1.6841396151741,2.74748073893683,1.77215156071324,1.82331679285652,2.28307109246459,1.67814440662953,2.63443375899502,2.47016557002804,2.77963086502113
2020-06-15,3.83415938534459,2.32497095530034,1.99063482875947,3.05596048046517,2.83576285256563,2.15331577161632,1.71151805497704,1.80889069777959,2.69729844233524,1.7600135363248,1.82331679285652,2.28307109246459,1.64523961434267,2.54720085306803,2.43569814346951,2.76889869951911
2020-06-16,3.77907088842872,2.31722105211601,1.92500950473443,2.99914315413514,2.69456304247937,2.10921171364346,1.65382643514635,1.77770292712821,2.67220729403445,1.69932341438256,1.76208600503671,2.27230188919825,1.6013665579602,2.48613781891914,2.41271985909716,2.80109519602515
2020-06-17,3.77907088842872,2.247471923457,1.96875972075112,2.92203392554438,2.67102974079833,2.03138102310311,1.55767373542854,1.77770292712821,2.62202499743286,1.66290934121722,1.74847916329897,2.19691746633386,1.55749350157773,2.52103098128994,2.43569814346951,2.79036303052314
2020-06-18,3.81212398657824,2.20097250435099,1.96875972075112,2.82057441424076,2.56512988323364,2.02619231040042,1.49998211559785,1.65295184452273,2.55929712668088,1.67504736560567,1.78929968851218,2.11076384020312,1.57943002976897,2.44252136595565,2.30931757942157,2.71523787200905
2020-06-19,3.73500009089602,2.17772279479799,1.92500950473443,2.84086631650148,2.43569672398791,1.98208825242755,1.51921265554141,1.71532738582547,2.51538761715449,1.71146143877101,1.77569284677444,2.11076384020312,1.53555697338649,2.37273504121406,2.30931757942157,2.61864838249094
2020-06-20,3.63584079644745,2.13122337569198,1.85938418070939,2.76781546836287,2.44746337482843,1.95095597621141,1.53844319548498,1.6841396151741,2.44011417225211,1.63863329244033,1.74847916329897,2.11076384020312,1.50265218109964,2.38145833180676,2.29782843723539,2.5757197204829
2020-06-21,3.55871690076523,2.0692241502173,1.79375885668435,2.76781546836287,2.43569672398791,1.86793657296837,1.49998211559785,1.71532738582547,2.35856794027454,1.59008119488654,1.66003469200369,2.0569178238714,1.45877912471717,2.36401175062136,2.28633929504921,2.52205889297284
2020-06-22,3.54769920138206,2.0692241502173,1.72813353265932,2.70288138112856,2.42393007314739,1.81086073323878,1.61536535525923,1.65295184452273,2.24565777292097,1.54152909733275,1.68724837547917,2.12153304346946,1.40393780423908,2.32039529765787,2.30931757942157,2.51132672747082
2020-06-23,3.59176999891476,2.14672318206065,1.64063310062593,2.6704143375114,2.38863012062582,1.76935103161727,1.55767373542854,1.59057630321998,2.24565777292097,1.46870095100207,1.68724837547917,2.11076384020312,1.33812821966537,2.28550213528707,2.30931757942157,2.39327290694869
2020-06-24,3.56973460014841,2.07697405340164,1.48750734456751,2.61765539163351,2.36509681894478,1.75637924986054,1.69228751503347,1.55938853256861,2.15156596679299,1.40801082905984,1.70765863808577,2.06768702713775,1.27231863509167,2.27677884469437,2.20591529974597,2.33961207943863
2020-06-25,3.47057530569984,2.0692241502173,1.40000691253413,2.56489644575563,2.36509681894478,1.73303004269844,1.65382643514635,1.59057630321998,2.10765645726661,1.40801082905984,1.71446205895464,2.09999463693677,1.2284455787092,2.24188568232358,2.15995873100127,2.25375475542253
2020-06-26,3.43752220755032,1.99947502155829,1.35625669651744,2.55272130439919,2.3768634697853,1.69670905377961,1.69228751503347,1.49701299126586,2.09511088311621,1.3715967558945,1.66683811287256,2.07845623040409,1.20650905051796,2.19826922936008,2.05655645132567,2.21082609341449
2020-06-27,3.42650450816715,1.96072550563662,1.33438158850909,2.48778721716487,2.35333016810426,1.67076549026616,1.69228751503347,1.40344967931175,2.05747416066502,1.40801082905984,1.63282100852822,2.0569178238714,1.2284455787092,2.14592948580389,2.03357816695332,2.20009392791247
2020-06-28,3.43752220755032,1.99172511837396,1.33438158850909,2.46749531490415,2.34156351726374,1.64482192675271,1.61536535525923,1.341074138009,2.03238301236423,1.3473207071176,1.61241074592162,1.97076419774066,1.2284455787092,2.16337606698929,1.97613245602244,2.15716526590443
2020-06-29,3.33836291310175,1.92197598971495,1.37813180452578,2.47155369535629,2.24743031053957,1.64222757040136,1.5769042753721,1.37226190866038,2.05120137358982,1.3715967558945,1.61241074592162,1.97076419774066,1.2284455787092,2.11975961402579,1.99911074039479,2.15716526590443
2020-06-30,3.19513282112049,1.91422608653061,1.46563223655917,2.43908665173913,2.18859705633696,1.61109529418522,1.5769042753721,1.30988636735763,2.05120137358982,1.35945873150605,1.56478679983955,1.89537977487627,1.1077946736574,2.12848290461849,1.99911074039479,2.10350443839437
2020-07-01,3.04088502975605,1.88322647379328,1.44375712855082,2.40256122766983,2.212130358018,1.56439687986101,1.53844319548498,1.27869859670626,1.97592792868744,1.33518268272916,1.56478679983955,1.78768774221284,1.06392161727493,2.084866451655,1.97613245602244,2.01764711437827
2020-07-02,3.02986733037288,1.86772666742461,1.40000691253413,2.33356875998336,2.212130358018,1.54883074175294,1.51921265554141,1.18513528475214,1.96338235453705,1.27449256078692,1.58519706244615,1.81999535201187,0.943270712223132,2.00635683632071,1.87273017634684,1.98545061787223
2020-07-03,3.07393812790557,1.82897715150293,1.37813180452578,2.31733523817478,2.12976380213435,1.53585895999622,1.53844319548498,1.15394751410077,1.90692727086026,1.28663058517537,1.55798337897068,1.76614933568016,0.987143768605603,1.95401709276452,1.82677360760214,1.93178979036217
2020-07-04,3.1069912260551,1.74372821647526,1.37813180452578,2.30921847727049,2.11799715129383,1.52029282188815,1.5769042753721,1.09157197279803,1.85047218718348,1.23807848762158,1.55798337897068,1.72307252261479,0.998112032701221,1.98891025513531,1.7923061810436,1.89959329385614
2020-07-05,3.0188496309897,1.66622918463191,1.40000691253413,2.2645762922969,2.05916389709123,1.46840569486125,1.53844319548498,1.15394751410077,1.81283546473229,1.28663058517537,1.51716285375747,1.72307252261479,1.02004856089246,1.90167734920833,1.70039304355419,1.94252195586418
2020-07-06,2.99681423222335,1.6197297655259,1.42188202054248,2.22805086822759,2.07093054793175,1.47359440756394,1.5769042753721,1.1227597434494,1.88183612255947,1.25021651201003,1.51716285375747,1.66922650628308,0.965207240414368,1.87550747743023,1.65443647480948,1.8673967973501
2020-07-07,2.99681423222335,1.58098024960423,1.42188202054248,2.16311678099327,2.12976380213435,1.45802826945587,1.5769042753721,1.1227597434494,1.84419940010828,1.25021651201003,1.50355601201974,1.62614969321771,1.04198508908369,1.85806089624483,1.5969907638786,1.80300380433803
2020-07-08,2.86460183962527,1.5964800559729,1.44375712855082,2.13064973737611,2.08269719877227,1.43467906229376,1.59613481531566,1.02919643149528,1.86929054840907,1.23807848762158,1.45593206593767,1.62614969321771,1.03101682498807,1.71848824676165,1.56252333732007,1.781539473334
2020-07-09,2.78747794394305,1.54998063686689,1.40000691253413,2.14282487873255,2.09446384961279,1.3672257971588,1.53844319548498,1.02919643149528,1.81283546473229,1.17738836567935,1.38789785724899,1.59384208341868,0.987143768605603,1.64870192202006,1.57401247950624,1.73861081132595
2020-07-10,2.721371747644,1.52673092731389,1.42188202054248,2.05354050878536,2.22389700885852,1.34387658999669,1.46152103571073,0.99800866084391,1.80656267765709,1.15311231690245,1.36748759464239,1.59384208341868,0.998112032701221,1.64870192202006,1.493588484203,1.73861081132595
2020-07-11,2.62221245319544,1.51123112094522,1.42188202054248,2.07383241104608,2.16506375465592,1.34906530269938,1.44229049576717,0.966820890192538,1.80028989058189,1.15311231690245,1.38789785724899,1.56153447361965,1.02004856089246,1.62253205024197,1.42465363108594,1.72787864582394
2020-07-12,2.62221245319544,1.54223073368256,1.46563223655917,2.03730698697678,2.1532971038154,1.36463144080745,1.44229049576717,0.966820890192538,1.86929054840907,1.12883626812556,1.40830811985559,1.55076527035331,1.03101682498807,1.57891559727847,1.40167534671359,1.76007514232998
2020-07-13,2.53407085813004,1.58098024960423,1.48750734456751,2.02919022607249,2.10623050045331,1.34128223364535,1.46152103571073,1.06038420214665,1.84419940010828,1.10456021934867,1.38789785724899,1.52922686382062,1.00908029679684,1.53529914431498,1.33274049359653,1.71714648032193
2020-07-14,2.36880536738243,1.53448083049822,1.44375712855082,1.96831451929031,2.08269719877227,1.338687877294,1.36536833599292,1.09157197279803,1.81283546473229,1.12883626812556,1.35388075290465,1.52922686382062,1.02004856089246,1.56146901609308,1.298273067038,1.69568214931791
2020-07-15,2.29168147170021,1.60422995915724,1.50938245257586,1.95208099748173,2.09446384961279,1.33090480823997,1.30767671616223,1.02919643149528,1.79401710350669,1.11669824373711,1.31986364856031,1.52922686382062,1.1077946736574,1.50912927253688,1.35571877796888,1.69568214931791
2020-07-16,2.32473456984974,1.62747966871024,1.53125756058421,1.91961395386457,2.01209729372914,1.34647094634804,1.34613779604936,1.02919643149528,1.7877443164315,1.10456021934867,1.32666706942918,1.45384244095623,1.14069946594425,1.43934294779529,1.36720792015506,1.68494998381589
2020-07-17,2.29168147170021,1.60422995915724,1.48750734456751,1.86279662753455,1.91796408700497,1.32052738283459,1.30767671616223,1.02919643149528,1.79401710350669,1.12883626812556,1.29264996508484,1.4215348311572,1.15166773003987,1.44806623838799,1.3442296357827,1.72787864582394
2020-07-18,2.30269917108339,1.62747966871024,1.48750734456751,1.86279662753455,1.85913083280236,1.31793302648324,1.24998509633154,1.02919643149528,1.7626531681307,1.08028417057177,1.27223970247824,1.38922722135817,1.15166773003987,1.4131730760172,1.43614277327212,1.67421781831388
2020-07-19,2.22557527540117,1.58873015278857,1.50938245257586,1.84250472527382,1.81206422944028,1.28939510661845,1.30767671616223,1.06038420214665,1.72501644567951,1.08028417057177,1.2178123355273,1.3461504082928,1.1077946736574,1.360833332461,1.43614277327212,1.64202132180785
2020-07-20,2.19252217725165,1.5732303464199,1.42188202054248,1.83438796436953,1.92973073784549,1.25307411769962,1.23075455638798,0.966820890192538,1.64974300077714,1.03173207301798,1.18379523118296,1.33538120502646,1.15166773003987,1.360833332461,1.41316448889977,1.54543183228974
2020-07-21,2.23659297478434,1.55773054005123,1.40000691253413,1.79380415984808,1.96503069036705,1.25826283040231,1.24998509633154,0.966820890192538,1.59328791710035,0.971041951075751,1.17018838944523,1.36768881482549,1.18457252232672,1.35211004186831,1.39018620452741,1.53469966678773
2020-07-22,2.21455757601799,1.6197297655259,1.37813180452578,1.81815444256095,1.87089748364288,1.263451543105,1.30767671616223,0.966820890192538,1.61837906540114,0.958903926687304,1.12256444336315,1.3461504082928,1.23941384280481,1.34338675127561,1.36720792015506,1.60982482530181
2020-07-23,2.18150447786847,1.6197297655259,1.33438158850909,1.87091338843883,1.87089748364288,1.24529104864558,1.30767671616223,1.02919643149528,1.58701513002515,0.983179975464198,1.08854733901882,1.27076598542841,1.28328689918728,1.3782799136464,1.43614277327212,1.64202132180785
2020-07-24,2.13743368033577,1.58873015278857,1.35625669651744,1.85062148617811,1.91796408700497,1.24788540499693,1.26921563627511,1.02919643149528,1.59328791710035,1.03173207301798,1.06813707641221,1.28153518869475,1.20650905051796,1.4131730760172,1.4476319154583,1.5990926597998
2020-07-25,2.1264159809526,1.58873015278857,1.31250648050075,1.84656310572597,1.81206422944028,1.22972491053751,1.24998509633154,1.02919643149528,1.60583349125075,1.09242219496022,1.06813707641221,1.23845837562938,1.2284455787092,1.3957264948318,1.43614277327212,1.5990926597998
2020-07-26,2.14845137971895,1.63522957189457,1.2906313724924,1.85467986663025,1.78853092775924,1.22713055418617,1.28844617621867,0.966820890192538,1.61210627832595,1.00745602424109,1.05453023467448,1.24922757889572,1.20650905051796,1.44806623838799,1.40167534671359,1.57762832879577
2020-07-27,2.15946907910212,1.66622918463191,1.26875626448406,1.81815444256095,1.75323097523767,1.19080956526734,1.24998509633154,0.873257578238421,1.56819676879956,1.03173207301798,1.01370970946127,1.24922757889572,1.19554078642234,1.4218963666099,1.40167534671359,1.56689616329376
2020-07-28,2.15946907910212,1.67397908781625,1.24688115647571,1.83438796436953,1.6590977685135,1.20897005972675,1.24998509633154,0.842069807587049,1.56819676879956,1.05600812179488,1.02731655119901,1.19538156256401,1.11876293775302,1.44806623838799,1.43614277327212,1.60982482530181
2020-07-29,2.1704867784853,1.63522957189457,1.11563050842564,1.87497176889098,1.6590977685135,1.23750797959155,1.24998509633154,0.842069807587049,1.51174168512277,1.01959404862954,1.03411997206788,1.19538156256401,1.1077946736574,1.52657585372228,1.43614277327212,1.63128915630583
2020-07-30,2.19252217725165,1.65847928144758,1.18125583245067,1.83844634482168,1.62379781599194,1.25047976134827,1.23075455638798,0.810882036935677,1.54310562049877,1.04387009740643,1.06813707641221,1.21691996909669,1.11876293775302,1.56146901609308,1.50507762638918,1.67421781831388
2020-07-31,2.15946907910212,1.62747966871024,1.11563050842564,1.84250472527382,1.4943646567462,1.23750797959155,1.30767671616223,0.810882036935677,1.56819676879956,1.00745602424109,1.08174391814995,1.19538156256401,1.09682640956178,1.57019230668577,1.47061019983065,1.66348565281187
2020-08-01,2.15946907910212,1.66622918463191,1.11563050842564,1.81003768165666,1.54143126010829,1.21415877242944,1.30767671616223,0.810882036935677,1.51801447219797,1.03173207301798,1.07494049728108,1.19538156256401,1.07488988137055,1.52657585372228,1.41316448889977,1.63128915630583
2020-08-02,2.0823451834199,1.63522957189457,1.09375540041729,1.74510359442234,1.47083135506516,1.21415877242944,1.30767671616223,0.748506495632932,1.51801447219797,0.995317999852644,1.06133365554335,1.17384315603132,1.09682640956178,1.58763888787117,1.4476319154583,1.67421781831388
2020-08-03,2.14845137971895,1.53448083049822,1.15938072444233,1.68422788764017,1.50613130758672,1.20118699067272,1.24998509633154,0.686130954330188,1.53056004634837,1.00745602424109,1.08854733901882,1.13076634296595,1.06392161727493,1.57891559727847,1.43614277327212,1.65275348730986
2020-08-04,2.1264159809526,1.47248160502355,1.20313094045902,1.6598776049273,1.54143126010829,1.19080956526734,1.32690725610579,0.654943183678816,1.51174168512277,1.00745602424109,1.06813707641221,1.09845873316693,1.11876293775302,1.54402243490768,1.50507762638918,1.68494998381589
2020-08-05,2.11539828156943,1.44148199228621,1.13750561643398,1.6598776049273,1.50613130758672,1.17005471445658,1.26921563627511,0.623755413027444,1.52428725927317,0.995317999852644,1.06133365554335,1.10922793643327,1.03101682498807,1.58763888787117,1.50507762638918,1.66348565281187
2020-08-06,2.00522128773769,1.37948276681154,1.13750561643398,1.63958570266657,1.4943646567462,1.11557323107833,1.24998509633154,0.654943183678816,1.52428725927317,0.983179975464198,1.06133365554335,1.09845873316693,1.03101682498807,1.58763888787117,1.52805591076153,1.60982482530181
2020-08-07,1.93911509143864,1.37948276681154,1.24688115647571,1.63958570266657,1.51789795842725,1.12335630013237,1.23075455638798,0.654943183678816,1.50546889804758,0.922489853521963,1.1974020729207,1.08768952990059,1.03101682498807,1.54402243490768,1.56252333732007,1.5990926597998
2020-08-08,1.92809739205547,1.3717328636272,1.31250648050075,1.62741056131014,1.60026451431089,1.11038451837564,1.32690725610579,0.623755413027444,1.50546889804758,0.910351829133516,1.18379523118296,1.05538192010156,1.02004856089246,1.52657585372228,1.52805591076153,1.5990926597998
2020-08-09,1.92809739205547,1.31748354133686,1.2906313724924,1.59900189814512,1.61203116515142,1.11557323107833,1.26921563627511,0.654943183678816,1.49919611097238,0.922489853521963,1.17699181031409,1.0661511233679,1.04198508908369,1.48295940075879,1.56252333732007,1.57762832879577
2020-08-10,1.86199119575642,1.31748354133686,1.2906313724924,1.56247647407582,1.4943646567462,1.09222402391623,1.4230599558236,0.654943183678816,1.4364682402204,0.922489853521963,1.22461575639617,1.00153590376985,0.987143768605603,1.47423611016609,1.58550162169242,1.53469966678773
2020-08-11,1.79588499945738,1.31748354133686,1.31250648050075,1.53812619136295,1.50613130758672,1.0792522421595,1.38459887593648,0.654943183678816,1.4051043048444,0.958903926687304,1.28584654421598,1.00153590376985,0.965207240414368,1.4218963666099,1.52805591076153,1.54543183228974
2020-08-12,1.75181420192468,1.25548431586218,1.33438158850909,1.50971752819793,1.57673121262985,1.0792522421595,1.30767671616223,0.592567642376072,1.34864922116762,0.995317999852644,1.27904312334711,1.00153590376985,0.95423897631875,1.4131730760172,1.48209934201683,1.48103883927767
2020-08-13,1.70774340439199,1.21673479994051,1.33438158850909,1.48942562593721,1.56496456178933,1.06368610405144,1.26921563627511,0.561379871724699,1.34864922116762,0.958903926687304,1.35388075290465,1.04461271683522,0.95423897631875,1.43061965720259,1.43614277327212,1.44884234277163
2020-08-14,1.69672570500881,1.23998450949352,1.2906313724924,1.4975423868415,1.57673121262985,1.04811996594337,1.24998509633154,0.530192101073327,1.31101249871643,0.946765902298857,1.42191496159333,1.02307431030253,0.998112032701221,1.3695566230537,1.40167534671359,1.5132353357837
2020-08-15,1.71876110377516,1.23998450949352,1.37813180452578,1.48536724548506,1.58849786347037,1.02217640242992,1.21152401644442,0.467816559770583,1.29846692456603,0.922489853521963,1.38109443638012,0.979997497237161,0.943270712223132,1.33466346068291,1.43614277327212,1.45957450827364
2020-08-16,1.68570800562564,1.20898489675618,1.31250648050075,1.4529002018679,1.61203116515142,1.02477075878126,1.19229347650086,0.467816559770583,1.28592135041564,0.93462787791041,1.40830811985559,0.947689887438134,0.95423897631875,1.3782799136464,1.47061019983065,1.43811017726962
2020-08-17,1.60858410994342,1.17798528401884,1.40000691253413,1.46913372367648,1.60026451431089,1.01439333337588,1.19229347650086,0.43662878911921,1.25455741503965,0.898213804745069,1.41511154072446,0.936920684171791,0.95423897631875,1.43934294779529,1.56252333732007,1.39518151526157
2020-08-18,1.5314602142612,1.20123499357184,1.48750734456751,1.44072506051147,1.64733111767298,0.985855413511086,1.17306293655729,0.43662878911921,1.21692069258846,0.886075780356622,1.38109443638012,0.947689887438134,0.943270712223132,1.4044497854245,1.51656676857536,1.36298501875553
2020-08-19,1.52044251487803,1.17798528401884,1.50938245257586,1.39608287553787,1.70616437187559,0.967694919051671,1.15383239661373,0.405441018467838,1.24828462796445,0.898213804745069,1.35388075290465,0.926151480905449,0.998112032701221,1.31721687949751,1.48209934201683,1.35225285325352
2020-08-20,1.47637171734533,1.15473557446584,1.44375712855082,1.40014125599002,1.67086441935402,0.967694919051671,1.21152401644442,0.43662878911921,1.22319347966366,0.873937755968175,1.31306022769145,0.904613074372764,1.00908029679684,1.29104700771941,1.45912105764447,1.27712769473944
2020-08-21,1.54247791364437,1.1702353808345,1.44375712855082,1.40419963644216,1.70616437187559,0.978072344457051,1.11537131672661,0.405441018467838,1.16673839598687,0.93462787791041,1.31306022769145,0.926151480905449,1.00908029679684,1.32594017009021,1.52805591076153,1.30932419124547
2020-08-22,1.56451331241072,1.1237359617285,1.40000691253413,1.4163747777986,1.67086441935402,0.967694919051671,1.13460185667017,0.43662878911921,1.21064790551326,0.910351829133516,1.27904312334711,0.893843871106421,0.965207240414368,1.3695566230537,1.50507762638918,1.29859202574346
2020-08-23,1.60858410994342,1.1237359617285,1.42188202054248,1.4529002018679,1.72969767355663,0.949534424592257,1.17306293655729,0.467816559770583,1.18555675721247,0.93462787791041,1.32666706942918,0.915382277639106,0.965207240414368,1.34338675127561,1.50507762638918,1.22346686722938
2020-08-24,1.5314602142612,1.15473557446584,1.35625669651744,1.44478344096361,1.76499762607819,0.944345711889567,1.17306293655729,0.467816559770583,1.21064790551326,0.898213804745069,1.27904312334711,0.915382277639106,1.03101682498807,1.3695566230537,1.48209934201683,1.22346686722938
2020-08-25,1.56451331241072,1.19348509038751,1.31250648050075,1.46101696277219,1.72969767355663,0.957317493646292,1.13460185667017,0.499004330421955,1.22946626673885,0.873937755968175,1.30625680682258,0.958459090704476,1.02004856089246,1.3870032042391,1.45912105764447,1.18053820522133
2020-08-26,1.54247791364437,1.20123499357184,1.40000691253413,1.43666668005932,1.70616437187559,0.962506206348982,1.09614077678305,0.499004330421955,1.21692069258846,0.861799731579729,1.32666706942918,0.958459090704476,1.08585814546616,1.44806623838799,1.50507762638918,1.1590738742173
2020-08-27,1.5755310117939,1.23998450949352,1.46563223655917,1.43666668005932,1.72969767355663,1.00142155161916,1.07691023683948,0.43662878911921,1.21064790551326,0.849661707191282,1.27904312334711,0.958459090704476,1.08585814546616,1.46551281957339,1.56252333732007,1.1590738742173
2020-08-28,1.56451331241072,1.29423383178386,1.33438158850909,1.44478344096361,1.76499762607819,0.991044126213776,1.09614077678305,0.43662878911921,1.21692069258846,0.873937755968175,1.2178123355273,0.926151480905449,1.09682640956178,1.51785256312958,1.493588484203,1.08394871570322
2020-08-29,1.5755310117939,1.30973363815253,1.24688115647571,1.44478344096361,1.70616437187559,1.01698768972723,1.0192186170088,0.499004330421955,1.24828462796445,0.886075780356622,1.20420549378957,0.969228293970818,1.08585814546616,1.56146901609308,1.51656676857536,1.07321655020121
2020-08-30,1.60858410994342,1.32523344452119,1.22500604846736,1.44072506051147,1.72969767355663,0.991044126213776,1.07691023683948,0.43662878911921,1.27337577626524,0.861799731579729,1.2382225981339,0.936920684171791,1.06392161727493,1.59636217846387,1.50507762638918,1.13760954321328
2020-08-31,1.64163720809294,1.31748354133686,1.24688115647571,1.44072506051147,1.77676427691871,1.00920462067319,0.942296457234548,0.43662878911921,1.29846692456603,0.886075780356622,1.2178123355273,1.01230510703619,1.03101682498807,1.66614850320546,1.52805591076153,1.16980603971932
2020-09-01,1.68570800562564,1.30973363815253,1.15938072444233,1.44478344096361,1.71793102271611,1.02217640242992,0.942296457234548,0.374253247816466,1.33610364701722,0.861799731579729,1.14297470596976,0.969228293970818,1.07488988137055,1.65742521261276,1.51656676857536,1.18053820522133
2020-09-02,1.65265490747611,1.30198373496819,1.15938072444233,1.44072506051147,1.63556446683246,1.04033689688933,0.961526997178111,0.374253247816466,1.35492200824282,0.837523682802835,1.14977812683862,1.02307431030253,1.02004856089246,1.67487179379816,1.51656676857536,1.19127037072334
2020-09-03,1.61960180932659,1.30973363815253,1.24688115647571,1.4163747777986,1.67086441935402,1.05849739134874,0.942296457234548,0.374253247816466,1.39883151776921,0.886075780356622,1.10895760162542,1.00153590376985,1.00908029679684,1.63997863142736,1.58550162169242,1.23419903273139
2020-09-04,1.56451331241072,1.31748354133686,1.20313094045902,1.38796611463358,1.62379781599194,1.05071432229471,1.05767969689592,0.405441018467838,1.42392266607,0.837523682802835,1.04772681380561,1.01230510703619,0.976175504509986,1.66614850320546,1.60847990606477,1.20200253622535
2020-09-05,1.54247791364437,1.30973363815253,1.15938072444233,1.40419963644216,1.64733111767298,1.06109174770009,1.13460185667017,0.43662878911921,1.45528660144599,0.825385658414388,1.08174391814995,1.01230510703619,1.00908029679684,1.70104166557626,1.58550162169242,1.19127037072334
2020-09-06,1.56451331241072,1.30198373496819,1.18125583245067,1.41231639734645,1.60026451431089,1.06887481675413,1.11537131672661,0.405441018467838,1.48665053682198,0.825385658414388,1.06813707641221,1.01230510703619,1.04198508908369,1.65742521261276,1.58550162169242,1.25566336373541
2020-09-07,1.56451331241072,1.30973363815253,1.07188029240894,1.40419963644216,1.60026451431089,1.09222402391623,1.09614077678305,0.530192101073327,1.50546889804758,0.813247634025941,1.12936786423202,0.990766700503503,1.02004856089246,1.60508546905657,1.493588484203,1.25566336373541
2020-09-08,1.5755310117939,1.26323421904652,1.02813007639225,1.42854991915503,1.67086441935402,1.08703531121354,1.11537131672661,0.592567642376072,1.51801447219797,0.801109609637494,1.11576102249429,0.990766700503503,0.998112032701221,1.60508546905657,1.55103419513389,1.2449311982334
2020-09-09,1.58654871117707,1.30973363815253,1.07188029240894,1.44478344096361,1.64733111767298,1.10519580567295,1.19229347650086,0.623755413027444,1.51801447219797,0.7768335608606,1.12936786423202,0.979997497237161,0.976175504509986,1.63997863142736,1.57401247950624,1.2449311982334
2020-09-10,1.58654871117707,1.27098412223085,1.09375540041729,1.46507534322434,1.6590977685135,1.11557323107833,1.09614077678305,0.592567642376072,1.53056004634837,0.7768335608606,1.12256444336315,0.979997497237161,1.02004856089246,1.62253205024197,1.60847990606477,1.27712769473944
2020-09-11,1.5314602142612,1.27873402541519,1.15938072444233,1.4529002018679,1.63556446683246,1.10519580567295,1.15383239661373,0.623755413027444,1.54937840757396,0.74041948769526,1.10895760162542,0.958459090704476,1.00908029679684,1.57891559727847,1.60847990606477,1.27712769473944
2020-09-12,1.56451331241072,1.30198373496819,1.26875626448406,1.4163747777986,1.57673121262985,1.09741273661892,1.21152401644442,0.592567642376072,1.56819676879956,0.752557512083707,1.08854733901882,0.969228293970818,1.02004856089246,1.58763888787117,1.6429473326233,1.32005635674748
2020-09-13,1.56451331241072,1.30198373496819,1.31250648050075,1.44884182141576,1.54143126010829,1.10260144932161,1.19229347650086,0.561379871724699,1.55565119464916,0.74041948769526,1.06133365554335,0.947689887438134,1.02004856089246,1.57019230668577,1.61996904825095,1.36298501875553
2020-09-14,1.61960180932659,1.30198373496819,1.31250648050075,1.46913372367648,1.48259800590568,1.11816758742968,1.11537131672661,0.592567642376072,1.48037774974678,0.764695536472154,1.06813707641221,0.958459090704476,0.987143768605603,1.57891559727847,1.67741475918184,1.37371718425754
2020-09-15,1.60858410994342,1.27098412223085,1.2906313724924,1.44884182141576,1.45906470422464,1.11816758742968,1.15383239661373,0.561379871724699,1.4364682402204,0.7768335608606,1.04772681380561,0.883074667840079,0.965207240414368,1.59636217846387,1.61996904825095,1.39518151526157
2020-09-16,1.60858410994342,1.26323421904652,1.22500604846736,1.42854991915503,1.44729805338412,1.12076194378102,1.17306293655729,0.592567642376072,1.4113770919196,0.764695536472154,0.99329944685467,0.839997854774709,0.899397655840661,1.48295940075879,1.50507762638918,1.40591368076358
2020-09-17,1.68570800562564,1.26323421904652,1.18125583245067,1.4529002018679,1.47083135506516,1.1311393691864,1.23075455638798,0.654943183678816,1.4176498789948,0.813247634025941,1.05453023467448,0.807690244975682,0.932302448127514,1.51785256312958,1.50507762638918,1.47030667377565
2020-09-18,1.67469030624246,1.18573518720317,1.22500604846736,1.43260829960718,1.44729805338412,1.13373372553775,1.19229347650086,0.623755413027444,1.39255873069401,0.801109609637494,1.0069062885924,0.861536261307394,0.965207240414368,1.48295940075879,1.60847990606477,1.50250317028169
2020-09-19,1.72977880315833,1.17798528401884,1.31250648050075,1.42043315825074,1.41199810086255,1.10519580567295,1.19229347650086,0.592567642376072,1.34237643409242,0.801109609637494,1.06133365554335,0.829228651508367,0.965207240414368,1.43061965720259,1.53954505294771,1.53469966678773
2020-09-20,1.74079650254151,1.21673479994051,1.33438158850909,1.44072506051147,1.37669814834099,1.1311393691864,1.19229347650086,0.623755413027444,1.32983085994203,0.788971585249047,1.06133365554335,0.829228651508367,0.95423897631875,1.45678952898069,1.55103419513389,1.52396750128571
2020-09-21,1.76283190130786,1.23223460630918,1.33438158850909,1.46507534322434,1.4355314025436,1.11038451837564,1.19229347650086,0.686130954330188,1.31728528579163,0.788971585249047,1.02731655119901,0.807690244975682,0.976175504509986,1.4044497854245,1.51656676857536,1.52396750128571
2020-09-22,1.74079650254151,1.23223460630918,1.33438158850909,1.44478344096361,1.50613130758672,1.08444095486219,1.17306293655729,0.686130954330188,1.31728528579163,0.752557512083707,1.02731655119901,0.79692104170934,0.932302448127514,1.43061965720259,1.493588484203,1.48103883927767
2020-09-23,1.75181420192468,1.25548431586218,1.2906313724924,1.40014125599002,1.52966460926777,1.06109174770009,1.19229347650086,0.686130954330188,1.31728528579163,0.801109609637494,0.99329944685467,0.743075025377627,0.943270712223132,1.44806623838799,1.55103419513389,1.47030667377565
2020-09-24,1.7848673000742,1.30973363815253,1.18125583245067,1.39608287553787,1.42376475170308,1.04811996594337,1.23075455638798,0.654943183678816,1.30473971164123,0.813247634025941,0.952478921641464,0.807690244975682,0.976175504509986,1.4218963666099,1.50507762638918,1.43811017726962
2020-09-25,1.75181420192468,1.30198373496819,1.18125583245067,1.4163747777986,1.42376475170308,1.05330867864606,1.17306293655729,0.654943183678816,1.29219413749084,0.849661707191282,0.952478921641464,0.807690244975682,1.02004856089246,1.43934294779529,1.48209934201683,1.45957450827364
2020-09-26,1.76283190130786,1.31748354133686,1.22500604846736,1.36767421237286,1.44729805338412,1.04552560959202,1.13460185667017,0.686130954330188,1.27337577626524,0.898213804745069,0.952478921641464,0.807690244975682,1.03101682498807,1.3957264948318,1.50507762638918,1.48103883927767
2020-09-27,1.79588499945738,1.3484831540742,1.24688115647571,1.36767421237286,1.55319791094881,1.06109174770009,1.15383239661373,0.748506495632932,1.27337577626524,0.93462787791041,0.952478921641464,0.79692104170934,0.998112032701221,1.3957264948318,1.493588484203,1.39518151526157
2020-09-28,1.8289380976069,1.38723266999587,1.2906313724924,1.34332392965999,1.54143126010829,1.06368610405144,1.13460185667017,0.654943183678816,1.24201184088925,0.922489853521963,0.891248133821656,0.818459448242024,0.998112032701221,1.44806623838799,1.47061019983065,1.40591368076358
2020-09-29,1.8289380976069,1.3717328636272,1.31250648050075,1.36361583192071,1.42376475170308,1.0559030349974,1.13460185667017,0.623755413027444,1.20437511843806,0.910351829133516,0.925265238165994,0.829228651508367,0.998112032701221,1.49168269135149,1.43614277327212,1.43811017726962
2020-09-30,1.96115049020499,1.35623305725853,1.37813180452578,1.36361583192071,1.38846479918151,1.05330867864606,1.09614077678305,0.623755413027444,1.18555675721247,0.946765902298857,0.945675500772596,0.839997854774709,0.965207240414368,1.55274572550038,1.43614277327212,1.41664584626559
2020-10-01,1.96115049020499,1.41048237954887,1.35625669651744,1.31085688604283,1.4355314025436,1.06109174770009,1.17306293655729,0.686130954330188,1.18555675721247,0.946765902298857,1.0069062885924,0.893843871106421,0.888429391745043,1.56146901609308,1.36720792015506,1.40591368076358
2020-10-02,1.93911509143864,1.45698179865488,1.31250648050075,1.31897364694712,1.47083135506516,1.0559030349974,1.17306293655729,0.686130954330188,1.18555675721247,0.93462787791041,1.02731655119901,0.872305464573737,0.921334184031897,1.56146901609308,1.33274049359653,1.38444934975956
2020-10-03,1.92809739205547,1.43373208910188,1.20313094045902,1.33114878830355,1.55319791094881,1.06368610405144,1.11537131672661,0.71731872498156,1.14164724768608,0.971041951075751,1.06813707641221,0.883074667840079,0.910365919936279,1.52657585372228,1.30976220922417,1.39518151526157
2020-10-04,1.92809739205547,1.42598218591754,1.24688115647571,1.27838984242567,1.52966460926777,1.06887481675413,1.15383239661373,0.779694266284305,1.16046560891167,1.01959404862954,1.08174391814995,0.904613074372764,0.921334184031897,1.50040598194418,1.27529478266564,1.40591368076358
2020-10-05,1.8730088951396,1.42598218591754,1.24688115647571,1.26215632061709,1.51789795842725,1.09741273661892,1.13460185667017,0.71731872498156,1.12910167353568,1.01959404862954,1.07494049728108,0.872305464573737,0.965207240414368,1.44806623838799,1.24082735610711,1.39518151526157
2020-10-06,1.8730088951396,1.46473170183921,1.24688115647571,1.28650660332996,1.54143126010829,1.11297887472699,1.07691023683948,0.748506495632932,1.14164724768608,1.01959404862954,1.10895760162542,0.915382277639106,0.987143768605603,1.44806623838799,1.21784907173476,1.40591368076358
2020-10-07,1.99420358835451,1.51898102412956,1.24688115647571,1.31085688604283,1.56496456178933,1.12854501283506,1.11537131672661,0.71731872498156,1.17301118306207,1.00745602424109,1.16338496857636,0.947689887438134,1.04198508908369,1.46551281957339,1.21784907173476,1.48103883927767
2020-10-08,1.95013279082182,1.54223073368256,1.18125583245067,1.26621470106923,1.50613130758672,1.08703531121354,1.11537131672661,0.686130954330188,1.19810233136286,0.971041951075751,1.12256444336315,0.958459090704476,1.03101682498807,1.4218963666099,1.17189250299005,1.43811017726962
2020-10-09,1.97216818958816,1.5732303464199,1.18125583245067,1.26621470106923,1.48259800590568,1.07406352945682,1.09614077678305,0.748506495632932,1.19182954428766,0.983179975464198,1.14977812683862,0.926151480905449,0.987143768605603,1.4044497854245,1.10295764987299,1.45957450827364
2020-10-10,1.8730088951396,1.58098024960423,1.09375540041729,1.28244822287781,1.54143126010829,1.06887481675413,1.11537131672661,0.71731872498156,1.21064790551326,0.958903926687304,1.12936786423202,0.969228293970818,0.965207240414368,1.47423611016609,1.12593593424534,1.44884234277163
2020-10-11,1.88402659452277,1.61197986234157,1.13750561643398,1.26621470106923,1.54143126010829,1.10000709297026,1.07691023683948,0.686130954330188,1.23573905381405,0.971041951075751,1.12256444336315,1.00153590376985,1.02004856089246,1.46551281957339,1.10295764987299,1.4273780117676
2020-10-12,1.83995579699007,1.55773054005123,1.13750561643398,1.24592279880851,1.51789795842725,1.14151679459178,1.09614077678305,0.623755413027444,1.25455741503965,0.93462787791041,1.15658154770749,0.969228293970818,1.03101682498807,1.4131730760172,1.11444679205916,1.43811017726962
2020-10-13,1.8730088951396,1.54223073368256,1.13750561643398,1.28244822287781,1.50613130758672,1.15708293269985,1.13460185667017,0.654943183678816,1.27964856334044,0.958903926687304,1.16338496857636,1.00153590376985,1.07488988137055,1.4131730760172,1.1489142186177,1.44884234277163
2020-10-14,1.90606199328912,1.54998063686689,1.18125583245067,1.31491526649497,1.4943646567462,1.14411115094313,1.11537131672661,0.654943183678816,1.31101249871643,0.910351829133516,1.17018838944523,1.00153590376985,1.07488988137055,1.3870032042391,1.16040336080387,1.50250317028169
2020-10-15,1.96115049020499,1.53448083049822,1.20313094045902,1.2905649837821,1.56496456178933,1.15189421999716,1.09614077678305,0.654943183678816,1.28592135041564,0.861799731579729,1.19059865205183,0.915382277639106,1.05295335317931,1.3695566230537,1.1489142186177,1.47030667377565
2020-10-16,2.04929208527038,1.55773054005123,1.18125583245067,1.2540395597128,1.6590977685135,1.14411115094313,1.09614077678305,0.748506495632932,1.29219413749084,0.825385658414388,1.23141917726504,0.926151480905449,1.08585814546616,1.31721687949751,1.1948707873624,1.45957450827364
2020-10-17,2.01623898712086,1.5964800559729,1.13750561643398,1.2540395597128,1.6590977685135,1.15448857634851,1.07691023683948,0.686130954330188,1.28592135041564,0.788971585249047,1.2382225981339,0.936920684171791,1.09682640956178,1.35211004186831,1.20635992954858,1.52396750128571
2020-10-18,2.01623898712086,1.61197986234157,1.11563050842564,1.28244822287781,1.63556446683246,1.14151679459178,1.05767969689592,0.654943183678816,1.27337577626524,0.7768335608606,1.26543628160937,0.979997497237161,1.12973120184864,1.32594017009021,1.26380564047946,1.57762832879577
2020-10-19,2.06030978465356,1.58873015278857,1.0500051844006,1.29462336423425,1.67086441935402,1.13373372553775,1.05767969689592,0.623755413027444,1.29219413749084,0.801109609637494,1.25863286074051,0.969228293970818,1.14069946594425,1.27360042653402,1.32125135141035,1.52396750128571
2020-10-20,2.09336288280308,1.62747966871024,1.00625496838391,1.29462336423425,1.70616437187559,1.13632808188909,1.07691023683948,0.561379871724699,1.36746758239321,0.825385658414388,1.28584654421598,0.936920684171791,1.16263599413549,1.22126068297782,1.35571877796888,1.52396750128571
2020-10-21,1.97216818958816,1.67397908781625,0.853129212325486,1.28650660332996,1.76499762607819,1.11816758742968,1.15383239661373,0.530192101073327,1.34864922116762,0.7768335608606,1.34027391116692,0.969228293970818,1.21747731461358,1.16892093942163,1.36720792015506,1.5132353357837
2020-10-22,1.96115049020499,1.66622918463191,0.896879428342177,1.31491526649497,1.8238308802808,1.10519580567295,1.11537131672661,0.530192101073327,1.32983085994203,0.7768335608606,1.27904312334711,0.915382277639106,1.23941384280481,1.24743055475592,1.39018620452741,1.54543183228974
2020-10-23,1.98318588897134,1.64297947507891,0.918754536350523,1.29868174468639,1.83559753112132,1.11557323107833,1.09614077678305,0.530192101073327,1.34237643409242,0.788971585249047,1.25863286074051,0.904613074372764,1.23941384280481,1.30849358890481,1.42465363108594,1.58836049429779
2020-10-24,2.01623898712086,1.71272860373792,0.896879428342177,1.34332392965999,1.80029757859976,1.12854501283506,1.07691023683948,0.530192101073327,1.32983085994203,0.752557512083707,1.24502601900277,0.893843871106421,1.26135037099605,1.29977029831211,1.48209934201683,1.55616399779175
2020-10-25,2.00522128773769,1.72047850692225,0.765628780292103,1.35955745146857,1.8238308802808,1.14929986364582,0.980757537121673,0.499004330421955,1.31101249871643,0.691867390141472,1.22461575639617,0.893843871106421,1.2284455787092,1.35211004186831,1.52805591076153,1.53469966678773
2020-10-26,2.02725668650403,1.72822841010659,0.743753672283757,1.39202449508573,1.83559753112132,1.13373372553775,1.0192186170088,0.499004330421955,1.36119479531802,0.691867390141472,1.2178123355273,0.926151480905449,1.20650905051796,1.3870032042391,1.50507762638918,1.48103883927767
2020-10-27,2.03827438588721,1.73597831329092,0.743753672283757,1.38390773418144,1.87089748364288,1.09741273661892,1.03844915695236,0.467816559770583,1.37374036946841,0.716143438918366,1.21100891465843,0.958459090704476,1.2284455787092,1.31721687949751,1.5969907638786,1.48103883927767
2020-10-28,1.98318588897134,1.65847928144758,0.743753672283757,1.39202449508573,1.92973073784549,1.09481838026757,0.999988077065235,0.499004330421955,1.38001315654361,0.74041948769526,1.16338496857636,0.947689887438134,1.2942551632829,1.35211004186831,1.61996904825095,1.43811017726962
2020-10-29,2.00522128773769,1.60422995915724,0.765628780292103,1.41231639734645,1.95326403952653,1.09481838026757,0.980757537121673,0.467816559770583,1.34237643409242,0.716143438918366,1.16338496857636,0.958459090704476,1.2942551632829,1.3870032042391,1.61996904825095,1.47030667377565
2020-10-30,2.00522128773769,1.5732303464199,0.743753672283757,1.4163747777986,1.95326403952653,1.11297887472699,1.0192186170088,0.405441018467838,1.34237643409242,0.679729365753025,1.14977812683862,0.979997497237161,1.2942551632829,1.4131730760172,1.58550162169242,1.49177100477968
2020-10-31,2.02725668650403,1.58873015278857,0.700003456267065,1.40014125599002,1.92973073784549,1.1077901620243,1.0192186170088,0.405441018467838,1.37374036946841,0.716143438918366,1.14977812683862,0.958459090704476,1.33812821966537,1.3870032042391,1.52805591076153,1.5132353357837
2020-11-01,2.00522128773769,1.54223073368256,0.67812834825872,1.40419963644216,1.96503069036705,1.09222402391623,1.03844915695236,0.43662878911921,1.32983085994203,0.74041948769526,1.12936786423202,1.00153590376985,1.34909648376099,1.3782799136464,1.53954505294771,1.54543183228974
2020-11-02,2.07132748403673,1.56548044323556,0.656253240250374,1.42043315825074,1.94149738868601,1.0559030349974,1.05767969689592,0.467816559770583,1.28592135041564,0.752557512083707,1.14297470596976,1.01230510703619,1.37103301195223,1.4131730760172,1.61996904825095,1.49177100477968
2020-11-03,2.03827438588721,1.56548044323556,0.743753672283757,1.40419963644216,1.90619743616445,1.08703531121354,1.03844915695236,0.467816559770583,1.26710298919004,0.764695536472154,1.18379523118296,1.0661511233679,1.38200127604784,1.43061965720259,1.63145819043713,1.52396750128571
2020-11-04,2.07132748403673,1.58873015278857,0.700003456267065,1.44072506051147,1.94149738868601,1.1077901620243,0.999988077065235,0.499004330421955,1.26710298919004,0.752557512083707,1.21100891465843,1.08768952990059,1.45877912471717,1.46551281957339,1.67741475918184,1.55616399779175
2020-11-05,2.01623898712086,1.56548044323556,0.67812834825872,1.44884182141576,1.90619743616445,1.10000709297026,1.05767969689592,0.499004330421955,1.33610364701722,0.752557512083707,1.26543628160937,1.09845873316693,1.50265218109964,1.54402243490768,1.68890390136801,1.56689616329376
2020-11-06,2.04929208527038,1.58098024960423,0.67812834825872,1.51783428910222,1.80029757859976,1.13373372553775,0.999988077065235,0.374253247816466,1.31101249871643,0.788971585249047,1.26543628160937,1.11999713969961,1.45877912471717,1.62253205024197,1.68890390136801,1.63128915630583
2020-11-07,2.09336288280308,1.5964800559729,0.67812834825872,1.54624295226724,1.85913083280236,1.13892243824044,0.980757537121673,0.374253247816466,1.31101249871643,0.788971585249047,1.30625680682258,1.17384315603132,1.46974738881279,1.62253205024197,1.72337132792654,1.57762832879577
2020-11-08,2.13743368033577,1.58873015278857,0.721878564275411,1.55435971317153,1.90619743616445,1.16227164540254,1.05767969689592,0.343065477165094,1.34864922116762,0.788971585249047,1.31306022769145,1.16307395276498,1.48071565290841,1.65742521261276,1.67741475918184,1.64202132180785
2020-11-09,2.15946907910212,1.61197986234157,0.765628780292103,1.59900189814512,1.94149738868601,1.18562085256465,1.03844915695236,0.43662878911921,1.38001315654361,0.7768335608606,1.38109443638012,1.20615076583035,1.45877912471717,1.67487179379816,1.6429473326233,1.74934297682797
2020-11-10,2.20353987663482,1.63522957189457,0.787503888300448,1.59900189814512,1.95326403952653,1.21675312878079,0.961526997178111,0.561379871724699,1.33610364701722,0.752557512083707,1.41511154072446,1.24922757889572,1.49168391700402,1.72721153735435,1.6429473326233,1.74934297682797
2020-11-11,2.31371687046656,1.66622918463191,0.83125410431714,1.6152354199537,2.02386394456966,1.27901768121307,0.865374297460299,0.561379871724699,1.34864922116762,0.764695536472154,1.40830811985559,1.28153518869475,1.45877912471717,1.79699786209594,1.67741475918184,1.84593246634608
2020-11-12,2.32473456984974,1.66622918463191,0.765628780292103,1.66799436583159,2.00033064288862,1.30496124472652,0.826913217573175,0.499004330421955,1.38628594361881,0.788971585249047,1.43552180333106,1.29230439196109,1.44781086062155,1.78827457150324,1.68890390136801,1.87812896285211
2020-11-13,2.39084076614878,1.69722879736925,0.743753672283757,1.70451978990089,2.07093054793175,1.33609352094266,0.884604837403862,0.499004330421955,1.36746758239321,0.788971585249047,1.489949170282,1.33538120502646,1.43684259652593,1.79699786209594,1.66592561699566,1.8673967973501
2020-11-14,2.467964661831,1.70497870055358,0.809378996308794,1.69234464854446,2.08269719877227,1.34647094634804,0.923065917290986,0.530192101073327,1.4051043048444,0.788971585249047,1.50355601201974,1.35691961155915,1.44781086062155,1.84061431505944,1.65443647480948,1.87812896285211
2020-11-15,2.50101775998052,1.75147811965959,0.940629644358869,1.72075331170947,2.1532971038154,1.35684837175342,0.942296457234548,0.561379871724699,1.4301954531452,0.861799731579729,1.53757311636408,1.37845801809183,1.46974738881279,1.84933760565213,1.75783875448507,1.91032545935815
2020-11-16,2.49000006059735,1.7979775387656,0.940629644358869,1.70046140944875,2.14153045297487,1.36463144080745,0.942296457234548,0.623755413027444,1.39883151776921,0.873937755968175,1.54437653723295,1.39999642462452,1.48071565290841,1.87550747743023,1.78081703885743,2.01764711437827
2020-11-17,2.51203545936369,1.75147811965959,1.00625496838391,1.68828626809231,2.17683040549644,1.40873549878032,0.903835377347424,0.686130954330188,1.38628594361881,0.886075780356622,1.59200048331502,1.38922722135817,1.4149060683347,1.95401709276452,1.73486047011272,2.09277227289235
2020-11-18,2.55610625689639,1.79022763558126,1.0500051844006,1.73698683351805,2.14153045297487,1.42689599323973,0.961526997178111,0.686130954330188,1.34864922116762,0.93462787791041,1.64642785026596,1.43230403442354,1.37103301195223,2.01508012691341,1.82677360760214,2.08204010739034
2020-11-19,2.57814165566274,1.80572744194993,1.02813007639225,1.79786254030023,2.24743031053957,1.46840569486125,0.923065917290986,0.71731872498156,1.36746758239321,0.958903926687304,1.6804449546103,1.44307323768989,1.4149060683347,2.1110363234331,1.8957084607192,2.06057577638632
2020-11-20,2.63323015257861,1.8212272483186,1.02813007639225,1.84656310572597,2.30626356474217,1.47100005121259,0.942296457234548,0.71731872498156,1.4176498789948,0.995317999852644,1.7008552172169,1.44307323768989,1.44781086062155,2.16337606698929,1.95315417165008,2.0498436108843
2020-11-21,2.62221245319544,1.83672705468727,1.02813007639225,1.85062148617811,2.36509681894478,1.49694361472604,0.903835377347424,0.748506495632932,1.39883151776921,0.995317999852644,1.76208600503671,1.47538084748891,1.49168391700402,2.23316239173088,1.97613245602244,2.03911144538229
2020-11-22,2.63323015257861,1.82897715150293,0.984379860375561,1.8952636711517,2.40039677146634,1.52288717823949,0.884604837403862,0.842069807587049,1.42392266607,1.00745602424109,1.82331679285652,1.48615005075525,1.44781086062155,2.30294871647247,1.98762159820861,2.07130794188833
2020-11-23,2.65526555134496,1.83672705468727,1.07188029240894,1.91961395386457,2.50629662903103,1.60590658148253,0.884604837403862,0.873257578238421,1.47410496267158,1.09242219496022,1.84372705546312,1.47538084748891,1.56846176567335,2.40762820358485,1.91868674509155,2.31814774843461
2020-11-24,2.65526555134496,1.89872628016194,1.09375540041729,2.00483994335962,2.6004298357552,1.60850093783388,0.884604837403862,0.904445348889793,1.51174168512277,1.08028417057177,1.81651337198765,1.47538084748891,1.59039829386458,2.45124465654835,1.96464331383626,2.35034424494064
2020-11-25,2.74340714641035,1.89097637697761,1.13750561643398,2.00483994335962,2.67102974079833,1.64741628310405,0.903835377347424,0.904445348889793,1.49919611097238,1.08028417057177,1.87774415980746,1.57230367688599,1.57943002976897,2.45124465654835,1.8957084607192,2.29668341743058
2020-11-26,2.73238944702718,1.96847540882096,1.18125583245067,2.06571565014179,2.7651629475225,1.69152034107692,0.865374297460299,0.966820890192538,1.48665053682198,1.10456021934867,1.85053047633199,1.58307288015234,1.62330308615144,2.46869123773374,1.97613245602244,2.35034424494064
2020-11-27,2.721371747644,1.96847540882096,1.20313094045902,2.06165726968965,2.88282945592771,1.72265261729306,0.865374297460299,0.99800866084391,1.50546889804758,1.15311231690245,1.85733389720085,1.55076527035331,1.76589051939447,2.50358440010454,2.02208902476714,2.33961207943863
2020-11-28,2.7654425451767,1.98397521518962,1.18125583245067,2.10629945466324,2.85929615424667,1.75119053715785,0.923065917290986,1.02919643149528,1.49919611097238,1.17738836567935,1.84372705546312,1.53999606708697,1.73298572710762,2.57337072484613,1.96464331383626,2.36107641044265
2020-11-29,2.67730095011131,2.05372434384863,1.18125583245067,2.08600755240252,2.88282945592771,1.77194538796861,0.903835377347424,1.15394751410077,1.51801447219797,1.17738836567935,1.84372705546312,1.57230367688599,1.75492225529885,2.61698717780962,1.96464331383626,2.36107641044265
2020-11-30,2.69933634887765,2.06147424703297,1.13750561643398,2.11035783511539,2.9298960592898,1.7771341006713,0.942296457234548,1.15394751410077,1.52428725927317,1.21380243884469,1.82331679285652,1.62614969321771,1.84266836806379,2.67805021195852,1.97613245602244,2.30741558293259
2020-12-01,2.79849564332622,2.11572356932331,1.11563050842564,2.15905840054113,2.95342936097084,1.80307766418475,1.07691023683948,1.06038420214665,1.57446955587476,1.23807848762158,1.77569284677444,1.69076491281576,1.84266836806379,2.68677350255121,1.96464331383626,2.28595125192857
2020-12-02,2.78747794394305,2.10022376295464,1.22500604846736,2.18746706370614,2.96519601181136,1.76935103161727,1.09614077678305,1.15394751410077,1.63719742662674,1.29876860956382,1.82331679285652,1.66922650628308,1.9084779526375,2.69549679314391,1.96464331383626,2.28595125192857
2020-12-03,2.93070803592431,2.10022376295464,1.2906313724924,2.18746706370614,3.07109586937606,1.77194538796861,1.17306293655729,1.21632305540352,1.65601578785233,1.33518268272916,1.85053047633199,1.71230331934845,1.91944621673312,2.69549679314391,2.0450673091395,2.2215582589165
2020-12-04,3.0629204285224,2.09247385977031,1.33438158850909,2.21181734641901,3.03579591685449,1.83939865310358,1.24998509633154,1.24751082605489,1.68737972322833,1.39587280467139,1.87094073893859,1.72307252261479,1.97428753721121,2.72166666492201,2.06804559351185,2.20009392791247
2020-12-05,3.09597352667192,2.12347347250764,1.2906313724924,2.25240115094046,3.07109586937606,1.88350271107644,1.32690725610579,1.24751082605489,1.73756201982991,1.40801082905984,1.91856468502066,1.76614933568016,2.08397017816739,2.7827296990709,2.0450673091395,2.25375475542253
2020-12-06,3.19513282112049,2.28622143937867,1.20313094045902,2.28892657500977,3.11816247273814,1.91722934364393,1.38459887593648,1.21632305540352,1.80656267765709,1.44442490222518,1.90495784328293,1.74461092914747,2.16074802683671,2.84379273321979,2.01059988258097,2.2215582589165
2020-12-07,3.30530981495223,2.34047076166901,1.26875626448406,2.36603580360052,3.37702879122961,1.95355033256276,1.44229049576717,1.21632305540352,1.85047218718348,1.45656292661363,1.952581789365,1.7769185389465,2.2155893473148,2.84379273321979,2.10251302007038,2.25375475542253
2020-12-08,3.44853990693349,2.41021989032802,1.26875626448406,2.49184559761702,3.44762869627274,1.9846826087789,1.55767373542854,1.18513528475214,1.93201841916106,1.48083897539052,1.96618863110274,1.83076455527821,2.24849413960165,2.85251602381249,2.18293701537362,2.23229042441851
2020-12-09,3.53668150199889,2.46446921261836,1.31250648050075,2.52025426078203,3.62412845888056,2.03138102310311,1.53844319548498,1.21632305540352,2.03238301236423,1.46870095100207,1.96618863110274,1.89537977487627,2.30333546007974,2.84379273321979,2.13698044662891,2.35034424494064
2020-12-10,3.51464610323254,2.54971814764604,1.37813180452578,2.58518834801635,3.60059515719951,2.04175844850849,1.71151805497704,1.24751082605489,2.07629252189062,1.48083897539052,2.00700915631594,1.92768738467529,2.41301810103592,2.86996260499789,2.12549130444274,2.39327290694869
2020-12-11,3.6138053976811,2.64271698585805,1.42188202054248,2.64606405479853,3.70649501476421,2.07807943742732,1.74997913486416,1.341074138009,2.11392924434181,1.48083897539052,2.02061599805368,1.91691818140895,2.50076421380086,2.92230234855408,2.20591529974597,2.46839806546277
2020-12-12,3.69092929336332,2.77446533999174,1.50938245257586,2.73940680519786,3.80062822148838,2.15331577161632,1.78844021475129,1.40344967931175,2.17038432801859,1.56580514610965,1.952581789365,1.89537977487627,2.50076421380086,2.93974892973948,2.24038272630451,2.50059456196881
2020-12-13,3.80110628719506,2.82096475909775,1.50938245257586,2.75969870745858,3.82416152316942,2.17925933512977,1.84613183458197,1.30988636735763,2.21429383754498,1.60221921927499,1.99340231457821,1.88461057160992,2.56657379837457,2.93102563914678,2.32080672160774,2.46839806546277
2020-12-14,3.90026558164363,2.9449632100471,1.48750734456751,2.81651603378862,3.78886157064785,2.16888190972439,1.92305399435622,1.30988636735763,2.32720400489855,1.60221921927499,2.04102626066028,1.92768738467529,2.54463727018333,2.93974892973948,2.37825243253863,2.38254074144668
2020-12-15,4.02146027485855,2.99921253233744,1.44375712855082,2.84898307740577,3.74179496728577,2.20520289864322,1.99997615413047,1.30988636735763,2.46520532055291,1.68718538999412,2.14307757369329,1.97076419774066,2.63238338294828,3.06187499803726,2.42420900128334,2.42546940345473
2020-12-16,4.12061956930711,3.06896166099645,1.40000691253413,2.93826744735296,3.82416152316942,2.25190131296743,2.15382047367897,1.341074138009,2.55302433960568,1.7600135363248,2.14988099456216,1.92768738467529,2.59947859066142,3.10549145100075,2.52761128095893,2.54352322397686
2020-12-17,4.21977886375568,3.23945953105181,1.35625669651744,3.00320153458728,3.91829472989359,2.29341101458895,2.17305101362253,1.30988636735763,2.60320663620727,1.83284168265548,2.2043083615131,2.08922543367043,2.66528817523513,3.17527777574234,2.52761128095893,2.66157704449899
2020-12-18,4.30792045882107,3.33245836926382,1.50938245257586,3.11683618724734,3.93006138073411,2.35826992337257,2.24997317339678,1.37226190866038,2.64711614573365,1.86925575582082,2.26553914933291,2.14307145000214,2.5885103265658,3.21017093811314,2.57356784970364,2.64011271349497
2020-12-19,4.36300895573694,3.40995740110717,1.55313266859255,3.18988703538595,3.98889463493672,2.43091190121023,2.19228155356609,1.37226190866038,2.70984401648564,1.86925575582082,2.28594941193951,2.19691746633386,2.65431991113951,3.27123397226203,2.68845927156541,2.70450570650704
2020-12-20,4.50623904771821,3.51845604568785,1.5750077766009,3.28322978578529,4.0359612382988,2.50355387904789,2.21151209350965,1.40344967931175,2.72238959063603,1.86925575582082,2.36759046236592,2.14307145000214,2.68722470342636,3.29740384404013,2.89526383091659,2.71523787200905
2020-12-21,4.47318594956868,3.51070614250352,1.66250820863428,3.28728816623743,4.04772788913932,2.58657328229093,2.32689533317103,1.40344967931175,2.77884467431282,2.02705007287063,2.40841098757913,2.12153304346946,2.77497081619131,3.42825320293061,3.01015525277836,2.76889869951911
2020-12-22,4.47318594956868,3.63470459345287,1.68438331664263,3.34816387301961,4.15362774670401,2.65662090377724,2.36535641305815,1.37226190866038,2.79139024846321,2.06346414603597,2.46283835453007,2.21845587286654,2.74206602390445,3.5067628182649,3.13653581682631,2.98354200955935
2020-12-23,4.5503098452509,3.83620207624556,1.68438331664263,3.36439739482819,4.2006943500661,2.71110238715549,2.38458695300171,1.37226190866038,2.87293648044079,2.09987821920131,2.4356246710546,2.27230188919825,2.84078040076502,3.56782585241379,3.2399380965019,3.04793500257143
2020-12-24,4.68252223784899,3.92145101127324,1.77188374867601,3.45368176477538,4.23599430258766,2.78633872134449,2.30766479322747,1.40344967931175,2.93566435119277,2.1241542679782,2.46964177539894,2.23999427939922,2.96143130581681,3.63761217715538,3.22844895431572,3.23038181610563
2020-12-25,4.82575232983026,3.93695081764191,1.88125928871774,3.48209042794039,4.29482755679027,2.74223466337163,2.23074263345322,1.43463744996312,2.97330107364396,2.1484303167551,2.46283835453007,2.25076348266557,2.98336783400805,3.70739850189697,3.36631866054985,3.3806321331338
2020-12-26,4.94694702304517,3.99120013993225,1.90313439672608,3.51049909110541,4.47132731939809,2.76039515783104,2.15382047367897,1.40344967931175,2.99211943486956,2.20912043869733,2.44923151279234,2.22922507613288,3.00530436219928,3.70739850189697,3.46972094022544,3.39136429863581
2020-12-27,5.02407091872739,4.00669994630092,1.99063482875947,3.58354993924402,4.61252712948434,2.82006535391198,2.24997317339678,1.40344967931175,3.03602894439595,2.24553451186267,2.47644519626781,2.30460949899728,3.02724089039052,3.69867521130427,3.51567750897015,3.45575729164789
2020-12-28,5.04610631749374,4.08419897814427,2.03438504477616,3.62007536331332,4.5889938278033,2.86676376823619,2.2884342532839,1.40344967931175,3.14893911174951,2.28194858502801,2.53767598408762,2.33691710879631,3.16982832363355,3.80335469841665,3.5386557933425,3.45575729164789
2020-12-29,5.14526561194231,4.06094926859126,2.0562601527845,3.64442564602619,4.60076047864382,2.87714119364156,2.24997317339678,1.40344967931175,3.22421255665189,2.28194858502801,2.56488966756309,2.33691710879631,3.29047922868535,3.92548076671444,3.44674265585309,3.53088245016197
2020-12-30,5.13424791255913,4.13844830043461,1.99063482875947,3.64442564602619,4.51839392276017,2.86157505553349,2.32689533317103,1.40344967931175,3.28694042740387,2.34263870697025,2.62612045538289,2.32614790552996,3.27951096458973,3.95165063849253,3.50418836678397,3.43429296064386
2020-12-31,5.35460190022261,4.18494771954061,1.94688461274278,3.62413374376547,4.60076047864382,2.9082734698577,2.24997317339678,1.341074138009,3.29321321447907,2.39119080452404,2.61251361364516,2.34768631206265,3.19176485182478,3.97782051027063,3.48121008241162,3.55234678116599
