,Chepica,Chimbarongo,Codegua,Coinco,Coltauco,Donihue,Graneros,La Estrella,Las Cabras,Litueche,Lolol,Machali,Malloa,Marchihue,Mostazal,Nancagua,Navidad,Olivar,Palmilla,Paredones,Peralillo,Peumo,Pichidegua,Pichilemu,Placilla,Pumanque,Quinta de Tilcoco,Rancagua,Rengo,Requinoa,San Fernando,San Vicente,Santa Cruz,Desconocido O’Higgins
2020-04-01,0.0,0.0,0.0,0.0,0.0,0.0,0.0,0.0,0.0,0.0,0.0,6.0,0.0,0.0,0.0,0.0,0.0,0.0,0.0,0.0,0.0,0.0,0.0,0.0,0.0,0.0,0.0,0.0,0.0,0.0,4.0,0.0,0.0,0.0
2020-04-03,0.0,0.0,0.0,0.0,0.0,0.0,0.0,0.0,0.0,0.0,0.0,1.0,0.0,0.0,0.0,0.0,0.0,0.0,0.0,0.0,0.0,0.0,0.0,0.0,0.0,0.0,0.0,2.0,0.0,0.0,0.0,4.0,0.0,0.0
2020-04-06,0.0,0.0,0.0,0.0,0.0,0.0,0.0,0.0,0.0,0.0,0.0,1.0,0.0,0.0,0.0,0.0,0.0,0.0,0.0,0.0,0.0,0.0,0.0,0.0,0.0,0.0,0.0,6.0,0.0,0.0,0.0,0.0,0.0,0.0
2020-04-08,0.0,0.0,0.0,0.0,0.0,0.0,0.0,0.0,0.0,0.0,0.0,0.0,0.0,0.0,0.0,0.0,0.0,0.0,0.0,0.0,0.0,0.0,0.0,0.0,0.0,0.0,0.0,0.0,0.0,0.0,0.0,0.0,0.0,0.0
2020-04-10,0.0,0.0,0.0,0.0,0.0,0.0,0.0,0.0,0.0,0.0,0.0,0.0,0.0,0.0,0.0,0.0,0.0,0.0,0.0,0.0,0.0,0.0,0.0,0.0,0.0,0.0,0.0,0.0,0.0,0.0,0.0,0.0,0.0,0.0
2020-04-13,0.0,2.0,0.0,0.0,0.0,0.0,0.0,0.0,0.0,0.0,0.0,0.0,0.0,0.0,0.0,0.0,0.0,6.0,0.0,0.0,0.0,1.0,0.0,0.0,1.0,0.0,3.0,0.0,1.0,1.0,0.0,0.0,2.0,0.0
2020-04-15,0.0,2.0,0.0,0.0,0.0,0.0,0.0,0.0,1.0,0.0,0.0,0.0,0.0,0.0,0.0,0.0,0.0,1.0,0.0,0.0,0.0,0.0,0.0,0.0,1.0,0.0,0.0,0.0,0.0,0.0,1.0,0.0,0.0,0.0
2020-04-17,0.0,0.0,0.0,0.0,0.0,0.0,0.0,0.0,0.0,0.0,0.0,1.0,0.0,0.0,0.0,0.0,0.0,0.0,0.0,0.0,0.0,0.0,0.0,0.0,0.0,0.0,0.0,0.0,0.0,0.0,0.0,0.0,0.0,0.0
2020-04-20,0.0,-2.0,1.0,0.0,0.0,0.0,0.0,0.0,0.0,0.0,0.0,1.0,0.0,0.0,0.0,0.0,0.0,-1.0,0.0,0.0,0.0,0.0,0.0,0.0,-1.0,0.0,-2.0,7.0,1.0,1.0,1.0,0.0,-1.0,0.0
2020-04-24,0.0,0.0,0.0,1.0,0.0,1.0,2.0,0.0,2.0,1.0,0.0,6.0,0.0,0.0,0.0,0.0,0.0,0.0,0.0,0.0,0.0,0.0,0.0,0.0,0.0,0.0,0.0,6.0,1.0,1.0,-1.0,0.0,1.0,0.0
2020-04-27,0.0,0.0,0.0,0.0,0.0,0.0,0.0,0.0,0.0,2.0,0.0,0.0,0.0,0.0,0.0,0.0,0.0,0.0,0.0,0.0,0.0,0.0,0.0,0.0,0.0,0.0,0.0,4.0,4.0,1.0,0.0,0.0,0.0,0.0
2020-05-01,0.0,0.0,1.0,0.0,0.0,1.0,0.0,0.0,1.0,4.0,0.0,0.0,0.0,0.0,0.0,1.0,2.0,0.0,0.0,0.0,0.0,1.0,0.0,0.0,0.0,0.0,0.0,6.0,1.0,0.0,0.0,4.0,0.0,0.0
2020-05-04,0.0,0.0,0.0,0.0,0.0,0.0,0.0,0.0,6.0,1.0,0.0,0.0,0.0,0.0,1.0,0.0,0.0,0.0,0.0,0.0,0.0,0.0,0.0,0.0,0.0,0.0,0.0,7.0,2.0,0.0,1.0,1.0,0.0,0.0
2020-05-08,0.0,0.0,0.0,1.0,1.0,2.0,8.0,0.0,0.0,0.0,0.0,3.0,0.0,0.0,0.0,0.0,0.0,0.0,0.0,0.0,0.0,1.0,1.0,0.0,0.0,0.0,0.0,16.0,-1.0,1.0,0.0,2.0,0.0,0.0
2020-05-11,0.0,0.0,1.0,0.0,2.0,2.0,7.0,0.0,0.0,0.0,0.0,1.0,0.0,0.0,2.0,1.0,2.0,1.0,0.0,0.0,0.0,0.0,0.0,1.0,0.0,0.0,0.0,21.0,2.0,0.0,0.0,3.0,1.0,0.0
2020-05-15,1.0,3.0,0.0,2.0,6.0,4.0,6.0,0.0,2.0,1.0,0.0,4.0,1.0,0.0,1.0,1.0,4.0,6.0,0.0,0.0,0.0,1.0,1.0,0.0,1.0,0.0,0.0,46.0,3.0,3.0,4.0,6.0,2.0,0.0
2020-05-18,2.0,0.0,1.0,1.0,7.0,4.0,4.0,0.0,0.0,0.0,1.0,2.0,1.0,0.0,3.0,1.0,0.0,1.0,0.0,2.0,0.0,0.0,3.0,3.0,2.0,0.0,1.0,42.0,7.0,1.0,4.0,5.0,1.0,0.0
2020-05-22,3.0,1.0,2.0,3.0,0.0,6.0,5.0,0.0,1.0,2.0,2.0,3.0,0.0,0.0,0.0,1.0,2.0,2.0,0.0,0.0,2.0,1.0,1.0,1.0,0.0,0.0,0.0,25.0,1.0,1.0,0.0,10.0,5.0,0.0
2020-05-25,0.0,5.0,0.0,1.0,1.0,3.0,4.0,0.0,0.0,0.0,0.0,8.0,1.0,0.0,2.0,3.0,0.0,2.0,3.0,0.0,0.0,1.0,2.0,3.0,2.0,0.0,0.0,48.0,5.0,0.0,3.0,5.0,1.0,0.0
2020-05-29,0.0,5.0,2.0,5.0,5.0,8.0,9.0,0.0,2.0,0.0,0.0,7.0,1.0,0.0,4.0,4.0,0.0,1.0,0.0,0.0,0.0,1.0,1.0,0.0,0.0,0.0,0.0,83.0,8.0,9.0,8.0,3.0,1.0,0.0
2020-06-01,2.0,3.0,1.0,0.0,3.0,1.0,0.0,0.0,0.0,0.0,0.0,5.0,0.0,0.0,3.0,1.0,1.0,1.0,0.0,0.0,1.0,0.0,2.0,1.0,1.0,1.0,0.0,28.0,3.0,1.0,9.0,2.0,2.0,0.0
2020-06-05,-2.0,4.0,2.0,3.0,3.0,3.0,2.0,1.0,5.0,2.0,7.0,17.0,0.0,1.0,4.0,3.0,2.0,5.0,1.0,0.0,3.0,0.0,1.0,2.0,1.0,0.0,2.0,88.0,9.0,11.0,12.0,6.0,4.0,0.0
2020-06-08,2.0,9.0,3.0,2.0,2.0,10.0,14.0,0.0,3.0,1.0,1.0,22.0,0.0,3.0,10.0,2.0,5.0,2.0,0.0,1.0,3.0,1.0,0.0,3.0,5.0,0.0,0.0,105.0,4.0,5.0,11.0,1.0,3.0,0.0
2020-06-12,1.0,10.0,4.0,4.0,3.0,5.0,11.0,2.0,0.0,4.0,1.0,12.0,4.0,0.0,4.0,9.0,2.0,3.0,2.0,1.0,12.0,1.0,3.0,1.0,3.0,0.0,1.0,195.0,31.0,7.0,14.0,15.0,13.0,0.0
2020-06-15,12.0,4.0,7.0,3.0,6.0,6.0,24.0,4.0,3.0,3.0,3.0,19.0,1.0,3.0,14.0,16.0,7.0,6.0,4.0,2.0,8.0,3.0,0.0,1.0,4.0,1.0,2.0,162.0,16.0,8.0,9.0,14.0,11.0,0.0
2020-06-19,16.0,11.0,14.0,10.0,12.0,37.0,57.0,4.0,14.0,15.0,9.0,99.0,14.0,5.0,40.0,6.0,15.0,24.0,5.0,3.0,7.0,3.0,9.0,5.0,9.0,1.0,7.0,817.0,92.0,47.0,31.0,41.0,19.0,122.0
2020-06-23,13.0,14.0,18.0,8.0,20.0,45.0,54.0,0.0,17.0,10.0,3.0,128.0,2.0,0.0,24.0,1.0,9.0,10.0,4.0,2.0,4.0,2.0,9.0,9.0,0.0,1.0,10.0,756.0,81.0,41.0,25.0,42.0,12.0,28.0
2020-06-28,8.0,19.0,27.0,15.0,10.0,48.0,50.0,9.0,29.0,9.0,12.0,194.0,17.0,0.0,28.0,4.0,1.0,27.0,7.0,0.0,1.0,5.0,21.0,4.0,3.0,0.0,16.0,780.0,110.0,65.0,54.0,41.0,11.0,-150.0
2020-07-01,8.0,9.0,13.0,5.0,9.0,21.0,21.0,5.0,10.0,2.0,1.0,87.0,4.0,1.0,10.0,2.0,0.0,15.0,1.0,0.0,2.0,1.0,7.0,1.0,3.0,0.0,9.0,377.0,35.0,18.0,20.0,13.0,4.0,168.0
2020-07-05,13.0,14.0,16.0,6.0,9.0,57.0,28.0,5.0,25.0,4.0,5.0,104.0,6.0,0.0,21.0,10.0,0.0,20.0,1.0,0.0,4.0,2.0,18.0,1.0,5.0,0.0,10.0,526.0,103.0,37.0,34.0,31.0,15.0,-39.0
2020-07-10,19.0,16.0,13.0,12.0,20.0,31.0,57.0,1.0,16.0,12.0,0.0,71.0,9.0,3.0,22.0,8.0,20.0,36.0,4.0,3.0,1.0,4.0,22.0,9.0,10.0,0.0,12.0,538.0,169.0,37.0,50.0,29.0,20.0,-43.0
2020-07-13,13.0,9.0,9.0,7.0,3.0,12.0,26.0,0.0,23.0,0.0,0.0,33.0,11.0,1.0,9.0,5.0,-1.0,5.0,1.0,0.0,1.0,8.0,10.0,3.0,2.0,0.0,7.0,250.0,59.0,20.0,19.0,28.0,6.0,11.0
2020-07-17,17.0,12.0,28.0,4.0,17.0,29.0,20.0,0.0,10.0,0.0,0.0,41.0,12.0,2.0,18.0,4.0,3.0,6.0,4.0,1.0,2.0,7.0,12.0,2.0,3.0,0.0,5.0,221.0,92.0,28.0,29.0,22.0,16.0,-1.0
2020-07-20,7.0,7.0,7.0,6.0,10.0,21.0,10.0,2.0,11.0,1.0,0.0,15.0,5.0,3.0,3.0,3.0,2.0,2.0,0.0,4.0,2.0,8.0,4.0,3.0,1.0,0.0,3.0,100.0,16.0,3.0,13.0,15.0,1.0,-6.0
2020-07-24,4.0,10.0,19.0,7.0,25.0,16.0,31.0,1.0,9.0,3.0,1.0,43.0,15.0,5.0,9.0,5.0,0.0,8.0,2.0,1.0,0.0,8.0,12.0,1.0,6.0,0.0,9.0,211.0,55.0,18.0,38.0,63.0,16.0,-4.0
2020-07-27,9.0,8.0,6.0,4.0,19.0,7.0,6.0,0.0,4.0,1.0,0.0,11.0,10.0,0.0,4.0,0.0,-1.0,6.0,0.0,0.0,0.0,2.0,10.0,0.0,2.0,0.0,9.0,78.0,48.0,11.0,29.0,20.0,10.0,3.0
2020-07-31,4.0,10.0,6.0,1.0,12.0,17.0,8.0,1.0,7.0,1.0,2.0,20.0,13.0,2.0,11.0,3.0,0.0,3.0,4.0,2.0,1.0,5.0,12.0,0.0,0.0,0.0,3.0,42.0,20.0,15.0,27.0,30.0,13.0,10.0
2020-08-03,-1.0,3.0,5.0,5.0,21.0,17.0,4.0,1.0,10.0,3.0,1.0,21.0,2.0,0.0,6.0,2.0,1.0,9.0,3.0,2.0,5.0,4.0,5.0,0.0,0.0,0.0,5.0,60.0,18.0,10.0,23.0,19.0,18.0,2.0
2020-08-07,4.0,9.0,16.0,6.0,19.0,10.0,12.0,0.0,15.0,8.0,7.0,10.0,1.0,0.0,6.0,5.0,0.0,6.0,8.0,5.0,2.0,14.0,47.0,0.0,2.0,0.0,9.0,122.0,46.0,15.0,53.0,37.0,21.0,-14.0
2020-08-10,2.0,6.0,4.0,3.0,22.0,3.0,14.0,0.0,21.0,0.0,1.0,15.0,6.0,0.0,8.0,9.0,0.0,10.0,5.0,1.0,1.0,7.0,29.0,1.0,3.0,0.0,6.0,150.0,61.0,6.0,30.0,71.0,21.0,0.0
2020-08-14,5.0,7.0,6.0,9.0,12.0,15.0,31.0,0.0,27.0,4.0,2.0,13.0,8.0,1.0,8.0,1.0,0.0,11.0,7.0,1.0,1.0,8.0,28.0,0.0,3.0,1.0,1.0,138.0,67.0,9.0,43.0,59.0,26.0,-1.0
2020-08-17,3.0,0.0,10.0,-5.0,16.0,9.0,15.0,1.0,15.0,0.0,2.0,7.0,0.0,0.0,4.0,4.0,0.0,8.0,4.0,0.0,2.0,5.0,5.0,0.0,1.0,0.0,2.0,79.0,12.0,5.0,33.0,16.0,10.0,-1.0
2020-08-21,9.0,7.0,14.0,2.0,15.0,12.0,20.0,0.0,53.0,0.0,1.0,8.0,7.0,0.0,11.0,6.0,0.0,10.0,9.0,2.0,5.0,9.0,28.0,1.0,0.0,0.0,2.0,159.0,24.0,4.0,29.0,24.0,18.0,-23.0
2020-08-24,9.0,7.0,6.0,0.0,29.0,8.0,13.0,1.0,8.0,0.0,1.0,8.0,1.0,0.0,3.0,6.0,0.0,9.0,17.0,2.0,1.0,11.0,12.0,2.0,2.0,0.0,0.0,126.0,13.0,8.0,26.0,24.0,25.0,-20.0
2020-08-28,11.0,4.0,23.0,7.0,13.0,8.0,25.0,0.0,18.0,0.0,4.0,13.0,13.0,0.0,20.0,1.0,0.0,4.0,19.0,0.0,2.0,17.0,44.0,2.0,2.0,0.0,0.0,121.0,21.0,9.0,46.0,34.0,36.0,0.0
2020-08-31,8.0,8.0,3.0,4.0,20.0,10.0,8.0,1.0,21.0,0.0,1.0,18.0,1.0,2.0,3.0,11.0,0.0,2.0,15.0,0.0,2.0,10.0,14.0,1.0,0.0,1.0,2.0,83.0,11.0,9.0,29.0,29.0,19.0,3.0
2020-09-04,3.0,6.0,4.0,4.0,11.0,12.0,18.0,0.0,34.0,0.0,3.0,26.0,6.0,5.0,4.0,13.0,0.0,9.0,10.0,0.0,4.0,17.0,31.0,3.0,2.0,0.0,2.0,141.0,23.0,7.0,49.0,14.0,55.0,4.0
2020-09-07,7.0,3.0,7.0,3.0,12.0,11.0,16.0,0.0,11.0,0.0,1.0,20.0,5.0,3.0,8.0,10.0,0.0,2.0,4.0,0.0,3.0,12.0,31.0,0.0,10.0,1.0,0.0,102.0,17.0,5.0,23.0,18.0,25.0,-1.0
2020-09-11,2.0,8.0,9.0,7.0,5.0,11.0,22.0,0.0,30.0,0.0,2.0,12.0,5.0,-1.0,22.0,10.0,2.0,6.0,10.0,0.0,5.0,14.0,32.0,3.0,13.0,3.0,2.0,159.0,12.0,4.0,46.0,28.0,38.0,0.0
2020-09-14,3.0,10.0,5.0,2.0,9.0,18.0,12.0,0.0,12.0,2.0,0.0,22.0,5.0,3.0,6.0,9.0,0.0,3.0,11.0,0.0,6.0,17.0,35.0,3.0,11.0,1.0,5.0,158.0,16.0,6.0,42.0,12.0,32.0,2.0
2020-09-18,3.0,10.0,11.0,3.0,19.0,26.0,14.0,0.0,25.0,0.0,0.0,16.0,8.0,2.0,16.0,4.0,-1.0,7.0,9.0,3.0,0.0,25.0,36.0,3.0,5.0,0.0,8.0,172.0,15.0,8.0,70.0,23.0,42.0,4.0
2020-09-21,4.0,7.0,7.0,3.0,6.0,1.0,14.0,0.0,15.0,0.0,0.0,6.0,5.0,0.0,3.0,3.0,0.0,8.0,4.0,0.0,3.0,16.0,18.0,5.0,7.0,0.0,2.0,132.0,8.0,4.0,48.0,26.0,17.0,1.0
2020-09-25,18.0,11.0,6.0,2.0,3.0,6.0,29.0,0.0,30.0,2.0,0.0,29.0,11.0,0.0,8.0,9.0,0.0,18.0,2.0,0.0,9.0,16.0,23.0,-2.0,1.0,0.0,8.0,199.0,25.0,3.0,64.0,33.0,10.0,3.0
2020-09-28,11.0,5.0,6.0,1.0,6.0,9.0,18.0,1.0,10.0,2.0,0.0,12.0,3.0,0.0,6.0,4.0,1.0,18.0,1.0,3.0,9.0,8.0,26.0,1.0,3.0,0.0,2.0,130.0,15.0,6.0,49.0,5.0,12.0,0.0
2020-10-02,8.0,15.0,4.0,0.0,10.0,14.0,18.0,4.0,18.0,1.0,0.0,11.0,13.0,1.0,8.0,6.0,1.0,8.0,3.0,4.0,10.0,10.0,17.0,3.0,10.0,0.0,0.0,157.0,28.0,15.0,76.0,29.0,10.0,1.0
2020-10-05,7.0,14.0,3.0,0.0,2.0,12.0,18.0,0.0,13.0,1.0,0.0,14.0,14.0,0.0,2.0,1.0,0.0,6.0,0.0,2.0,0.0,8.0,9.0,1.0,2.0,0.0,2.0,82.0,17.0,11.0,36.0,14.0,3.0,10.0
2020-10-09,1.0,6.0,6.0,2.0,10.0,12.0,36.0,-1.0,8.0,2.0,0.0,23.0,3.0,0.0,3.0,4.0,1.0,6.0,1.0,4.0,1.0,5.0,7.0,5.0,3.0,0.0,6.0,96.0,40.0,13.0,49.0,25.0,10.0,-8.0
2020-10-12,1.0,12.0,8.0,2.0,0.0,6.0,8.0,0.0,12.0,-2.0,1.0,15.0,2.0,1.0,11.0,3.0,-1.0,3.0,1.0,0.0,8.0,4.0,8.0,-1.0,3.0,1.0,3.0,81.0,23.0,6.0,29.0,35.0,3.0,0.0
2020-10-16,5.0,11.0,4.0,4.0,7.0,14.0,13.0,1.0,10.0,-1.0,6.0,12.0,1.0,0.0,3.0,5.0,2.0,6.0,8.0,1.0,4.0,7.0,8.0,0.0,4.0,0.0,0.0,82.0,22.0,3.0,28.0,23.0,8.0,1.0
2020-10-19,3.0,7.0,10.0,2.0,11.0,19.0,5.0,0.0,15.0,0.0,7.0,13.0,4.0,0.0,15.0,1.0,0.0,7.0,2.0,2.0,5.0,11.0,26.0,4.0,1.0,0.0,6.0,95.0,29.0,10.0,38.0,33.0,10.0,0.0
2020-10-24,3.0,17.0,6.0,0.0,9.0,5.0,8.0,0.0,19.0,1.0,7.0,7.0,22.0,0.0,12.0,8.0,2.0,5.0,3.0,2.0,3.0,19.0,17.0,7.0,0.0,0.0,6.0,114.0,40.0,6.0,62.0,42.0,9.0,-2.0
2020-10-26,0.0,4.0,0.0,2.0,4.0,7.0,10.0,0.0,12.0,0.0,0.0,12.0,3.0,0.0,4.0,6.0,0.0,1.0,3.0,2.0,1.0,0.0,5.0,0.0,0.0,0.0,3.0,39.0,8.0,2.0,10.0,7.0,1.0,0.0
2020-10-30,3.0,12.0,0.0,2.0,2.0,7.0,3.0,0.0,12.0,0.0,3.0,0.0,12.0,3.0,16.0,3.0,-1.0,2.0,1.0,4.0,0.0,4.0,10.0,1.0,3.0,0.0,1.0,65.0,12.0,4.0,39.0,8.0,5.0,0.0
2020-11-02,1.0,11.0,3.0,0.0,3.0,3.0,7.0,0.0,6.0,2.0,9.0,5.0,5.0,3.0,3.0,1.0,0.0,2.0,4.0,2.0,1.0,4.0,0.0,4.0,1.0,3.0,0.0,35.0,10.0,3.0,20.0,12.0,11.0,0.0
2020-11-06,0.0,7.0,7.0,1.0,3.0,7.0,8.0,0.0,5.0,0.0,2.0,16.0,6.0,0.0,9.0,2.0,1.0,-1.0,2.0,10.0,0.0,0.0,5.0,10.0,3.0,3.0,3.0,63.0,7.0,2.0,19.0,11.0,2.0,3.0
2020-11-09,1.0,4.0,4.0,1.0,2.0,16.0,3.0,1.0,4.0,0.0,2.0,15.0,5.0,3.0,5.0,1.0,0.0,2.0,1.0,1.0,0.0,1.0,2.0,7.0,0.0,0.0,0.0,52.0,4.0,4.0,24.0,5.0,4.0,-2.0
2020-11-13,1.0,3.0,0.0,3.0,4.0,5.0,4.0,0.0,3.0,0.0,0.0,7.0,4.0,2.0,3.0,2.0,0.0,2.0,5.0,1.0,1.0,2.0,2.0,13.0,1.0,2.0,1.0,53.0,6.0,7.0,17.0,11.0,7.0,-1.0
2020-11-16,1.0,3.0,0.0,0.0,4.0,22.0,8.0,0.0,4.0,0.0,0.0,9.0,2.0,0.0,5.0,0.0,0.0,3.0,6.0,8.0,0.0,1.0,4.0,6.0,1.0,1.0,0.0,39.0,8.0,2.0,28.0,4.0,11.0,5.0
2020-11-20,2.0,8.0,0.0,4.0,8.0,5.0,11.0,0.0,6.0,0.0,1.0,2.0,1.0,2.0,11.0,3.0,0.0,3.0,5.0,0.0,0.0,2.0,7.0,2.0,0.0,2.0,0.0,48.0,5.0,4.0,18.0,2.0,11.0,-1.0
2020-11-23,0.0,1.0,2.0,1.0,6.0,8.0,8.0,2.0,4.0,0.0,0.0,9.0,1.0,6.0,3.0,0.0,0.0,7.0,1.0,0.0,1.0,5.0,10.0,1.0,0.0,1.0,0.0,45.0,7.0,10.0,24.0,3.0,7.0,1.0
2020-11-27,1.0,2.0,5.0,2.0,7.0,6.0,8.0,2.0,10.0,0.0,0.0,6.0,3.0,11.0,2.0,1.0,1.0,2.0,-1.0,0.0,0.0,7.0,1.0,3.0,0.0,0.0,1.0,69.0,6.0,8.0,24.0,6.0,2.0,0.0
2020-11-30,2.0,-1.0,0.0,0.0,7.0,9.0,6.0,1.0,2.0,0.0,0.0,7.0,2.0,11.0,2.0,1.0,0.0,0.0,2.0,0.0,3.0,1.0,1.0,0.0,1.0,1.0,0.0,51.0,7.0,1.0,12.0,3.0,6.0,1.0
2020-12-04,3.0,1.0,1.0,1.0,29.0,13.0,4.0,1.0,2.0,0.0,1.0,13.0,9.0,4.0,3.0,2.0,1.0,2.0,0.0,1.0,1.0,0.0,2.0,2.0,2.0,1.0,0.0,68.0,18.0,10.0,29.0,5.0,2.0,0.0
2020-12-07,1.0,5.0,2.0,3.0,23.0,18.0,3.0,1.0,1.0,0.0,0.0,10.0,7.0,0.0,2.0,0.0,0.0,4.0,0.0,0.0,0.0,2.0,2.0,1.0,1.0,0.0,0.0,44.0,12.0,3.0,12.0,3.0,5.0,2.0
2020-12-11,4.0,3.0,4.0,9.0,16.0,24.0,4.0,0.0,6.0,0.0,1.0,3.0,1.0,4.0,1.0,1.0,0.0,2.0,1.0,0.0,0.0,2.0,1.0,1.0,1.0,0.0,4.0,78.0,12.0,6.0,21.0,12.0,10.0,0.0
2020-12-14,3.0,1.0,2.0,3.0,17.0,8.0,6.0,0.0,2.0,2.0,2.0,9.0,2.0,5.0,0.0,1.0,0.0,1.0,2.0,0.0,1.0,1.0,2.0,1.0,0.0,0.0,-1.0,58.0,8.0,7.0,22.0,2.0,7.0,0.0
2020-12-18,5.0,6.0,3.0,3.0,8.0,17.0,6.0,0.0,11.0,4.0,2.0,14.0,1.0,9.0,5.0,0.0,4.0,2.0,0.0,1.0,0.0,7.0,1.0,3.0,4.0,0.0,0.0,77.0,15.0,10.0,34.0,4.0,9.0,0.0
2020-12-21,0.0,4.0,2.0,3.0,8.0,4.0,7.0,0.0,10.0,3.0,1.0,11.0,1.0,7.0,3.0,2.0,0.0,1.0,0.0,20.0,1.0,7.0,11.0,5.0,0.0,0.0,1.0,85.0,16.0,7.0,18.0,9.0,4.0,2.0
2020-12-25,1.0,13.0,3.0,1.0,7.0,7.0,11.0,0.0,7.0,1.0,0.0,16.0,1.0,7.0,3.0,1.0,2.0,6.0,3.0,13.0,3.0,1.0,3.0,5.0,2.0,4.0,2.0,93.0,17.0,8.0,16.0,14.0,9.0,2.0
2020-12-28,2.0,3.0,4.0,1.0,5.0,4.0,12.0,1.0,4.0,0.0,2.0,6.0,1.0,9.0,4.0,1.0,0.0,0.0,6.0,14.0,2.0,2.0,16.0,3.0,0.0,0.0,2.0,59.0,14.0,8.0,17.0,12.0,14.0,3.0
2021-01-01,13.0,10.0,5.0,1.0,7.0,6.0,12.0,2.0,9.0,4.0,2.0,34.0,2.0,10.0,7.0,4.0,1.0,4.0,5.0,11.0,9.0,11.0,14.0,1.0,1.0,3.0,3.0,117.0,27.0,8.0,25.0,30.0,26.0,0.0
2021-01-04,12.0,2.0,7.0,0.0,7.0,3.0,8.0,1.0,28.0,6.0,1.0,13.0,1.0,6.0,2.0,1.0,1.0,6.0,4.0,9.0,9.0,5.0,8.0,1.0,0.0,0.0,1.0,42.0,23.0,6.0,13.0,40.0,31.0,4.0
2021-01-08,4.0,7.0,16.0,3.0,7.0,21.0,19.0,0.0,23.0,22.0,1.0,17.0,8.0,3.0,19.0,13.0,0.0,14.0,8.0,7.0,8.0,4.0,12.0,10.0,3.0,5.0,5.0,130.0,46.0,20.0,31.0,71.0,39.0,4.0
2021-01-11,24.0,6.0,4.0,0.0,7.0,8.0,17.0,0.0,29.0,2.0,2.0,18.0,5.0,3.0,5.0,8.0,0.0,8.0,17.0,2.0,7.0,16.0,20.0,8.0,5.0,1.0,15.0,116.0,29.0,15.0,25.0,59.0,32.0,5.0
2021-01-15,0.0,11.0,12.0,4.0,12.0,7.0,28.0,0.0,22.0,-1.0,1.0,13.0,14.0,2.0,15.0,4.0,0.0,14.0,8.0,3.0,5.0,17.0,9.0,6.0,1.0,2.0,13.0,149.0,40.0,22.0,36.0,70.0,27.0,0.0
2021-01-18,5.0,8.0,3.0,1.0,13.0,6.0,10.0,0.0,12.0,1.0,1.0,19.0,4.0,1.0,9.0,9.0,0.0,16.0,7.0,5.0,6.0,14.0,6.0,4.0,2.0,7.0,8.0,143.0,42.0,15.0,20.0,70.0,35.0,0.0
2021-01-22,9.0,12.0,5.0,15.0,15.0,11.0,29.0,0.0,21.0,2.0,1.0,36.0,6.0,4.0,21.0,11.0,0.0,11.0,3.0,5.0,4.0,21.0,11.0,19.0,2.0,2.0,16.0,206.0,58.0,26.0,61.0,124.0,60.0,3.0
2021-01-25,2.0,8.0,2.0,4.0,14.0,8.0,7.0,0.0,12.0,0.0,0.0,15.0,7.0,4.0,2.0,11.0,1.0,15.0,5.0,5.0,5.0,19.0,14.0,5.0,1.0,3.0,6.0,165.0,47.0,27.0,36.0,88.0,29.0,11.0
2021-01-29,2.0,12.0,7.0,25.0,18.0,9.0,40.0,1.0,21.0,2.0,1.0,28.0,10.0,3.0,28.0,10.0,3.0,23.0,6.0,9.0,6.0,36.0,11.0,15.0,7.0,3.0,23.0,211.0,69.0,41.0,47.0,118.0,43.0,2.0
2021-02-01,6.0,13.0,4.0,6.0,21.0,20.0,22.0,3.0,33.0,1.0,1.0,26.0,12.0,4.0,13.0,14.0,2.0,16.0,3.0,3.0,12.0,16.0,8.0,14.0,1.0,2.0,10.0,124.0,42.0,27.0,52.0,60.0,55.0,8.0
2021-02-05,5.0,21.0,2.0,8.0,12.0,13.0,30.0,0.0,14.0,6.0,3.0,21.0,16.0,6.0,8.0,10.0,-1.0,3.0,8.0,11.0,12.0,14.0,2.0,11.0,9.0,8.0,15.0,157.0,72.0,25.0,49.0,47.0,29.0,-1.0
2021-02-08,3.0,25.0,1.0,2.0,6.0,24.0,29.0,5.0,19.0,5.0,1.0,22.0,5.0,6.0,17.0,9.0,1.0,10.0,15.0,1.0,9.0,7.0,10.0,8.0,10.0,1.0,11.0,118.0,52.0,20.0,42.0,52.0,27.0,13.0
2021-02-12,0.0,20.0,1.0,3.0,5.0,14.0,23.0,0.0,32.0,6.0,0.0,21.0,9.0,5.0,18.0,12.0,0.0,6.0,7.0,4.0,4.0,6.0,21.0,22.0,26.0,0.0,10.0,133.0,66.0,20.0,42.0,40.0,16.0,5.0
2021-02-15,8.0,26.0,4.0,3.0,14.0,6.0,21.0,3.0,27.0,3.0,0.0,13.0,5.0,9.0,7.0,12.0,0.0,3.0,14.0,4.0,19.0,13.0,14.0,12.0,9.0,3.0,11.0,113.0,59.0,8.0,34.0,37.0,8.0,12.0
2021-02-19,9.0,19.0,3.0,3.0,15.0,23.0,21.0,1.0,17.0,7.0,2.0,22.0,2.0,8.0,13.0,23.0,6.0,14.0,2.0,0.0,14.0,15.0,11.0,14.0,9.0,1.0,4.0,115.0,71.0,10.0,39.0,41.0,13.0,-6.0
2021-02-22,5.0,8.0,3.0,7.0,10.0,10.0,15.0,0.0,17.0,-2.0,0.0,25.0,6.0,4.0,12.0,6.0,8.0,9.0,12.0,1.0,12.0,13.0,8.0,21.0,4.0,1.0,3.0,111.0,37.0,12.0,39.0,51.0,8.0,0.0
2021-02-26,12.0,22.0,10.0,5.0,12.0,11.0,25.0,2.0,38.0,5.0,0.0,45.0,5.0,1.0,4.0,35.0,3.0,25.0,3.0,1.0,13.0,22.0,23.0,51.0,5.0,0.0,15.0,195.0,82.0,17.0,55.0,54.0,31.0,4.0
2021-03-01,5.0,15.0,2.0,5.0,14.0,16.0,19.0,5.0,27.0,6.0,3.0,29.0,2.0,3.0,10.0,24.0,14.0,37.0,37.0,2.0,15.0,7.0,17.0,31.0,9.0,3.0,7.0,159.0,50.0,14.0,57.0,59.0,22.0,0.0
2021-03-05,9.0,29.0,8.0,2.0,12.0,27.0,9.0,1.0,15.0,7.0,3.0,57.0,16.0,6.0,15.0,58.0,14.0,47.0,21.0,1.0,18.0,22.0,28.0,53.0,4.0,0.0,21.0,225.0,96.0,30.0,88.0,46.0,28.0,15.0
2021-03-08,12.0,23.0,2.0,4.0,12.0,18.0,11.0,4.0,20.0,11.0,4.0,46.0,13.0,7.0,7.0,40.0,11.0,30.0,13.0,8.0,12.0,18.0,14.0,44.0,5.0,1.0,15.0,194.0,79.0,13.0,104.0,40.0,31.0,13.0
2021-03-12,13.0,43.0,0.0,7.0,20.0,18.0,25.0,4.0,28.0,3.0,5.0,55.0,12.0,8.0,15.0,50.0,15.0,53.0,15.0,4.0,17.0,26.0,33.0,35.0,9.0,0.0,9.0,251.0,101.0,24.0,148.0,50.0,44.0,4.0
2021-03-15,26.0,39.0,6.0,3.0,14.0,21.0,24.0,8.0,25.0,3.0,3.0,28.0,9.0,2.0,19.0,25.0,15.0,22.0,18.0,1.0,5.0,10.0,25.0,29.0,9.0,0.0,9.0,182.0,71.0,18.0,151.0,41.0,35.0,11.0
2021-03-19,27.0,51.0,17.0,9.0,16.0,20.0,51.0,8.0,13.0,11.0,0.0,64.0,18.0,1.0,17.0,49.0,4.0,46.0,40.0,6.0,16.0,10.0,37.0,44.0,11.0,1.0,15.0,356.0,103.0,36.0,225.0,53.0,80.0,1.0
2021-03-22,38.0,47.0,19.0,2.0,18.0,12.0,67.0,2.0,17.0,11.0,1.0,31.0,9.0,8.0,20.0,27.0,15.0,25.0,14.0,1.0,13.0,23.0,10.0,25.0,18.0,1.0,7.0,284.0,66.0,22.0,154.0,57.0,45.0,15.0
2021-03-26,37.0,67.0,12.0,4.0,31.0,32.0,61.0,4.0,22.0,19.0,1.0,51.0,32.0,5.0,19.0,38.0,8.0,32.0,17.0,5.0,17.0,12.0,16.0,42.0,16.0,4.0,16.0,326.0,60.0,18.0,258.0,55.0,38.0,2.0
2021-03-29,15.0,58.0,17.0,3.0,14.0,13.0,62.0,4.0,21.0,13.0,2.0,41.0,10.0,14.0,23.0,39.0,3.0,22.0,10.0,1.0,16.0,19.0,18.0,26.0,25.0,6.0,12.0,274.0,72.0,28.0,217.0,45.0,24.0,22.0
2021-04-02,21.0,75.0,25.0,1.0,14.0,14.0,77.0,2.0,34.0,20.0,6.0,48.0,25.0,17.0,35.0,53.0,13.0,22.0,8.0,3.0,41.0,15.0,20.0,31.0,30.0,6.0,12.0,495.0,78.0,40.0,228.0,66.0,55.0,-5.0
2021-04-05,8.0,55.0,13.0,1.0,21.0,22.0,54.0,9.0,39.0,12.0,4.0,32.0,12.0,10.0,19.0,23.0,4.0,21.0,8.0,6.0,25.0,6.0,23.0,20.0,17.0,8.0,12.0,260.0,33.0,43.0,228.0,42.0,18.0,0.0
2021-04-09,29.0,82.0,22.0,10.0,20.0,19.0,81.0,7.0,41.0,8.0,3.0,56.0,30.0,14.0,21.0,39.0,5.0,28.0,15.0,5.0,32.0,14.0,42.0,18.0,38.0,12.0,14.0,412.0,97.0,50.0,266.0,82.0,42.0,12.0
2021-04-12,25.0,78.0,22.0,1.0,12.0,14.0,59.0,10.0,41.0,11.0,8.0,50.0,31.0,12.0,31.0,32.0,3.0,14.0,14.0,2.0,19.0,17.0,45.0,18.0,17.0,2.0,17.0,331.0,56.0,48.0,155.0,68.0,28.0,12.0
2021-04-16,28.0,67.0,21.0,4.0,19.0,12.0,68.0,6.0,47.0,13.0,7.0,51.0,18.0,16.0,63.0,47.0,5.0,15.0,17.0,15.0,33.0,14.0,38.0,14.0,26.0,1.0,11.0,363.0,107.0,44.0,235.0,80.0,40.0,0.0
2021-04-19,24.0,73.0,20.0,2.0,14.0,20.0,66.0,2.0,38.0,11.0,3.0,54.0,7.0,18.0,33.0,34.0,4.0,25.0,12.0,16.0,13.0,19.0,44.0,12.0,21.0,1.0,10.0,252.0,88.0,49.0,154.0,55.0,32.0,3.0
2021-04-23,32.0,75.0,24.0,4.0,14.0,14.0,85.0,3.0,29.0,10.0,3.0,47.0,17.0,9.0,39.0,26.0,6.0,5.0,19.0,20.0,9.0,16.0,22.0,21.0,9.0,4.0,14.0,324.0,120.0,58.0,176.0,52.0,27.0,16.0
2021-04-26,10.0,40.0,13.0,4.0,18.0,10.0,39.0,3.0,31.0,3.0,2.0,50.0,24.0,5.0,31.0,15.0,3.0,11.0,21.0,10.0,14.0,9.0,14.0,7.0,7.0,2.0,16.0,233.0,64.0,66.0,119.0,47.0,19.0,16.0
2021-04-30,9.0,43.0,26.0,9.0,26.0,22.0,71.0,1.0,72.0,4.0,3.0,59.0,22.0,10.0,44.0,22.0,2.0,23.0,28.0,14.0,35.0,13.0,25.0,6.0,10.0,8.0,23.0,377.0,100.0,53.0,139.0,47.0,26.0,-8.0
2021-05-03,8.0,20.0,16.0,6.0,18.0,14.0,34.0,1.0,31.0,7.0,3.0,37.0,21.0,9.0,27.0,29.0,3.0,19.0,27.0,19.0,12.0,8.0,7.0,17.0,12.0,10.0,20.0,234.0,76.0,40.0,82.0,26.0,19.0,14.0
2021-05-07,23.0,30.0,22.0,13.0,12.0,12.0,42.0,3.0,38.0,3.0,3.0,58.0,16.0,14.0,35.0,47.0,2.0,14.0,20.0,13.0,16.0,8.0,11.0,14.0,19.0,13.0,14.0,357.0,106.0,51.0,106.0,45.0,30.0,0.0
2021-05-10,26.0,22.0,16.0,6.0,23.0,21.0,46.0,0.0,41.0,20.0,5.0,49.0,12.0,4.0,24.0,19.0,5.0,15.0,19.0,10.0,21.0,14.0,9.0,4.0,25.0,11.0,7.0,258.0,78.0,43.0,60.0,38.0,27.0,17.0
2021-05-14,17.0,26.0,17.0,9.0,6.0,18.0,59.0,1.0,70.0,4.0,6.0,54.0,29.0,4.0,56.0,25.0,8.0,16.0,10.0,7.0,18.0,11.0,15.0,8.0,12.0,5.0,17.0,328.0,81.0,51.0,80.0,53.0,39.0,-2.0
2021-05-17,26.0,29.0,7.0,17.0,17.0,14.0,30.0,0.0,59.0,8.0,1.0,56.0,21.0,5.0,35.0,19.0,7.0,17.0,4.0,2.0,10.0,19.0,4.0,7.0,12.0,1.0,18.0,358.0,74.0,47.0,51.0,63.0,39.0,9.0
2021-05-21,32.0,37.0,30.0,17.0,24.0,32.0,50.0,2.0,89.0,12.0,5.0,79.0,30.0,4.0,66.0,35.0,25.0,24.0,14.0,5.0,31.0,17.0,15.0,20.0,9.0,11.0,18.0,502.0,101.0,76.0,70.0,71.0,38.0,3.0
2021-05-24,19.0,25.0,13.0,6.0,17.0,23.0,40.0,1.0,55.0,16.0,2.0,45.0,9.0,14.0,33.0,12.0,10.0,14.0,11.0,10.0,13.0,14.0,20.0,11.0,7.0,7.0,6.0,391.0,91.0,44.0,44.0,41.0,21.0,10.0
2021-05-28,4.0,43.0,12.0,8.0,24.0,30.0,68.0,1.0,58.0,6.0,10.0,69.0,30.0,9.0,61.0,27.0,14.0,24.0,25.0,7.0,18.0,31.0,16.0,9.0,11.0,8.0,13.0,570.0,121.0,65.0,65.0,33.0,38.0,13.0
2021-05-31,13.0,16.0,15.0,18.0,27.0,38.0,52.0,2.0,42.0,14.0,8.0,62.0,29.0,8.0,60.0,8.0,17.0,19.0,13.0,4.0,7.0,14.0,16.0,15.0,11.0,1.0,10.0,456.0,84.0,39.0,52.0,39.0,51.0,2.0
2021-06-04,23.0,46.0,33.0,12.0,17.0,27.0,63.0,1.0,54.0,16.0,14.0,120.0,41.0,9.0,68.0,22.0,10.0,27.0,6.0,8.0,20.0,22.0,32.0,27.0,12.0,3.0,25.0,714.0,123.0,38.0,101.0,51.0,55.0,8.0
2021-06-07,20.0,30.0,20.0,11.0,36.0,31.0,67.0,0.0,43.0,19.0,5.0,84.0,23.0,5.0,56.0,12.0,10.0,20.0,7.0,4.0,8.0,32.0,21.0,21.0,8.0,14.0,15.0,439.0,97.0,29.0,41.0,52.0,25.0,10.0
2021-06-11,28.0,56.0,26.0,8.0,19.0,40.0,65.0,0.0,23.0,18.0,5.0,86.0,28.0,13.0,65.0,12.0,24.0,44.0,3.0,11.0,15.0,28.0,35.0,25.0,13.0,2.0,9.0,589.0,131.0,30.0,105.0,61.0,46.0,3.0
2021-06-14,15.0,42.0,14.0,13.0,27.0,29.0,57.0,0.0,21.0,11.0,8.0,57.0,13.0,9.0,52.0,21.0,26.0,13.0,2.0,4.0,8.0,21.0,35.0,15.0,9.0,6.0,11.0,359.0,98.0,43.0,50.0,68.0,35.0,10.0
2021-06-18,33.0,39.0,22.0,3.0,12.0,24.0,89.0,3.0,31.0,14.0,6.0,86.0,16.0,8.0,72.0,9.0,14.0,20.0,12.0,10.0,5.0,17.0,46.0,16.0,19.0,5.0,13.0,430.0,83.0,31.0,95.0,61.0,67.0,-4.0
2021-06-21,28.0,34.0,16.0,11.0,6.0,23.0,53.0,3.0,20.0,9.0,6.0,58.0,8.0,5.0,33.0,13.0,17.0,12.0,15.0,4.0,7.0,13.0,23.0,18.0,6.0,7.0,15.0,281.0,65.0,27.0,70.0,39.0,32.0,5.0
2021-06-25,23.0,48.0,7.0,5.0,9.0,26.0,29.0,2.0,30.0,5.0,4.0,37.0,15.0,3.0,48.0,6.0,8.0,7.0,4.0,6.0,6.0,19.0,14.0,15.0,14.0,4.0,13.0,249.0,46.0,14.0,53.0,45.0,28.0,-2.0
2021-06-28,13.0,22.0,4.0,0.0,11.0,11.0,29.0,5.0,31.0,16.0,4.0,39.0,7.0,2.0,24.0,12.0,4.0,7.0,4.0,1.0,2.0,7.0,15.0,35.0,9.0,0.0,13.0,171.0,33.0,24.0,44.0,38.0,21.0,5.0
2021-07-02,6.0,19.0,7.0,1.0,6.0,3.0,32.0,7.0,23.0,3.0,3.0,38.0,6.0,1.0,35.0,20.0,3.0,0.0,2.0,1.0,3.0,11.0,7.0,8.0,3.0,0.0,11.0,170.0,44.0,19.0,33.0,22.0,25.0,-1.0
2021-07-05,7.0,18.0,9.0,8.0,2.0,19.0,8.0,4.0,24.0,3.0,2.0,31.0,2.0,6.0,10.0,2.0,5.0,3.0,2.0,3.0,9.0,4.0,2.0,6.0,2.0,0.0,6.0,150.0,36.0,22.0,23.0,39.0,19.0,4.0
2021-07-09,5.0,16.0,4.0,16.0,8.0,6.0,25.0,3.0,27.0,3.0,3.0,19.0,1.0,6.0,16.0,4.0,9.0,6.0,4.0,2.0,0.0,9.0,11.0,7.0,0.0,0.0,14.0,153.0,30.0,22.0,19.0,19.0,12.0,-3.0
2021-07-12,4.0,6.0,6.0,9.0,3.0,8.0,19.0,0.0,25.0,2.0,2.0,14.0,5.0,1.0,6.0,1.0,9.0,5.0,2.0,5.0,3.0,5.0,3.0,7.0,4.0,4.0,0.0,77.0,13.0,5.0,15.0,16.0,3.0,6.0
2021-07-16,1.0,15.0,8.0,4.0,3.0,10.0,9.0,6.0,14.0,2.0,1.0,9.0,4.0,2.0,9.0,2.0,4.0,3.0,0.0,0.0,4.0,2.0,7.0,3.0,2.0,1.0,-1.0,70.0,7.0,4.0,7.0,15.0,2.0,-1.0
2021-07-19,4.0,6.0,6.0,0.0,0.0,4.0,4.0,3.0,9.0,7.0,0.0,6.0,1.0,2.0,6.0,2.0,1.0,4.0,6.0,1.0,5.0,0.0,7.0,0.0,0.0,0.0,-1.0,38.0,3.0,1.0,4.0,6.0,4.0,0.0
2021-07-23,3.0,5.0,1.0,7.0,4.0,8.0,9.0,2.0,5.0,8.0,0.0,9.0,1.0,2.0,4.0,0.0,5.0,1.0,1.0,1.0,3.0,1.0,2.0,2.0,0.0,0.0,1.0,77.0,14.0,9.0,20.0,13.0,16.0,1.0
2021-07-26,1.0,0.0,0.0,2.0,1.0,5.0,4.0,1.0,6.0,6.0,0.0,11.0,1.0,5.0,4.0,1.0,5.0,2.0,1.0,4.0,1.0,0.0,4.0,18.0,0.0,2.0,0.0,52.0,7.0,26.0,16.0,9.0,4.0,0.0
2021-07-30,1.0,11.0,4.0,0.0,0.0,2.0,11.0,0.0,4.0,5.0,0.0,10.0,3.0,2.0,3.0,5.0,1.0,3.0,2.0,7.0,1.0,0.0,1.0,4.0,1.0,7.0,0.0,56.0,11.0,19.0,18.0,4.0,2.0,0.0
2021-08-02,0.0,4.0,0.0,2.0,1.0,1.0,1.0,0.0,4.0,3.0,0.0,3.0,0.0,0.0,4.0,4.0,0.0,1.0,0.0,2.0,3.0,4.0,0.0,3.0,-1.0,0.0,1.0,39.0,8.0,19.0,11.0,2.0,1.0,0.0
2021-08-06,2.0,0.0,2.0,1.0,0.0,1.0,6.0,0.0,2.0,1.0,2.0,12.0,0.0,-1.0,1.0,5.0,0.0,0.0,0.0,11.0,1.0,0.0,-1.0,0.0,0.0,0.0,2.0,42.0,7.0,7.0,13.0,0.0,0.0,0.0
2021-08-09,0.0,4.0,-2.0,1.0,1.0,0.0,3.0,0.0,2.0,0.0,0.0,2.0,0.0,0.0,6.0,2.0,0.0,0.0,0.0,3.0,0.0,0.0,0.0,2.0,0.0,0.0,1.0,30.0,7.0,11.0,9.0,3.0,1.0,0.0
2021-08-13,4.0,0.0,1.0,0.0,1.0,0.0,5.0,0.0,4.0,0.0,0.0,10.0,2.0,0.0,0.0,0.0,3.0,1.0,1.0,0.0,0.0,0.0,0.0,0.0,1.0,0.0,3.0,47.0,9.0,7.0,-1.0,3.0,2.0,0.0
2021-08-16,3.0,1.0,1.0,0.0,2.0,2.0,0.0,0.0,0.0,0.0,0.0,3.0,1.0,0.0,0.0,0.0,2.0,1.0,2.0,4.0,0.0,0.0,0.0,2.0,0.0,0.0,7.0,26.0,11.0,5.0,2.0,5.0,0.0,4.0
2021-08-20,0.0,0.0,6.0,4.0,1.0,2.0,4.0,0.0,0.0,0.0,0.0,8.0,2.0,0.0,1.0,3.0,9.0,1.0,1.0,5.0,0.0,0.0,1.0,2.0,4.0,0.0,5.0,53.0,7.0,6.0,1.0,10.0,4.0,-5.0
2021-08-23,0.0,0.0,3.0,1.0,1.0,1.0,2.0,0.0,1.0,0.0,0.0,5.0,1.0,1.0,0.0,4.0,14.0,2.0,0.0,1.0,0.0,1.0,4.0,1.0,2.0,0.0,5.0,43.0,5.0,7.0,2.0,8.0,1.0,2.0
2021-08-27,1.0,2.0,0.0,0.0,1.0,4.0,2.0,0.0,0.0,0.0,0.0,6.0,7.0,1.0,2.0,3.0,1.0,5.0,0.0,2.0,0.0,0.0,0.0,1.0,1.0,0.0,7.0,51.0,1.0,8.0,3.0,11.0,2.0,-3.0
2021-08-30,7.0,1.0,1.0,0.0,1.0,0.0,1.0,0.0,2.0,2.0,0.0,3.0,2.0,0.0,1.0,1.0,1.0,2.0,0.0,0.0,0.0,0.0,2.0,1.0,2.0,0.0,3.0,26.0,5.0,3.0,4.0,8.0,0.0,2.0
2021-09-03,3.0,0.0,2.0,0.0,1.0,3.0,2.0,0.0,5.0,0.0,0.0,8.0,0.0,0.0,1.0,0.0,0.0,0.0,0.0,0.0,1.0,1.0,2.0,6.0,7.0,0.0,4.0,42.0,8.0,2.0,6.0,9.0,3.0,-5.0
2021-09-06,7.0,1.0,2.0,3.0,2.0,2.0,0.0,0.0,5.0,0.0,0.0,11.0,0.0,0.0,18.0,0.0,0.0,0.0,0.0,0.0,5.0,0.0,0.0,1.0,0.0,0.0,0.0,27.0,0.0,1.0,2.0,2.0,0.0,-1.0
2021-09-10,2.0,2.0,-1.0,0.0,0.0,3.0,0.0,0.0,6.0,1.0,0.0,8.0,2.0,0.0,8.0,1.0,0.0,1.0,0.0,0.0,2.0,0.0,0.0,0.0,2.0,0.0,1.0,35.0,2.0,7.0,3.0,2.0,2.0,0.0
2021-09-13,0.0,3.0,0.0,0.0,1.0,2.0,3.0,0.0,0.0,0.0,0.0,8.0,1.0,0.0,5.0,0.0,0.0,1.0,0.0,0.0,0.0,0.0,0.0,0.0,0.0,0.0,0.0,7.0,1.0,4.0,0.0,4.0,1.0,1.0
2021-09-17,0.0,6.0,1.0,0.0,4.0,27.0,1.0,0.0,3.0,0.0,0.0,12.0,0.0,1.0,5.0,1.0,0.0,1.0,0.0,3.0,1.0,1.0,0.0,0.0,0.0,0.0,0.0,35.0,7.0,4.0,1.0,6.0,1.0,-1.0
2021-09-20,0.0,0.0,0.0,1.0,1.0,11.0,4.0,0.0,0.0,1.0,0.0,1.0,0.0,-1.0,0.0,1.0,0.0,0.0,0.0,3.0,1.0,0.0,0.0,0.0,0.0,0.0,0.0,10.0,2.0,3.0,3.0,4.0,1.0,0.0
2021-09-24,1.0,2.0,0.0,0.0,0.0,4.0,6.0,0.0,2.0,1.0,0.0,11.0,0.0,0.0,4.0,8.0,0.0,2.0,1.0,0.0,1.0,0.0,0.0,2.0,2.0,0.0,1.0,41.0,0.0,2.0,1.0,3.0,2.0,0.0
2021-09-27,2.0,1.0,0.0,0.0,0.0,1.0,3.0,0.0,1.0,2.0,0.0,9.0,3.0,0.0,1.0,4.0,0.0,0.0,0.0,0.0,3.0,1.0,0.0,0.0,1.0,0.0,1.0,25.0,7.0,2.0,1.0,5.0,5.0,0.0
2021-10-01,3.0,2.0,2.0,0.0,1.0,5.0,4.0,0.0,4.0,2.0,1.0,18.0,-3.0,1.0,9.0,0.0,1.0,1.0,3.0,0.0,0.0,0.0,0.0,9.0,0.0,0.0,0.0,36.0,2.0,1.0,4.0,4.0,2.0,0.0
2021-10-04,3.0,3.0,4.0,0.0,0.0,0.0,2.0,0.0,0.0,0.0,1.0,7.0,0.0,0.0,6.0,3.0,-1.0,1.0,1.0,0.0,0.0,0.0,0.0,0.0,3.0,0.0,0.0,31.0,2.0,2.0,5.0,4.0,3.0,2.0
2021-10-08,0.0,3.0,4.0,0.0,0.0,0.0,6.0,0.0,2.0,1.0,2.0,10.0,0.0,0.0,13.0,4.0,2.0,1.0,3.0,1.0,0.0,0.0,-1.0,10.0,0.0,0.0,0.0,44.0,10.0,6.0,6.0,5.0,5.0,-1.0
2021-10-11,2.0,1.0,0.0,0.0,0.0,0.0,4.0,0.0,-1.0,0.0,0.0,4.0,2.0,0.0,13.0,3.0,4.0,2.0,0.0,1.0,0.0,0.0,1.0,2.0,0.0,0.0,0.0,52.0,9.0,2.0,4.0,5.0,2.0,-1.0
2021-10-15,6.0,5.0,6.0,0.0,1.0,1.0,7.0,0.0,1.0,0.0,0.0,11.0,1.0,0.0,5.0,4.0,0.0,1.0,1.0,11.0,0.0,1.0,0.0,0.0,0.0,0.0,0.0,66.0,18.0,6.0,5.0,4.0,8.0,0.0
2021-10-18,1.0,4.0,5.0,1.0,1.0,1.0,4.0,0.0,1.0,0.0,1.0,11.0,0.0,1.0,4.0,3.0,1.0,1.0,1.0,1.0,1.0,0.0,0.0,5.0,0.0,0.0,1.0,59.0,18.0,10.0,2.0,4.0,4.0,1.0
2021-10-22,1.0,9.0,5.0,1.0,0.0,-1.0,3.0,0.0,5.0,0.0,0.0,12.0,1.0,0.0,2.0,7.0,0.0,5.0,2.0,8.0,2.0,2.0,0.0,10.0,3.0,0.0,-1.0,96.0,57.0,2.0,9.0,19.0,17.0,0.0
2021-10-25,1.0,6.0,6.0,1.0,1.0,3.0,7.0,1.0,6.0,1.0,0.0,14.0,1.0,0.0,4.0,6.0,0.0,4.0,6.0,4.0,3.0,1.0,7.0,6.0,2.0,0.0,1.0,66.0,31.0,10.0,10.0,20.0,9.0,1.0
2021-10-29,0.0,7.0,1.0,0.0,1.0,1.0,11.0,0.0,5.0,1.0,0.0,26.0,7.0,3.0,3.0,18.0,3.0,4.0,3.0,2.0,0.0,0.0,5.0,10.0,9.0,0.0,0.0,99.0,42.0,8.0,7.0,18.0,7.0,0.0
2021-11-01,3.0,4.0,4.0,1.0,1.0,2.0,9.0,1.0,17.0,0.0,1.0,10.0,5.0,3.0,3.0,13.0,5.0,5.0,1.0,3.0,4.0,3.0,7.0,12.0,4.0,1.0,0.0,72.0,26.0,5.0,11.0,8.0,15.0,-1.0
2021-11-05,4.0,2.0,5.0,2.0,5.0,4.0,16.0,0.0,12.0,0.0,3.0,23.0,1.0,3.0,2.0,16.0,1.0,1.0,5.0,1.0,1.0,5.0,12.0,18.0,2.0,2.0,2.0,82.0,26.0,9.0,10.0,30.0,13.0,2.0
2021-11-08,1.0,7.0,4.0,0.0,2.0,1.0,13.0,1.0,8.0,1.0,3.0,11.0,6.0,3.0,7.0,16.0,0.0,6.0,3.0,2.0,3.0,5.0,6.0,28.0,1.0,0.0,0.0,77.0,14.0,6.0,4.0,14.0,4.0,0.0
2021-11-12,7.0,8.0,4.0,2.0,1.0,4.0,13.0,1.0,21.0,4.0,3.0,24.0,1.0,1.0,6.0,8.0,2.0,9.0,7.0,2.0,3.0,5.0,6.0,20.0,0.0,0.0,2.0,124.0,11.0,3.0,20.0,12.0,10.0,5.0
2021-11-15,5.0,9.0,4.0,9.0,0.0,5.0,9.0,0.0,11.0,7.0,1.0,15.0,2.0,1.0,16.0,9.0,0.0,1.0,3.0,4.0,6.0,5.0,7.0,26.0,1.0,0.0,2.0,76.0,11.0,10.0,12.0,5.0,5.0,-1.0
2021-11-19,4.0,7.0,7.0,0.0,1.0,4.0,2.0,0.0,23.0,0.0,0.0,21.0,3.0,4.0,5.0,11.0,9.0,3.0,1.0,1.0,3.0,10.0,4.0,17.0,3.0,2.0,5.0,71.0,17.0,1.0,17.0,17.0,6.0,-1.0
2021-11-22,6.0,9.0,2.0,1.0,2.0,3.0,2.0,0.0,17.0,1.0,4.0,7.0,3.0,3.0,3.0,13.0,20.0,3.0,7.0,3.0,2.0,0.0,3.0,20.0,1.0,0.0,3.0,63.0,18.0,11.0,18.0,8.0,10.0,1.0
2021-11-26,11.0,13.0,4.0,1.0,8.0,11.0,16.0,2.0,16.0,1.0,2.0,22.0,4.0,2.0,11.0,9.0,15.0,4.0,4.0,2.0,5.0,1.0,6.0,14.0,4.0,0.0,3.0,114.0,35.0,7.0,24.0,5.0,22.0,1.0
2021-11-29,5.0,5.0,3.0,1.0,0.0,1.0,3.0,0.0,13.0,1.0,0.0,5.0,0.0,-1.0,3.0,3.0,6.0,0.0,0.0,3.0,1.0,1.0,1.0,9.0,-1.0,0.0,3.0,25.0,40.0,12.0,4.0,8.0,3.0,-2.0
2021-12-03,3.0,8.0,2.0,1.0,1.0,2.0,2.0,0.0,11.0,0.0,0.0,15.0,1.0,0.0,5.0,4.0,12.0,1.0,2.0,2.0,0.0,0.0,0.0,13.0,0.0,0.0,1.0,42.0,20.0,5.0,9.0,12.0,3.0,3.0
2021-12-06,6.0,7.0,5.0,0.0,0.0,1.0,4.0,2.0,7.0,2.0,3.0,12.0,0.0,1.0,2.0,3.0,1.0,0.0,2.0,0.0,0.0,0.0,0.0,7.0,1.0,0.0,0.0,27.0,20.0,6.0,5.0,8.0,3.0,-2.0
2021-12-10,2.0,4.0,1.0,0.0,2.0,2.0,6.0,1.0,7.0,-1.0,2.0,8.0,1.0,1.0,1.0,0.0,4.0,1.0,0.0,1.0,1.0,3.0,2.0,9.0,1.0,0.0,0.0,37.0,9.0,0.0,11.0,4.0,2.0,1.0
2021-12-13,1.0,7.0,1.0,0.0,-1.0,-5.0,3.0,-1.0,0.0,0.0,0.0,5.0,3.0,0.0,5.0,2.0,0.0,0.0,0.0,0.0,-1.0,0.0,-1.0,6.0,-1.0,1.0,-1.0,6.0,15.0,0.0,-2.0,6.0,-2.0,-1.0
2021-12-17,1.0,7.0,3.0,0.0,0.0,0.0,3.0,1.0,2.0,1.0,0.0,3.0,-1.0,0.0,4.0,3.0,3.0,-3.0,0.0,3.0,2.0,0.0,2.0,5.0,1.0,0.0,0.0,31.0,23.0,3.0,7.0,3.0,8.0,-2.0
2021-12-20,0.0,2.0,5.0,2.0,2.0,1.0,2.0,0.0,4.0,1.0,0.0,3.0,5.0,0.0,6.0,0.0,0.0,0.0,4.0,1.0,5.0,0.0,0.0,5.0,0.0,0.0,0.0,14.0,9.0,2.0,4.0,6.0,5.0,-1.0
2021-12-24,0.0,6.0,2.0,0.0,4.0,2.0,4.0,0.0,2.0,4.0,0.0,3.0,5.0,1.0,4.0,3.0,1.0,1.0,0.0,0.0,0.0,0.0,0.0,11.0,0.0,0.0,1.0,19.0,10.0,0.0,4.0,3.0,1.0,4.0
2021-12-27,0.0,1.0,0.0,0.0,1.0,1.0,1.0,1.0,1.0,2.0,1.0,10.0,0.0,0.0,6.0,0.0,-1.0,0.0,-1.0,0.0,-1.0,1.0,0.0,5.0,0.0,0.0,0.0,8.0,6.0,0.0,-3.0,0.0,2.0,55.0
2021-12-31,0.0,1.0,2.0,-1.0,0.0,0.0,9.0,0.0,3.0,2.0,0.0,2.0,1.0,1.0,-1.0,0.0,1.0,-1.0,-2.0,1.0,1.0,1.0,-1.0,3.0,1.0,0.0,0.0,30.0,12.0,1.0,2.0,5.0,7.0,23.0
2022-01-03,3.0,1.0,1.0,0.0,1.0,4.0,9.0,0.0,2.0,1.0,0.0,6.0,0.0,1.0,1.0,1.0,2.0,0.0,0.0,-1.0,0.0,1.0,5.0,1.0,0.0,0.0,0.0,26.0,16.0,3.0,0.0,3.0,4.0,9.0
2022-01-07,1.0,11.0,2.0,0.0,2.0,4.0,12.0,0.0,11.0,1.0,0.0,27.0,3.0,2.0,7.0,3.0,2.0,-1.0,1.0,0.0,0.0,0.0,3.0,3.0,0.0,0.0,0.0,53.0,11.0,3.0,5.0,8.0,9.0,3.0
2022-01-10,1.0,3.0,3.0,1.0,4.0,6.0,9.0,0.0,11.0,1.0,3.0,12.0,0.0,1.0,7.0,2.0,3.0,1.0,0.0,3.0,0.0,5.0,6.0,3.0,3.0,0.0,5.0,89.0,15.0,7.0,9.0,7.0,15.0,14.0
2022-01-14,5.0,5.0,3.0,1.0,3.0,11.0,24.0,1.0,12.0,5.0,2.0,34.0,2.0,3.0,13.0,4.0,5.0,9.0,1.0,0.0,1.0,6.0,10.0,4.0,6.0,1.0,3.0,171.0,28.0,13.0,30.0,11.0,11.0,18.0
2022-01-17,17.0,9.0,13.0,7.0,3.0,9.0,28.0,0.0,39.0,5.0,1.0,48.0,2.0,2.0,18.0,10.0,5.0,7.0,6.0,1.0,-1.0,4.0,11.0,12.0,13.0,1.0,2.0,229.0,38.0,15.0,26.0,42.0,25.0,35.0
2022-01-21,19.0,13.0,19.0,3.0,5.0,18.0,78.0,3.0,52.0,2.0,10.0,59.0,3.0,4.0,49.0,19.0,11.0,13.0,17.0,3.0,3.0,5.0,11.0,25.0,7.0,2.0,13.0,427.0,90.0,34.0,43.0,45.0,62.0,65.0
2022-01-24,27.0,21.0,18.0,5.0,16.0,26.0,64.0,5.0,83.0,21.0,4.0,81.0,16.0,6.0,41.0,10.0,16.0,12.0,22.0,6.0,11.0,19.0,33.0,30.0,12.0,9.0,34.0,440.0,115.0,36.0,77.0,48.0,69.0,53.0
2022-01-28,48.0,62.0,52.0,16.0,25.0,76.0,172.0,3.0,127.0,40.0,5.0,229.0,24.0,12.0,90.0,64.0,45.0,31.0,34.0,22.0,34.0,47.0,72.0,71.0,30.0,11.0,24.0,1311.0,218.0,126.0,205.0,190.0,177.0,-203.0
2022-01-31,32.0,70.0,62.0,9.0,95.0,60.0,145.0,7.0,138.0,21.0,15.0,128.0,36.0,18.0,50.0,30.0,57.0,35.0,54.0,15.0,25.0,24.0,58.0,79.0,38.0,4.0,39.0,1126.0,273.0,107.0,194.0,112.0,174.0,25.0
2022-02-04,59.0,139.0,74.0,30.0,126.0,134.0,149.0,12.0,196.0,48.0,15.0,255.0,43.0,24.0,167.0,109.0,33.0,46.0,49.0,38.0,9.0,68.0,73.0,93.0,59.0,10.0,44.0,1564.0,378.0,88.0,398.0,245.0,268.0,-1.0
2022-02-07,51.0,127.0,59.0,26.0,87.0,98.0,171.0,4.0,102.0,31.0,9.0,201.0,57.0,24.0,128.0,108.0,46.0,61.0,49.0,31.0,41.0,72.0,98.0,74.0,25.0,6.0,61.0,1444.0,304.0,126.0,339.0,207.0,240.0,13.0
2022-02-11,35.0,117.0,85.0,51.0,121.0,132.0,255.0,15.0,277.0,64.0,36.0,326.0,81.0,35.0,226.0,80.0,53.0,77.0,58.0,33.0,63.0,110.0,117.0,131.0,74.0,11.0,99.0,2005.0,496.0,176.0,427.0,354.0,287.0,0.0
2022-02-14,89.0,181.0,88.0,67.0,117.0,129.0,199.0,15.0,184.0,36.0,35.0,346.0,80.0,43.0,140.0,93.0,33.0,56.0,41.0,36.0,53.0,70.0,93.0,114.0,42.0,13.0,59.0,1494.0,344.0,184.0,377.0,230.0,275.0,0.0
2022-02-18,71.0,311.0,105.0,56.0,129.0,165.0,231.0,19.0,153.0,52.0,42.0,464.0,133.0,48.0,223.0,147.0,79.0,78.0,51.0,40.0,66.0,90.0,112.0,153.0,91.0,32.0,82.0,2244.0,480.0,204.0,649.0,375.0,390.0,0.0
2022-02-21,45.0,163.0,51.0,18.0,60.0,101.0,112.0,12.0,49.0,47.0,33.0,267.0,62.0,20.0,87.0,78.0,21.0,68.0,40.0,40.0,40.0,87.0,52.0,109.0,55.0,17.0,59.0,1163.0,296.0,136.0,459.0,228.0,229.0,20.0
2022-02-25,54.0,228.0,47.0,25.0,129.0,113.0,148.0,36.0,141.0,37.0,35.0,312.0,38.0,32.0,122.0,109.0,44.0,82.0,43.0,39.0,72.0,68.0,60.0,105.0,76.0,23.0,49.0,1428.0,356.0,112.0,471.0,282.0,385.0,-1.0
2022-02-28,51.0,109.0,32.0,36.0,72.0,70.0,93.0,8.0,56.0,15.0,21.0,228.0,41.0,30.0,111.0,58.0,18.0,58.0,44.0,14.0,51.0,64.0,30.0,64.0,50.0,30.0,25.0,1119.0,235.0,81.0,340.0,222.0,226.0,0.0
2022-03-04,58.0,147.0,58.0,28.0,96.0,77.0,128.0,10.0,119.0,46.0,48.0,285.0,50.0,28.0,121.0,80.0,24.0,75.0,46.0,29.0,64.0,63.0,41.0,67.0,50.0,19.0,45.0,1310.0,298.0,115.0,344.0,219.0,253.0,0.0
2022-03-07,43.0,85.0,34.0,20.0,33.0,71.0,81.0,12.0,62.0,28.0,16.0,185.0,33.0,9.0,62.0,64.0,10.0,60.0,46.0,15.0,42.0,51.0,29.0,69.0,39.0,12.0,47.0,955.0,145.0,80.0,212.0,141.0,204.0,0.0
2022-03-11,71.0,105.0,36.0,24.0,77.0,92.0,122.0,5.0,100.0,37.0,28.0,319.0,31.0,27.0,98.0,74.0,26.0,46.0,69.0,29.0,63.0,73.0,32.0,52.0,43.0,10.0,39.0,1089.0,208.0,79.0,290.0,181.0,247.0,0.0
2022-03-14,35.0,80.0,17.0,22.0,32.0,50.0,83.0,4.0,55.0,24.0,19.0,163.0,25.0,15.0,63.0,42.0,9.0,33.0,47.0,8.0,46.0,59.0,32.0,19.0,19.0,9.0,48.0,690.0,152.0,76.0,184.0,167.0,151.0,1.0
2022-03-18,37.0,95.0,39.0,23.0,68.0,60.0,117.0,2.0,72.0,23.0,39.0,283.0,30.0,19.0,81.0,62.0,20.0,45.0,72.0,18.0,42.0,76.0,29.0,44.0,15.0,21.0,36.0,897.0,170.0,72.0,260.0,170.0,153.0,0.0
2022-03-21,21.0,71.0,23.0,17.0,18.0,47.0,68.0,4.0,47.0,13.0,16.0,120.0,18.0,7.0,47.0,22.0,5.0,16.0,38.0,5.0,35.0,29.0,18.0,35.0,8.0,12.0,20.0,504.0,96.0,52.0,159.0,128.0,88.0,0.0
2022-03-25,46.0,55.0,16.0,11.0,28.0,42.0,58.0,1.0,51.0,17.0,17.0,124.0,20.0,21.0,37.0,24.0,18.0,24.0,56.0,5.0,25.0,37.0,13.0,23.0,22.0,9.0,23.0,535.0,74.0,57.0,156.0,124.0,102.0,0.0
2022-03-28,15.0,42.0,13.0,8.0,14.0,25.0,41.0,3.0,21.0,10.0,12.0,64.0,18.0,6.0,13.0,22.0,7.0,10.0,18.0,4.0,22.0,17.0,8.0,10.0,9.0,11.0,10.0,324.0,69.0,26.0,90.0,54.0,54.0,0.0
2022-04-01,28.0,17.0,10.0,4.0,34.0,21.0,29.0,4.0,41.0,10.0,5.0,73.0,9.0,4.0,26.0,12.0,8.0,16.0,27.0,2.0,17.0,31.0,13.0,19.0,7.0,7.0,11.0,301.0,41.0,27.0,67.0,57.0,60.0,0.0
2022-04-04,10.0,20.0,6.0,7.0,5.0,6.0,22.0,0.0,28.0,4.0,3.0,42.0,12.0,3.0,16.0,11.0,7.0,5.0,16.0,3.0,9.0,13.0,7.0,8.0,9.0,1.0,5.0,174.0,21.0,16.0,48.0,55.0,37.0,0.0
2022-04-08,14.0,23.0,10.0,7.0,9.0,20.0,22.0,0.0,19.0,5.0,3.0,57.0,9.0,0.0,16.0,3.0,10.0,11.0,12.0,5.0,11.0,10.0,8.0,11.0,9.0,1.0,4.0,266.0,24.0,18.0,48.0,43.0,40.0,0.0
2022-04-11,3.0,10.0,5.0,2.0,2.0,10.0,15.0,0.0,6.0,2.0,6.0,41.0,7.0,4.0,8.0,4.0,7.0,4.0,5.0,0.0,3.0,5.0,4.0,7.0,3.0,2.0,4.0,120.0,16.0,18.0,35.0,20.0,25.0,0.0
2022-04-15,3.0,2.0,4.0,9.0,6.0,8.0,9.0,0.0,7.0,8.0,2.0,50.0,5.0,5.0,11.0,4.0,14.0,5.0,4.0,4.0,15.0,7.0,5.0,15.0,3.0,0.0,4.0,157.0,18.0,22.0,36.0,16.0,21.0,0.0
2022-04-18,1.0,4.0,8.0,3.0,2.0,4.0,5.0,1.0,5.0,3.0,1.0,39.0,2.0,4.0,14.0,3.0,6.0,1.0,1.0,1.0,1.0,0.0,3.0,8.0,3.0,1.0,3.0,68.0,5.0,4.0,13.0,14.0,18.0,0.0
2022-04-22,5.0,11.0,4.0,6.0,6.0,8.0,15.0,2.0,12.0,2.0,3.0,44.0,1.0,2.0,12.0,6.0,4.0,2.0,7.0,3.0,5.0,3.0,4.0,4.0,0.0,1.0,3.0,167.0,14.0,21.0,31.0,27.0,25.0,0.0
2022-04-25,2.0,2.0,4.0,1.0,5.0,7.0,1.0,3.0,3.0,3.0,0.0,18.0,0.0,1.0,4.0,2.0,5.0,7.0,2.0,2.0,8.0,3.0,0.0,8.0,3.0,0.0,12.0,91.0,8.0,6.0,17.0,10.0,10.0,0.0
2022-04-29,3.0,9.0,0.0,1.0,4.0,5.0,8.0,2.0,2.0,4.0,1.0,41.0,2.0,1.0,7.0,3.0,7.0,2.0,2.0,0.0,4.0,2.0,3.0,2.0,0.0,1.0,-4.0,108.0,10.0,10.0,26.0,10.0,6.0,0.0
2022-05-02,1.0,6.0,3.0,1.0,3.0,3.0,4.0,2.0,1.0,1.0,0.0,20.0,3.0,0.0,6.0,3.0,5.0,2.0,5.0,4.0,7.0,2.0,3.0,2.0,6.0,2.0,1.0,85.0,2.0,6.0,12.0,7.0,23.0,0.0
2022-05-06,2.0,7.0,4.0,1.0,2.0,5.0,3.0,8.0,6.0,3.0,0.0,46.0,1.0,5.0,9.0,3.0,5.0,4.0,5.0,2.0,4.0,1.0,1.0,4.0,2.0,0.0,4.0,142.0,10.0,5.0,9.0,3.0,23.0,0.0
2022-05-09,6.0,11.0,2.0,6.0,0.0,3.0,5.0,1.0,7.0,5.0,1.0,34.0,1.0,2.0,8.0,7.0,0.0,4.0,3.0,0.0,3.0,3.0,2.0,1.0,4.0,1.0,1.0,107.0,11.0,6.0,15.0,5.0,18.0,-1.0
2022-05-13,7.0,10.0,8.0,6.0,4.0,12.0,7.0,1.0,10.0,4.0,2.0,85.0,2.0,9.0,15.0,2.0,6.0,6.0,9.0,3.0,7.0,2.0,2.0,12.0,4.0,0.0,2.0,218.0,23.0,14.0,25.0,10.0,23.0,0.0
2022-05-16,2.0,11.0,5.0,3.0,3.0,8.0,10.0,4.0,3.0,2.0,0.0,62.0,5.0,4.0,16.0,1.0,5.0,7.0,4.0,7.0,9.0,4.0,3.0,9.0,4.0,1.0,8.0,166.0,18.0,12.0,21.0,13.0,22.0,0.0
2022-05-20,5.0,15.0,7.0,3.0,12.0,6.0,14.0,1.0,13.0,4.0,12.0,123.0,2.0,6.0,22.0,8.0,5.0,13.0,14.0,4.0,8.0,5.0,3.0,7.0,5.0,0.0,6.0,333.0,36.0,14.0,36.0,24.0,46.0,0.0
2022-05-23,7.0,4.0,4.0,1.0,4.0,7.0,13.0,2.0,12.0,8.0,7.0,70.0,6.0,4.0,11.0,1.0,4.0,9.0,3.0,2.0,7.0,4.0,2.0,12.0,5.0,1.0,5.0,238.0,16.0,11.0,19.0,24.0,25.0,0.0
2022-05-27,9.0,29.0,8.0,7.0,18.0,20.0,21.0,11.0,12.0,17.0,5.0,124.0,5.0,10.0,29.0,17.0,10.0,10.0,10.0,3.0,6.0,8.0,4.0,23.0,0.0,0.0,1.0,442.0,32.0,29.0,48.0,41.0,55.0,0.0
2022-05-30,6.0,31.0,18.0,6.0,4.0,17.0,16.0,5.0,4.0,14.0,9.0,136.0,3.0,8.0,20.0,20.0,9.0,12.0,17.0,2.0,11.0,10.0,7.0,30.0,4.0,1.0,7.0,314.0,41.0,18.0,70.0,26.0,64.0,0.0
2022-06-03,14.0,19.0,7.0,8.0,19.0,17.0,40.0,14.0,13.0,29.0,6.0,192.0,5.0,7.0,32.0,9.0,12.0,20.0,14.0,1.0,15.0,27.0,3.0,13.0,6.0,1.0,3.0,490.0,46.0,19.0,57.0,60.0,71.0,-1.0
2022-06-06,6.0,22.0,15.0,5.0,10.0,19.0,13.0,7.0,8.0,10.0,16.0,98.0,7.0,6.0,23.0,12.0,14.0,17.0,10.0,5.0,18.0,18.0,8.0,16.0,10.0,7.0,10.0,339.0,21.0,41.0,75.0,43.0,79.0,0.0
2022-06-10,22.0,21.0,20.0,7.0,17.0,24.0,49.0,7.0,26.0,13.0,15.0,197.0,12.0,5.0,49.0,26.0,15.0,19.0,21.0,7.0,25.0,20.0,11.0,27.0,16.0,9.0,14.0,660.0,83.0,59.0,128.0,88.0,126.0,-1.0
2022-06-13,14.0,46.0,8.0,9.0,9.0,20.0,37.0,8.0,10.0,7.0,11.0,116.0,12.0,10.0,23.0,18.0,7.0,14.0,19.0,7.0,32.0,21.0,5.0,34.0,17.0,2.0,10.0,494.0,65.0,34.0,129.0,66.0,102.0,0.0
2022-06-17,21.0,29.0,13.0,10.0,30.0,36.0,70.0,6.0,14.0,14.0,18.0,158.0,10.0,7.0,48.0,23.0,12.0,44.0,31.0,12.0,38.0,24.0,12.0,21.0,10.0,4.0,19.0,762.0,93.0,47.0,146.0,108.0,144.0,0.0
2022-06-20,22.0,22.0,18.0,13.0,7.0,26.0,33.0,9.0,10.0,18.0,16.0,139.0,10.0,12.0,25.0,10.0,4.0,35.0,25.0,6.0,33.0,20.0,26.0,27.0,13.0,10.0,14.0,513.0,68.0,26.0,116.0,92.0,77.0,4.0
2022-06-24,29.0,24.0,19.0,10.0,25.0,33.0,24.0,18.0,27.0,13.0,21.0,156.0,16.0,15.0,42.0,8.0,15.0,34.0,25.0,6.0,19.0,24.0,27.0,20.0,12.0,10.0,11.0,674.0,59.0,41.0,112.0,99.0,117.0,-1.0
2022-06-27,30.0,17.0,21.0,13.0,12.0,38.0,36.0,8.0,14.0,11.0,17.0,138.0,17.0,16.0,35.0,14.0,8.0,24.0,30.0,8.0,26.0,22.0,15.0,47.0,10.0,30.0,17.0,576.0,56.0,54.0,119.0,65.0,96.0,0.0
2022-07-01,29.0,27.0,31.0,22.0,31.0,38.0,40.0,5.0,35.0,22.0,18.0,176.0,8.0,12.0,61.0,19.0,15.0,22.0,25.0,14.0,25.0,24.0,21.0,33.0,19.0,12.0,2.0,753.0,89.0,57.0,113.0,98.0,130.0,0.0
2022-07-04,18.0,17.0,22.0,9.0,8.0,23.0,27.0,9.0,25.0,17.0,16.0,118.0,16.0,9.0,45.0,12.0,11.0,25.0,22.0,10.0,15.0,23.0,14.0,14.0,9.0,20.0,15.0,498.0,54.0,36.0,77.0,67.0,88.0,0.0
2022-07-08,17.0,31.0,20.0,17.0,20.0,31.0,41.0,4.0,34.0,20.0,17.0,159.0,18.0,8.0,75.0,9.0,16.0,32.0,22.0,20.0,11.0,27.0,20.0,21.0,7.0,8.0,16.0,680.0,91.0,47.0,62.0,83.0,117.0,1.0
2022-07-11,13.0,18.0,15.0,5.0,14.0,24.0,18.0,5.0,27.0,8.0,10.0,109.0,12.0,10.0,38.0,16.0,9.0,10.0,14.0,9.0,12.0,18.0,16.0,19.0,13.0,11.0,9.0,423.0,70.0,40.0,51.0,49.0,63.0,1.0
2022-07-15,14.0,15.0,12.0,10.0,29.0,40.0,45.0,7.0,17.0,19.0,12.0,131.0,16.0,13.0,47.0,25.0,11.0,27.0,29.0,6.0,10.0,13.0,9.0,20.0,18.0,5.0,13.0,567.0,78.0,55.0,68.0,67.0,118.0,0.0
2022-07-18,17.0,16.0,6.0,7.0,6.0,15.0,18.0,5.0,8.0,9.0,9.0,84.0,8.0,6.0,16.0,16.0,13.0,16.0,15.0,5.0,12.0,8.0,5.0,18.0,9.0,11.0,8.0,322.0,49.0,29.0,39.0,38.0,73.0,1.0
2022-07-22,16.0,19.0,9.0,6.0,15.0,29.0,22.0,10.0,12.0,15.0,5.0,128.0,9.0,18.0,35.0,19.0,14.0,17.0,26.0,6.0,18.0,14.0,11.0,16.0,9.0,5.0,8.0,445.0,69.0,50.0,76.0,80.0,118.0,1.0
2022-07-25,15.0,19.0,14.0,7.0,14.0,32.0,11.0,6.0,10.0,15.0,3.0,84.0,18.0,5.0,10.0,8.0,7.0,10.0,24.0,1.0,5.0,13.0,7.0,15.0,6.0,15.0,3.0,291.0,43.0,32.0,68.0,57.0,83.0,0.0
2022-07-29,18.0,27.0,25.0,4.0,20.0,36.0,37.0,12.0,22.0,11.0,10.0,180.0,8.0,13.0,36.0,18.0,7.0,22.0,34.0,9.0,16.0,18.0,20.0,16.0,11.0,2.0,1.0,496.0,60.0,45.0,93.0,83.0,133.0,0.0
2022-08-01,14.0,22.0,15.0,6.0,9.0,11.0,34.0,8.0,21.0,19.0,6.0,90.0,19.0,9.0,30.0,19.0,8.0,13.0,25.0,8.0,10.0,17.0,14.0,16.0,4.0,3.0,2.0,376.0,60.0,31.0,62.0,72.0,49.0,0.0
2022-08-05,25.0,23.0,35.0,10.0,31.0,28.0,40.0,14.0,37.0,42.0,10.0,195.0,16.0,7.0,60.0,29.0,10.0,28.0,22.0,17.0,18.0,22.0,12.0,35.0,11.0,12.0,7.0,556.0,109.0,53.0,87.0,103.0,106.0,1.0
2022-08-08,29.0,28.0,17.0,9.0,12.0,18.0,38.0,4.0,55.0,22.0,13.0,126.0,10.0,5.0,40.0,10.0,7.0,17.0,10.0,6.0,15.0,17.0,17.0,28.0,14.0,4.0,8.0,399.0,55.0,76.0,86.0,73.0,68.0,0.0
2022-08-12,26.0,33.0,26.0,7.0,44.0,54.0,63.0,6.0,62.0,29.0,22.0,219.0,23.0,11.0,70.0,24.0,17.0,16.0,27.0,13.0,7.0,50.0,14.0,41.0,21.0,6.0,9.0,602.0,105.0,72.0,116.0,108.0,129.0,0.0
2022-08-15,26.0,25.0,21.0,7.0,23.0,29.0,33.0,7.0,36.0,17.0,7.0,125.0,15.0,7.0,29.0,35.0,2.0,30.0,23.0,16.0,8.0,27.0,11.0,30.0,33.0,6.0,4.0,388.0,81.0,35.0,64.0,76.0,74.0,0.0
2022-08-19,22.0,43.0,14.0,6.0,17.0,29.0,47.0,2.0,37.0,15.0,5.0,163.0,10.0,7.0,56.0,32.0,11.0,17.0,20.0,16.0,16.0,24.0,8.0,21.0,40.0,0.0,0.0,494.0,72.0,47.0,113.0,66.0,84.0,1.0
2022-08-22,19.0,43.0,27.0,4.0,19.0,19.0,37.0,10.0,32.0,5.0,10.0,112.0,10.0,6.0,38.0,36.0,5.0,10.0,10.0,6.0,22.0,13.0,4.0,19.0,19.0,7.0,3.0,378.0,43.0,22.0,81.0,56.0,74.0,0.0
2022-08-26,13.0,27.0,25.0,5.0,40.0,33.0,28.0,5.0,22.0,16.0,13.0,142.0,9.0,7.0,37.0,37.0,6.0,24.0,12.0,9.0,25.0,23.0,5.0,25.0,27.0,4.0,10.0,481.0,80.0,42.0,118.0,69.0,102.0,0.0
2022-08-29,10.0,27.0,11.0,10.0,16.0,30.0,22.0,3.0,14.0,10.0,7.0,65.0,8.0,6.0,29.0,22.0,8.0,9.0,9.0,2.0,11.0,12.0,5.0,13.0,19.0,6.0,4.0,236.0,33.0,20.0,65.0,46.0,32.0,0.0
2022-09-02,37.0,27.0,20.0,8.0,15.0,26.0,30.0,1.0,29.0,22.0,10.0,81.0,9.0,7.0,24.0,26.0,3.0,21.0,3.0,2.0,7.0,16.0,16.0,21.0,29.0,5.0,3.0,318.0,38.0,45.0,70.0,54.0,64.0,0.0
2022-09-05,20.0,27.0,14.0,0.0,11.0,13.0,20.0,3.0,18.0,12.0,2.0,34.0,5.0,0.0,20.0,16.0,2.0,6.0,6.0,3.0,5.0,19.0,3.0,20.0,13.0,7.0,4.0,225.0,34.0,24.0,54.0,20.0,52.0,0.0
2022-09-09,6.0,14.0,11.0,3.0,15.0,9.0,30.0,2.0,25.0,7.0,2.0,77.0,5.0,1.0,20.0,11.0,2.0,11.0,6.0,7.0,5.0,10.0,6.0,15.0,12.0,3.0,0.0,273.0,35.0,36.0,67.0,33.0,40.0,0.0
2022-09-12,12.0,12.0,14.0,6.0,12.0,13.0,16.0,2.0,13.0,9.0,1.0,38.0,2.0,1.0,9.0,7.0,3.0,12.0,8.0,1.0,17.0,8.0,3.0,13.0,11.0,1.0,1.0,155.0,27.0,20.0,62.0,31.0,19.0,0.0
2022-09-19,12.0,28.0,14.0,4.0,15.0,5.0,19.0,5.0,20.0,9.0,4.0,78.0,4.0,9.0,16.0,10.0,16.0,20.0,8.0,4.0,23.0,9.0,6.0,16.0,15.0,5.0,4.0,343.0,53.0,16.0,56.0,30.0,45.0,0.0
2022-09-23,5.0,6.0,3.0,2.0,2.0,13.0,11.0,4.0,11.0,13.0,4.0,48.0,3.0,1.0,20.0,7.0,17.0,14.0,7.0,5.0,6.0,8.0,5.0,4.0,9.0,2.0,2.0,185.0,28.0,17.0,50.0,31.0,39.0,0.0
2022-09-26,8.0,23.0,5.0,7.0,11.0,14.0,20.0,11.0,4.0,10.0,4.0,33.0,4.0,1.0,26.0,15.0,5.0,10.0,26.0,0.0,13.0,12.0,3.0,9.0,4.0,2.0,1.0,196.0,24.0,21.0,38.0,25.0,41.0,0.0
2022-10-03,17.0,41.0,8.0,14.0,19.0,23.0,38.0,15.0,11.0,10.0,6.0,84.0,9.0,8.0,45.0,19.0,16.0,20.0,21.0,6.0,16.0,14.0,10.0,26.0,19.0,4.0,4.0,367.0,42.0,57.0,88.0,41.0,34.0,0.0
2022-10-10,35.0,30.0,7.0,5.0,8.0,11.0,26.0,14.0,6.0,14.0,6.0,97.0,4.0,3.0,22.0,20.0,12.0,11.0,5.0,3.0,18.0,9.0,3.0,30.0,22.0,0.0,6.0,349.0,41.0,29.0,77.0,17.0,53.0,0.0
2022-10-14,5.0,11.0,1.0,2.0,0.0,7.0,10.0,3.0,6.0,11.0,0.0,51.0,6.0,7.0,13.0,2.0,7.0,10.0,6.0,1.0,5.0,2.0,1.0,9.0,13.0,0.0,2.0,218.0,43.0,14.0,55.0,14.0,35.0,0.0
2022-10-17,16.0,17.0,14.0,3.0,3.0,6.0,13.0,1.0,5.0,6.0,1.0,49.0,2.0,3.0,16.0,8.0,5.0,3.0,10.0,1.0,4.0,10.0,3.0,7.0,10.0,13.0,0.0,192.0,23.0,18.0,42.0,15.0,28.0,0.0
2022-10-21,10.0,22.0,8.0,6.0,7.0,11.0,21.0,2.0,14.0,10.0,3.0,86.0,10.0,7.0,35.0,6.0,18.0,16.0,12.0,3.0,6.0,11.0,6.0,17.0,16.0,4.0,4.0,222.0,57.0,31.0,59.0,17.0,47.0,-1.0
2022-10-24,19.0,15.0,7.0,3.0,1.0,4.0,10.0,3.0,9.0,2.0,1.0,63.0,10.0,1.0,12.0,13.0,6.0,4.0,21.0,3.0,7.0,11.0,5.0,19.0,6.0,8.0,2.0,158.0,33.0,10.0,42.0,5.0,37.0,0.0
2022-10-28,19.0,16.0,16.0,2.0,2.0,3.0,11.0,7.0,17.0,2.0,3.0,97.0,11.0,3.0,34.0,9.0,8.0,8.0,14.0,4.0,16.0,13.0,4.0,21.0,9.0,4.0,3.0,289.0,38.0,19.0,57.0,30.0,67.0,0.0
2022-10-31,9.0,13.0,9.0,1.0,4.0,7.0,12.0,3.0,4.0,1.0,6.0,58.0,1.0,4.0,14.0,11.0,2.0,2.0,8.0,0.0,12.0,3.0,2.0,23.0,12.0,5.0,2.0,195.0,27.0,15.0,58.0,25.0,26.0,-2.0
2022-11-04,14.0,15.0,9.0,3.0,6.0,8.0,13.0,2.0,3.0,10.0,1.0,53.0,14.0,3.0,14.0,11.0,3.0,7.0,10.0,3.0,10.0,6.0,2.0,9.0,13.0,5.0,2.0,252.0,46.0,16.0,49.0,15.0,45.0,0.0
2022-11-07,52.0,16.0,3.0,2.0,9.0,4.0,23.0,8.0,12.0,4.0,11.0,72.0,10.0,8.0,22.0,10.0,13.0,6.0,12.0,11.0,17.0,5.0,3.0,10.0,12.0,7.0,2.0,280.0,54.0,22.0,63.0,21.0,48.0,0.0
2022-11-11,22.0,25.0,20.0,7.0,27.0,12.0,29.0,5.0,15.0,8.0,9.0,111.0,9.0,7.0,38.0,25.0,10.0,10.0,23.0,10.0,34.0,11.0,10.0,22.0,12.0,5.0,6.0,444.0,72.0,32.0,68.0,29.0,76.0,0.0
2022-11-14,9.0,14.0,13.0,5.0,11.0,8.0,10.0,1.0,9.0,3.0,2.0,63.0,10.0,2.0,16.0,16.0,7.0,9.0,12.0,7.0,11.0,6.0,2.0,9.0,5.0,2.0,6.0,263.0,50.0,16.0,64.0,20.0,46.0,1.0
2022-11-18,11.0,19.0,16.0,13.0,17.0,19.0,28.0,5.0,19.0,5.0,6.0,104.0,6.0,4.0,41.0,22.0,14.0,15.0,9.0,9.0,13.0,13.0,2.0,8.0,10.0,4.0,5.0,412.0,57.0,30.0,97.0,33.0,64.0,-1.0
2022-11-21,15.0,18.0,7.0,14.0,12.0,22.0,17.0,9.0,10.0,14.0,5.0,64.0,0.0,5.0,18.0,16.0,8.0,3.0,14.0,8.0,13.0,10.0,4.0,18.0,11.0,0.0,6.0,289.0,38.0,26.0,55.0,30.0,58.0,2.0
2022-11-25,10.0,25.0,12.0,5.0,12.0,10.0,30.0,9.0,12.0,3.0,12.0,96.0,9.0,9.0,30.0,16.0,10.0,9.0,23.0,4.0,13.0,24.0,8.0,18.0,7.0,4.0,6.0,309.0,71.0,27.0,80.0,81.0,64.0,0.0
2022-11-28,8.0,11.0,9.0,8.0,10.0,7.0,11.0,6.0,2.0,5.0,3.0,44.0,4.0,2.0,8.0,4.0,2.0,8.0,3.0,3.0,11.0,18.0,3.0,14.0,6.0,3.0,5.0,154.0,30.0,11.0,49.0,21.0,53.0,0.0
2022-12-02,10.0,23.0,11.0,3.0,22.0,14.0,10.0,2.0,8.0,1.0,3.0,55.0,12.0,5.0,11.0,13.0,6.0,7.0,5.0,6.0,9.0,20.0,1.0,8.0,7.0,3.0,0.0,271.0,52.0,20.0,64.0,50.0,42.0,0.0
2022-12-05,6.0,17.0,6.0,2.0,7.0,4.0,13.0,1.0,6.0,1.0,2.0,34.0,4.0,1.0,6.0,17.0,3.0,6.0,8.0,0.0,3.0,9.0,2.0,8.0,3.0,3.0,1.0,137.0,28.0,8.0,35.0,27.0,26.0,0.0
2022-12-09,5.0,11.0,18.0,10.0,22.0,11.0,12.0,2.0,14.0,3.0,1.0,55.0,10.0,0.0,18.0,17.0,5.0,5.0,10.0,1.0,9.0,13.0,4.0,6.0,5.0,1.0,3.0,205.0,48.0,31.0,46.0,48.0,22.0,1.0
2022-12-12,1.0,7.0,7.0,1.0,6.0,5.0,10.0,1.0,2.0,0.0,1.0,38.0,6.0,1.0,6.0,8.0,7.0,4.0,6.0,3.0,3.0,6.0,0.0,2.0,3.0,3.0,1.0,144.0,23.0,13.0,27.0,25.0,16.0,0.0
2022-12-16,11.0,14.0,12.0,8.0,12.0,14.0,23.0,6.0,5.0,4.0,0.0,76.0,9.0,4.0,23.0,18.0,10.0,11.0,2.0,2.0,8.0,10.0,3.0,9.0,1.0,4.0,3.0,230.0,49.0,32.0,62.0,53.0,29.0,0.0
2022-12-19,3.0,10.0,8.0,1.0,3.0,3.0,10.0,2.0,8.0,1.0,2.0,31.0,4.0,3.0,11.0,8.0,4.0,9.0,7.0,1.0,10.0,4.0,4.0,6.0,4.0,0.0,3.0,140.0,21.0,15.0,36.0,22.0,16.0,0.0
2022-12-23,4.0,14.0,7.0,3.0,8.0,9.0,26.0,6.0,14.0,1.0,0.0,47.0,12.0,3.0,15.0,13.0,6.0,16.0,5.0,8.0,9.0,2.0,5.0,16.0,4.0,4.0,3.0,240.0,48.0,18.0,47.0,48.0,53.0,-1.0
2022-12-26,9.0,10.0,5.0,1.0,6.0,7.0,2.0,4.0,4.0,3.0,3.0,25.0,4.0,1.0,14.0,11.0,6.0,6.0,7.0,7.0,10.0,2.0,1.0,12.0,5.0,1.0,0.0,139.0,43.0,11.0,34.0,23.0,17.0,0.0
2022-12-30,14.0,18.0,6.0,5.0,14.0,18.0,24.0,5.0,8.0,6.0,7.0,59.0,18.0,5.0,21.0,15.0,11.0,11.0,20.0,5.0,12.0,9.0,2.0,14.0,14.0,1.0,7.0,323.0,53.0,37.0,68.0,46.0,71.0,0.0
2023-01-05,10.0,20.0,9.0,3.0,14.0,9.0,21.0,3.0,13.0,3.0,4.0,62.0,8.0,2.0,15.0,28.0,16.0,8.0,20.0,6.0,13.0,9.0,9.0,3.0,11.0,1.0,6.0,231.0,42.0,22.0,68.0,35.0,52.0,0.0
2023-01-09,2.0,8.0,6.0,0.0,6.0,7.0,17.0,0.0,9.0,4.0,3.0,35.0,2.0,1.0,19.0,9.0,9.0,4.0,11.0,8.0,12.0,-1.0,7.0,2.0,12.0,0.0,4.0,117.0,41.0,13.0,32.0,13.0,33.0,0.0
