,Alto Hospicio,Camina,Colchane,Huara,Iquique,Pica,Pozo Almonte,Desconocido Tarapaca
2020-04-01,0.0,0.0,0.0,0.0,4.0,0.0,0.0,0.0
2020-04-03,0.0,0.0,0.0,0.0,1.0,0.0,0.0,0.0
2020-04-06,5.0,0.0,0.0,0.0,3.0,0.0,0.0,0.0
2020-04-08,1.0,0.0,0.0,0.0,3.0,0.0,0.0,0.0
2020-04-10,4.0,0.0,0.0,0.0,2.0,5.0,0.0,0.0
2020-04-13,4.0,0.0,0.0,0.0,8.0,5.0,2.0,0.0
2020-04-15,1.0,0.0,0.0,0.0,0.0,9.0,0.0,0.0
2020-04-17,1.0,0.0,0.0,0.0,5.0,5.0,0.0,0.0
2020-04-20,11.0,0.0,0.0,0.0,5.0,4.0,0.0,0.0
2020-04-24,12.0,0.0,0.0,0.0,22.0,3.0,0.0,0.0
2020-04-27,16.0,0.0,0.0,0.0,17.0,0.0,0.0,0.0
2020-05-01,22.0,0.0,0.0,0.0,15.0,0.0,0.0,0.0
2020-05-04,51.0,0.0,0.0,3.0,32.0,0.0,1.0,0.0
2020-05-08,33.0,0.0,0.0,3.0,131.0,4.0,1.0,0.0
2020-05-11,27.0,0.0,0.0,3.0,55.0,2.0,1.0,0.0
2020-05-15,88.0,0.0,0.0,4.0,132.0,0.0,2.0,0.0
2020-05-18,103.0,0.0,0.0,2.0,170.0,2.0,3.0,0.0
2020-05-22,125.0,0.0,0.0,3.0,202.0,-2.0,10.0,0.0
2020-05-25,87.0,0.0,0.0,1.0,139.0,2.0,8.0,0.0
2020-05-29,153.0,2.0,1.0,11.0,267.0,6.0,19.0,0.0
2020-06-01,175.0,2.0,0.0,1.0,229.0,6.0,22.0,0.0
2020-06-05,143.0,4.0,3.0,2.0,253.0,6.0,22.0,0.0
2020-06-08,176.0,2.0,1.0,4.0,204.0,2.0,30.0,0.0
2020-06-12,107.0,0.0,5.0,3.0,238.0,1.0,71.0,0.0
2020-06-15,123.0,2.0,6.0,1.0,237.0,7.0,48.0,0.0
2020-06-19,204.0,4.0,10.0,14.0,319.0,10.0,58.0,258.0
2020-06-23,143.0,0.0,17.0,8.0,254.0,6.0,44.0,13.0
2020-06-28,134.0,9.0,11.0,2.0,258.0,7.0,35.0,-11.0
2020-07-01,33.0,4.0,4.0,3.0,109.0,1.0,19.0,35.0
2020-07-05,83.0,4.0,3.0,10.0,264.0,20.0,33.0,7.0
2020-07-10,85.0,2.0,11.0,14.0,231.0,52.0,45.0,8.0
2020-07-13,41.0,1.0,5.0,13.0,120.0,5.0,34.0,12.0
2020-07-17,50.0,1.0,1.0,11.0,139.0,8.0,12.0,14.0
2020-07-20,72.0,6.0,1.0,9.0,125.0,16.0,26.0,35.0
2020-07-24,58.0,0.0,7.0,7.0,206.0,4.0,35.0,1.0
2020-07-27,43.0,-4.0,3.0,1.0,148.0,9.0,21.0,13.0
2020-07-31,109.0,3.0,3.0,2.0,230.0,32.0,114.0,16.0
2020-08-03,72.0,0.0,0.0,-1.0,107.0,14.0,25.0,2.0
2020-08-07,84.0,0.0,1.0,2.0,187.0,8.0,28.0,19.0
2020-08-10,61.0,1.0,0.0,0.0,117.0,7.0,25.0,-9.0
2020-08-14,124.0,7.0,0.0,9.0,200.0,28.0,35.0,7.0
2020-08-17,87.0,7.0,3.0,3.0,119.0,19.0,21.0,7.0
2020-08-21,101.0,1.0,0.0,2.0,159.0,27.0,28.0,7.0
2020-08-24,87.0,1.0,1.0,4.0,136.0,13.0,23.0,3.0
2020-08-28,75.0,0.0,1.0,5.0,115.0,13.0,18.0,6.0
2020-08-31,66.0,0.0,0.0,2.0,110.0,9.0,11.0,5.0
2020-09-04,75.0,0.0,0.0,0.0,110.0,13.0,34.0,7.0
2020-09-07,63.0,0.0,0.0,1.0,66.0,6.0,7.0,2.0
2020-09-11,74.0,0.0,0.0,0.0,125.0,4.0,16.0,4.0
2020-09-14,68.0,0.0,0.0,2.0,104.0,0.0,6.0,11.0
2020-09-18,69.0,0.0,0.0,0.0,120.0,5.0,3.0,14.0
2020-09-21,31.0,0.0,0.0,0.0,43.0,4.0,6.0,27.0
2020-09-25,48.0,1.0,0.0,0.0,102.0,3.0,0.0,11.0
2020-09-28,45.0,0.0,0.0,0.0,82.0,4.0,9.0,38.0
2020-10-02,71.0,0.0,0.0,0.0,125.0,7.0,11.0,31.0
2020-10-05,26.0,2.0,0.0,3.0,65.0,6.0,3.0,59.0
2020-10-09,67.0,3.0,0.0,0.0,115.0,0.0,5.0,7.0
2020-10-12,34.0,0.0,0.0,1.0,56.0,2.0,4.0,57.0
2020-10-16,49.0,1.0,0.0,0.0,88.0,1.0,9.0,30.0
2020-10-19,41.0,0.0,0.0,0.0,70.0,0.0,5.0,18.0
2020-10-24,85.0,1.0,0.0,1.0,133.0,1.0,11.0,14.0
2020-10-26,32.0,0.0,0.0,1.0,52.0,1.0,5.0,11.0
2020-10-30,35.0,0.0,0.0,0.0,117.0,1.0,3.0,45.0
2020-11-02,39.0,0.0,3.0,2.0,78.0,4.0,4.0,11.0
2020-11-06,39.0,1.0,0.0,1.0,93.0,2.0,9.0,14.0
2020-11-09,40.0,2.0,1.0,10.0,77.0,12.0,19.0,31.0
2020-11-13,65.0,2.0,0.0,5.0,155.0,7.0,35.0,-78.0
2020-11-16,24.0,0.0,0.0,0.0,53.0,2.0,11.0,0.0
2020-11-20,44.0,4.0,0.0,10.0,110.0,1.0,9.0,3.0
2020-11-23,15.0,5.0,1.0,1.0,81.0,0.0,2.0,2.0
2020-11-27,52.0,4.0,0.0,0.0,132.0,0.0,6.0,-1.0
2020-11-30,39.0,0.0,1.0,0.0,76.0,0.0,1.0,2.0
2020-12-04,37.0,1.0,1.0,0.0,94.0,2.0,0.0,0.0
2020-12-07,52.0,1.0,4.0,1.0,79.0,3.0,16.0,0.0
2020-12-11,53.0,0.0,0.0,3.0,106.0,1.0,8.0,2.0
2020-12-14,61.0,1.0,0.0,8.0,109.0,0.0,7.0,2.0
2020-12-18,134.0,0.0,1.0,4.0,236.0,2.0,7.0,5.0
2020-12-21,84.0,0.0,2.0,0.0,182.0,3.0,8.0,-2.0
2020-12-25,142.0,0.0,2.0,2.0,282.0,4.0,10.0,4.0
2020-12-28,97.0,0.0,0.0,0.0,188.0,1.0,9.0,4.0
2021-01-01,213.0,2.0,0.0,2.0,367.0,0.0,21.0,3.0
2021-01-04,100.0,1.0,0.0,0.0,292.0,1.0,10.0,0.0
2021-01-08,304.0,1.0,0.0,0.0,589.0,12.0,24.0,-4.0
2021-01-11,220.0,0.0,1.0,3.0,418.0,25.0,26.0,1.0
2021-01-15,382.0,8.0,0.0,8.0,683.0,18.0,24.0,2.0
2021-01-18,185.0,3.0,2.0,12.0,466.0,13.0,23.0,2.0
2021-01-22,318.0,2.0,1.0,19.0,582.0,28.0,39.0,3.0
2021-01-25,209.0,1.0,0.0,11.0,341.0,12.0,22.0,1.0
2021-01-29,260.0,0.0,1.0,8.0,507.0,17.0,21.0,3.0
2021-02-01,136.0,0.0,3.0,0.0,312.0,9.0,27.0,2.0
2021-02-05,301.0,1.0,0.0,3.0,654.0,15.0,24.0,8.0
2021-02-08,136.0,0.0,3.0,0.0,288.0,6.0,37.0,7.0
2021-02-12,218.0,5.0,1.0,9.0,349.0,9.0,21.0,2.0
2021-02-15,133.0,1.0,0.0,18.0,269.0,4.0,30.0,5.0
2021-02-19,168.0,1.0,1.0,5.0,384.0,12.0,18.0,-6.0
2021-02-22,137.0,0.0,1.0,12.0,231.0,5.0,17.0,0.0
2021-02-26,218.0,0.0,0.0,5.0,359.0,18.0,29.0,-33.0
2021-03-01,90.0,6.0,0.0,2.0,219.0,5.0,19.0,2.0
2021-03-05,166.0,2.0,0.0,4.0,401.0,16.0,19.0,-1.0
2021-03-08,44.0,0.0,0.0,1.0,119.0,4.0,8.0,3.0
2021-03-12,215.0,2.0,1.0,3.0,491.0,15.0,34.0,8.0
2021-03-15,151.0,2.0,0.0,4.0,338.0,12.0,15.0,2.0
2021-03-19,157.0,5.0,1.0,-1.0,434.0,13.0,6.0,-1.0
2021-03-22,107.0,0.0,0.0,4.0,343.0,10.0,7.0,10.0
2021-03-26,229.0,1.0,1.0,2.0,545.0,4.0,22.0,0.0
2021-03-29,140.0,2.0,0.0,0.0,335.0,1.0,9.0,7.0
2021-04-02,244.0,0.0,0.0,4.0,595.0,8.0,13.0,1.0
2021-04-05,145.0,0.0,0.0,6.0,348.0,7.0,18.0,-7.0
2021-04-09,308.0,0.0,1.0,9.0,656.0,8.0,26.0,9.0
2021-04-12,196.0,1.0,0.0,7.0,350.0,5.0,30.0,-4.0
2021-04-16,307.0,0.0,0.0,2.0,568.0,12.0,41.0,20.0
2021-04-19,185.0,2.0,2.0,0.0,323.0,5.0,18.0,-10.0
2021-04-23,265.0,6.0,1.0,6.0,418.0,21.0,13.0,23.0
2021-04-26,188.0,5.0,1.0,3.0,293.0,3.0,16.0,32.0
2021-04-30,252.0,2.0,2.0,1.0,475.0,1.0,35.0,22.0
2021-05-03,194.0,4.0,-1.0,0.0,236.0,12.0,12.0,8.0
2021-05-07,224.0,7.0,0.0,1.0,346.0,4.0,18.0,-4.0
2021-05-10,179.0,1.0,0.0,1.0,242.0,3.0,4.0,12.0
2021-05-14,238.0,1.0,0.0,1.0,319.0,10.0,12.0,4.0
2021-05-17,130.0,0.0,0.0,3.0,224.0,6.0,6.0,5.0
2021-05-21,181.0,5.0,2.0,1.0,334.0,8.0,8.0,0.0
2021-05-24,96.0,2.0,1.0,4.0,195.0,5.0,3.0,0.0
2021-05-28,187.0,2.0,-1.0,1.0,214.0,17.0,13.0,2.0
2021-05-31,117.0,2.0,0.0,1.0,192.0,5.0,20.0,-3.0
2021-06-04,141.0,9.0,0.0,1.0,230.0,9.0,7.0,-1.0
2021-06-07,111.0,6.0,0.0,5.0,175.0,9.0,15.0,5.0
2021-06-11,145.0,5.0,2.0,8.0,237.0,17.0,27.0,6.0
2021-06-14,84.0,4.0,0.0,4.0,169.0,9.0,13.0,0.0
2021-06-18,158.0,4.0,0.0,6.0,234.0,13.0,27.0,-1.0
2021-06-21,86.0,3.0,0.0,2.0,160.0,3.0,12.0,1.0
2021-06-25,105.0,-1.0,3.0,1.0,179.0,6.0,12.0,-1.0
2021-06-28,83.0,2.0,0.0,2.0,132.0,8.0,6.0,3.0
2021-07-02,95.0,0.0,0.0,0.0,121.0,4.0,9.0,-3.0
2021-07-05,64.0,1.0,0.0,2.0,117.0,1.0,1.0,8.0
2021-07-09,109.0,1.0,0.0,10.0,123.0,4.0,6.0,-1.0
2021-07-12,43.0,5.0,0.0,0.0,72.0,2.0,3.0,-5.0
2021-07-16,78.0,1.0,0.0,1.0,153.0,4.0,3.0,2.0
2021-07-19,33.0,1.0,0.0,3.0,97.0,0.0,6.0,1.0
2021-07-23,61.0,4.0,1.0,5.0,212.0,9.0,7.0,3.0
2021-07-26,52.0,0.0,0.0,0.0,48.0,0.0,3.0,2.0
2021-07-30,42.0,1.0,0.0,0.0,72.0,1.0,4.0,-4.0
2021-08-02,49.0,0.0,0.0,0.0,44.0,0.0,5.0,3.0
2021-08-06,88.0,1.0,0.0,3.0,81.0,1.0,11.0,10.0
2021-08-09,52.0,0.0,0.0,0.0,37.0,3.0,8.0,-3.0
2021-08-13,118.0,0.0,0.0,0.0,125.0,0.0,18.0,-71.0
2021-08-16,21.0,1.0,1.0,4.0,40.0,3.0,6.0,4.0
2021-08-20,51.0,1.0,1.0,0.0,77.0,0.0,9.0,-60.0
2021-08-23,45.0,1.0,0.0,1.0,69.0,2.0,3.0,7.0
2021-08-27,27.0,1.0,0.0,0.0,42.0,2.0,4.0,8.0
2021-08-30,24.0,0.0,2.0,0.0,35.0,4.0,5.0,-17.0
2021-09-03,33.0,3.0,-1.0,1.0,55.0,2.0,9.0,-33.0
2021-09-06,8.0,0.0,3.0,0.0,29.0,1.0,9.0,6.0
2021-09-10,23.0,0.0,1.0,0.0,31.0,0.0,10.0,4.0
2021-09-13,27.0,2.0,0.0,1.0,38.0,0.0,10.0,1.0
2021-09-17,27.0,1.0,14.0,1.0,60.0,1.0,7.0,1.0
2021-09-20,14.0,0.0,2.0,0.0,36.0,2.0,3.0,4.0
2021-09-24,22.0,0.0,0.0,0.0,56.0,1.0,2.0,3.0
2021-09-27,13.0,0.0,0.0,0.0,46.0,0.0,0.0,2.0
2021-10-01,27.0,0.0,0.0,0.0,98.0,1.0,5.0,19.0
2021-10-04,22.0,0.0,0.0,0.0,69.0,0.0,11.0,-4.0
2021-10-08,33.0,0.0,1.0,5.0,97.0,1.0,0.0,3.0
2021-10-11,26.0,0.0,0.0,0.0,96.0,0.0,3.0,1.0
2021-10-15,36.0,1.0,1.0,1.0,87.0,0.0,10.0,1.0
2021-10-18,31.0,0.0,0.0,4.0,100.0,2.0,13.0,8.0
2021-10-22,25.0,0.0,2.0,6.0,109.0,5.0,8.0,6.0
2021-10-25,41.0,0.0,0.0,1.0,106.0,1.0,1.0,-2.0
2021-10-29,69.0,0.0,3.0,2.0,130.0,2.0,6.0,1.0
2021-11-01,41.0,0.0,0.0,0.0,95.0,-1.0,3.0,3.0
2021-11-05,42.0,0.0,4.0,0.0,103.0,6.0,8.0,2.0
2021-11-08,54.0,0.0,0.0,1.0,134.0,3.0,2.0,-1.0
2021-11-12,86.0,0.0,0.0,0.0,232.0,4.0,4.0,2.0
2021-11-15,55.0,1.0,4.0,1.0,124.0,3.0,5.0,10.0
2021-11-19,81.0,0.0,7.0,0.0,176.0,2.0,10.0,6.0
2021-11-22,59.0,0.0,0.0,1.0,103.0,3.0,20.0,-6.0
2021-11-26,83.0,0.0,1.0,6.0,158.0,9.0,11.0,18.0
2021-11-29,28.0,0.0,1.0,2.0,80.0,1.0,6.0,6.0
2021-12-03,25.0,0.0,-1.0,2.0,65.0,1.0,0.0,19.0
2021-12-06,23.0,0.0,4.0,1.0,31.0,0.0,5.0,4.0
2021-12-10,19.0,0.0,0.0,0.0,52.0,2.0,8.0,10.0
2021-12-13,13.0,0.0,0.0,0.0,28.0,5.0,4.0,18.0
2021-12-17,35.0,0.0,0.0,0.0,41.0,1.0,3.0,11.0
2021-12-20,16.0,0.0,0.0,0.0,32.0,0.0,2.0,32.0
2021-12-24,13.0,0.0,0.0,0.0,40.0,0.0,6.0,26.0
2021-12-27,19.0,1.0,0.0,0.0,57.0,0.0,3.0,3.0
2021-12-31,57.0,0.0,0.0,2.0,273.0,2.0,7.0,25.0
2022-01-03,90.0,0.0,0.0,1.0,514.0,2.0,13.0,4.0
2022-01-07,204.0,0.0,2.0,5.0,736.0,23.0,37.0,88.0
2022-01-10,308.0,0.0,0.0,2.0,709.0,13.0,48.0,615.0
2022-01-14,733.0,15.0,8.0,13.0,1788.0,68.0,99.0,158.0
2022-01-17,711.0,10.0,4.0,20.0,1490.0,46.0,88.0,553.0
2022-01-21,981.0,19.0,9.0,29.0,2618.0,65.0,172.0,346.0
2022-01-24,899.0,7.0,6.0,9.0,2112.0,72.0,122.0,460.0
2022-01-28,1650.0,12.0,510.0,42.0,4218.0,184.0,232.0,-2395.0
2022-01-31,799.0,4.0,52.0,26.0,1623.0,36.0,142.0,0.0
2022-02-04,574.0,7.0,33.0,19.0,1374.0,55.0,84.0,0.0
2022-02-07,372.0,0.0,17.0,16.0,686.0,15.0,68.0,0.0
2022-02-11,323.0,2.0,4.0,-3.0,726.0,40.0,65.0,0.0
2022-02-14,157.0,0.0,3.0,2.0,424.0,19.0,42.0,0.0
2022-02-18,182.0,4.0,7.0,1.0,433.0,42.0,51.0,-1.0
2022-02-21,87.0,1.0,7.0,2.0,286.0,16.0,22.0,0.0
2022-02-25,124.0,0.0,4.0,10.0,345.0,25.0,20.0,0.0
2022-02-28,54.0,0.0,4.0,3.0,240.0,6.0,14.0,-1.0
2022-03-04,104.0,0.0,4.0,4.0,250.0,7.0,22.0,0.0
2022-03-07,56.0,0.0,17.0,-1.0,181.0,5.0,6.0,0.0
2022-03-11,73.0,0.0,7.0,0.0,209.0,11.0,13.0,0.0
2022-03-14,33.0,0.0,0.0,0.0,140.0,13.0,8.0,0.0
2022-03-18,59.0,0.0,1.0,0.0,193.0,9.0,5.0,0.0
2022-03-21,43.0,0.0,2.0,0.0,113.0,2.0,4.0,0.0
2022-03-25,45.0,0.0,2.0,0.0,161.0,3.0,3.0,0.0
2022-03-28,34.0,0.0,2.0,1.0,108.0,0.0,21.0,-1.0
2022-04-01,23.0,0.0,1.0,0.0,99.0,2.0,16.0,0.0
2022-04-04,18.0,0.0,0.0,0.0,58.0,1.0,8.0,0.0
2022-04-08,36.0,0.0,0.0,0.0,65.0,2.0,18.0,0.0
2022-04-11,3.0,0.0,1.0,0.0,36.0,2.0,10.0,0.0
2022-04-15,16.0,0.0,0.0,0.0,65.0,1.0,5.0,0.0
2022-04-18,11.0,0.0,0.0,0.0,34.0,0.0,3.0,0.0
2022-04-22,12.0,1.0,0.0,0.0,42.0,7.0,2.0,0.0
2022-04-25,13.0,0.0,0.0,0.0,47.0,0.0,1.0,0.0
2022-04-29,22.0,0.0,2.0,0.0,53.0,1.0,4.0,0.0
2022-05-02,19.0,0.0,1.0,0.0,39.0,0.0,8.0,0.0
2022-05-06,12.0,0.0,0.0,0.0,81.0,7.0,10.0,0.0
2022-05-09,5.0,0.0,0.0,0.0,45.0,0.0,0.0,0.0
2022-05-13,22.0,0.0,0.0,0.0,101.0,1.0,3.0,-1.0
2022-05-16,19.0,0.0,2.0,1.0,56.0,0.0,1.0,0.0
2022-05-20,31.0,0.0,0.0,0.0,90.0,6.0,13.0,0.0
2022-05-23,17.0,0.0,0.0,0.0,53.0,0.0,1.0,0.0
2022-05-27,32.0,0.0,0.0,0.0,131.0,4.0,6.0,0.0
2022-05-30,34.0,0.0,0.0,0.0,116.0,4.0,3.0,0.0
2022-06-03,56.0,0.0,5.0,2.0,165.0,6.0,8.0,0.0
2022-06-06,43.0,0.0,2.0,2.0,100.0,3.0,5.0,0.0
2022-06-10,32.0,0.0,3.0,0.0,159.0,5.0,19.0,0.0
2022-06-13,44.0,0.0,5.0,2.0,120.0,3.0,5.0,0.0
2022-06-17,64.0,0.0,4.0,-1.0,218.0,6.0,32.0,0.0
2022-06-20,40.0,0.0,5.0,0.0,147.0,5.0,23.0,0.0
2022-06-24,80.0,0.0,0.0,1.0,248.0,10.0,20.0,0.0
2022-06-27,88.0,2.0,2.0,-1.0,238.0,5.0,15.0,-1.0
2022-07-01,157.0,5.0,19.0,4.0,452.0,15.0,29.0,1.0
2022-07-04,117.0,7.0,4.0,1.0,414.0,8.0,36.0,0.0
2022-07-08,186.0,1.0,5.0,2.0,650.0,31.0,69.0,1.0
2022-07-11,187.0,0.0,12.0,1.0,466.0,20.0,55.0,0.0
2022-07-15,257.0,1.0,10.0,6.0,702.0,54.0,89.0,0.0
2022-07-18,131.0,1.0,5.0,3.0,448.0,15.0,47.0,0.0
2022-07-22,292.0,1.0,7.0,5.0,775.0,37.0,65.0,0.0
2022-07-25,214.0,1.0,5.0,1.0,477.0,37.0,73.0,0.0
2022-07-29,337.0,1.0,7.0,1.0,724.0,51.0,78.0,0.0
2022-08-01,228.0,2.0,5.0,1.0,542.0,30.0,44.0,0.0
2022-08-05,563.0,2.0,3.0,3.0,1061.0,50.0,97.0,0.0
2022-08-08,421.0,3.0,6.0,2.0,741.0,19.0,71.0,0.0
2022-08-12,512.0,3.0,5.0,13.0,1066.0,31.0,78.0,0.0
2022-08-15,308.0,-1.0,0.0,6.0,601.0,26.0,32.0,0.0
2022-08-19,351.0,3.0,4.0,8.0,781.0,20.0,45.0,0.0
2022-08-22,209.0,5.0,4.0,3.0,450.0,8.0,27.0,1.0
2022-08-26,239.0,1.0,8.0,-1.0,453.0,30.0,22.0,0.0
2022-08-29,132.0,1.0,3.0,2.0,302.0,16.0,24.0,0.0
2022-09-02,157.0,0.0,0.0,2.0,374.0,16.0,14.0,0.0
2022-09-05,80.0,0.0,1.0,0.0,166.0,8.0,12.0,0.0
2022-09-09,90.0,0.0,1.0,2.0,198.0,11.0,11.0,0.0
2022-09-12,41.0,0.0,0.0,0.0,120.0,4.0,7.0,0.0
2022-09-19,72.0,0.0,0.0,1.0,152.0,5.0,4.0,0.0
2022-09-23,36.0,0.0,0.0,0.0,78.0,7.0,9.0,0.0
2022-09-26,15.0,0.0,0.0,0.0,74.0,5.0,2.0,0.0
2022-10-03,33.0,0.0,1.0,1.0,153.0,5.0,7.0,0.0
2022-10-10,35.0,2.0,2.0,0.0,153.0,8.0,2.0,0.0
2022-10-14,31.0,0.0,0.0,0.0,97.0,6.0,9.0,0.0
2022-10-17,37.0,0.0,0.0,0.0,89.0,5.0,2.0,0.0
2022-10-21,36.0,0.0,0.0,1.0,154.0,2.0,11.0,0.0
2022-10-24,20.0,0.0,0.0,0.0,86.0,0.0,3.0,0.0
2022-10-28,33.0,0.0,1.0,2.0,150.0,2.0,11.0,0.0
2022-10-31,39.0,1.0,0.0,0.0,87.0,4.0,1.0,0.0
2022-11-04,35.0,1.0,3.0,0.0,119.0,8.0,11.0,0.0
2022-11-07,43.0,0.0,0.0,1.0,137.0,0.0,11.0,0.0
2022-11-11,74.0,1.0,1.0,-1.0,219.0,7.0,17.0,0.0
2022-11-14,32.0,0.0,0.0,0.0,122.0,11.0,7.0,0.0
2022-11-18,77.0,3.0,0.0,1.0,245.0,17.0,14.0,0.0
2022-11-21,53.0,0.0,0.0,0.0,149.0,6.0,12.0,1.0
2022-11-25,81.0,1.0,2.0,1.0,199.0,10.0,29.0,0.0
2022-11-28,70.0,0.0,6.0,0.0,127.0,0.0,9.0,0.0
2022-12-02,123.0,0.0,5.0,1.0,267.0,12.0,6.0,0.0
2022-12-05,72.0,0.0,3.0,0.0,185.0,1.0,6.0,4.0
2022-12-09,133.0,0.0,7.0,2.0,290.0,14.0,18.0,0.0
2022-12-12,92.0,0.0,4.0,0.0,179.0,14.0,23.0,0.0
2022-12-16,169.0,4.0,24.0,0.0,378.0,24.0,42.0,0.0
2022-12-19,155.0,0.0,10.0,1.0,276.0,9.0,20.0,-1.0
2022-12-23,263.0,1.0,2.0,2.0,505.0,11.0,56.0,0.0
2022-12-26,172.0,4.0,1.0,1.0,351.0,12.0,47.0,0.0
2022-12-30,376.0,4.0,0.0,-1.0,669.0,24.0,50.0,-1.0
2023-01-05,225.0,4.0,0.0,0.0,444.0,20.0,45.0,0.0
2023-01-09,90.0,1.0,1.0,0.0,180.0,9.0,30.0,0.0
