,Antofagasta,Calama,Maria Elena,Mejillones,Ollague,San Pedro de Atacama,Sierra Gorda,Taltal,Tocopilla,Desconocido Antofagasta
2020-04-01,3.0,0.0,0.0,0.0,0.0,0.0,0.0,0.0,0.0,0.0
2020-04-03,12.0,5.0,0.0,0.0,0.0,0.0,0.0,0.0,0.0,0.0
2020-04-06,10.0,2.0,0.0,0.0,0.0,4.0,0.0,0.0,0.0,0.0
2020-04-08,6.0,1.0,0.0,0.0,0.0,0.0,0.0,0.0,0.0,0.0
2020-04-10,22.0,5.0,0.0,6.0,0.0,0.0,0.0,0.0,0.0,0.0
2020-04-13,24.0,7.0,1.0,6.0,0.0,0.0,0.0,3.0,3.0,0.0
2020-04-15,16.0,1.0,1.0,2.0,0.0,0.0,0.0,4.0,3.0,0.0
2020-04-17,23.0,0.0,2.0,5.0,0.0,0.0,0.0,0.0,5.0,0.0
2020-04-20,39.0,4.0,2.0,8.0,0.0,0.0,0.0,0.0,0.0,0.0
2020-04-24,77.0,10.0,1.0,16.0,0.0,0.0,0.0,0.0,0.0,0.0
2020-04-27,42.0,19.0,6.0,22.0,0.0,0.0,0.0,0.0,0.0,0.0
2020-05-01,75.0,17.0,17.0,12.0,0.0,0.0,0.0,0.0,1.0,0.0
2020-05-04,101.0,13.0,5.0,49.0,0.0,0.0,0.0,1.0,1.0,0.0
2020-05-08,122.0,18.0,12.0,8.0,0.0,0.0,2.0,0.0,1.0,0.0
2020-05-11,57.0,12.0,2.0,16.0,0.0,0.0,0.0,1.0,1.0,0.0
2020-05-15,185.0,54.0,35.0,24.0,0.0,0.0,5.0,7.0,4.0,0.0
2020-05-18,155.0,45.0,28.0,17.0,0.0,0.0,2.0,1.0,5.0,0.0
2020-05-22,142.0,41.0,20.0,35.0,0.0,1.0,2.0,6.0,1.0,0.0
2020-05-25,103.0,48.0,15.0,1.0,0.0,0.0,2.0,2.0,3.0,0.0
2020-05-29,152.0,113.0,7.0,17.0,0.0,3.0,0.0,1.0,2.0,0.0
2020-06-01,155.0,71.0,3.0,18.0,0.0,0.0,1.0,7.0,2.0,0.0
2020-06-05,160.0,140.0,3.0,11.0,0.0,1.0,2.0,4.0,3.0,0.0
2020-06-08,166.0,130.0,8.0,6.0,0.0,2.0,5.0,0.0,3.0,0.0
2020-06-12,230.0,382.0,4.0,1.0,0.0,3.0,5.0,4.0,6.0,0.0
2020-06-15,233.0,394.0,3.0,6.0,2.0,12.0,9.0,1.0,2.0,0.0
2020-06-19,379.0,843.0,21.0,5.0,0.0,18.0,7.0,11.0,13.0,143.0
2020-06-23,469.0,720.0,12.0,25.0,0.0,19.0,5.0,9.0,17.0,-27.0
2020-06-28,590.0,752.0,14.0,27.0,4.0,26.0,-3.0,3.0,36.0,-30.0
2020-07-01,290.0,393.0,25.0,30.0,0.0,17.0,2.0,6.0,22.0,12.0
2020-07-05,553.0,427.0,17.0,35.0,3.0,20.0,3.0,7.0,61.0,41.0
2020-07-10,643.0,498.0,11.0,18.0,3.0,23.0,5.0,9.0,29.0,5.0
2020-07-13,434.0,285.0,16.0,5.0,0.0,23.0,2.0,12.0,17.0,8.0
2020-07-17,437.0,261.0,7.0,8.0,5.0,20.0,1.0,10.0,10.0,25.0
2020-07-20,244.0,173.0,3.0,4.0,4.0,27.0,3.0,4.0,2.0,19.0
2020-07-24,365.0,192.0,5.0,8.0,0.0,16.0,0.0,7.0,8.0,12.0
2020-07-27,231.0,167.0,7.0,13.0,0.0,13.0,6.0,3.0,12.0,-9.0
2020-07-31,296.0,166.0,9.0,0.0,0.0,12.0,3.0,1.0,2.0,16.0
2020-08-03,294.0,66.0,6.0,13.0,0.0,15.0,1.0,7.0,3.0,7.0
2020-08-07,371.0,145.0,0.0,20.0,3.0,6.0,0.0,10.0,8.0,8.0
2020-08-10,361.0,81.0,5.0,7.0,0.0,10.0,4.0,0.0,2.0,4.0
2020-08-14,321.0,133.0,2.0,4.0,0.0,6.0,3.0,7.0,4.0,16.0
2020-08-17,250.0,68.0,2.0,12.0,0.0,8.0,0.0,5.0,6.0,11.0
2020-08-21,272.0,64.0,1.0,6.0,0.0,6.0,0.0,11.0,4.0,11.0
2020-08-24,224.0,72.0,1.0,11.0,0.0,10.0,0.0,2.0,9.0,8.0
2020-08-28,242.0,84.0,1.0,8.0,0.0,5.0,1.0,2.0,11.0,-9.0
2020-08-31,192.0,63.0,1.0,5.0,0.0,5.0,1.0,0.0,10.0,6.0
2020-09-04,199.0,74.0,6.0,4.0,0.0,8.0,0.0,0.0,1.0,2.0
2020-09-07,186.0,57.0,1.0,6.0,0.0,5.0,1.0,0.0,0.0,6.0
2020-09-11,213.0,46.0,0.0,9.0,0.0,2.0,1.0,5.0,2.0,2.0
2020-09-14,134.0,37.0,1.0,8.0,0.0,2.0,0.0,0.0,1.0,4.0
2020-09-18,133.0,55.0,1.0,10.0,0.0,-1.0,-1.0,2.0,1.0,0.0
2020-09-21,73.0,29.0,0.0,0.0,0.0,1.0,1.0,1.0,1.0,5.0
2020-09-25,179.0,50.0,0.0,13.0,0.0,3.0,3.0,6.0,3.0,-3.0
2020-09-28,114.0,49.0,1.0,4.0,0.0,13.0,1.0,4.0,3.0,2.0
2020-10-02,143.0,37.0,0.0,3.0,0.0,1.0,1.0,2.0,0.0,5.0
2020-10-05,111.0,45.0,0.0,9.0,0.0,6.0,0.0,2.0,6.0,2.0
2020-10-09,142.0,32.0,0.0,2.0,0.0,0.0,1.0,1.0,0.0,1.0
2020-10-12,142.0,20.0,0.0,6.0,0.0,2.0,4.0,2.0,3.0,5.0
2020-10-16,124.0,13.0,0.0,9.0,0.0,1.0,2.0,9.0,0.0,3.0
2020-10-19,127.0,9.0,5.0,7.0,0.0,2.0,0.0,3.0,1.0,1.0
2020-10-24,186.0,27.0,0.0,13.0,0.0,3.0,1.0,2.0,5.0,1.0
2020-10-26,76.0,11.0,2.0,-1.0,0.0,1.0,0.0,1.0,2.0,0.0
2020-10-30,132.0,30.0,1.0,8.0,0.0,1.0,0.0,0.0,8.0,1.0
2020-11-02,94.0,9.0,0.0,8.0,0.0,0.0,0.0,0.0,3.0,2.0
2020-11-06,88.0,18.0,0.0,2.0,0.0,0.0,0.0,0.0,1.0,0.0
2020-11-09,102.0,5.0,2.0,1.0,0.0,0.0,0.0,0.0,4.0,3.0
2020-11-13,100.0,21.0,0.0,3.0,0.0,1.0,0.0,7.0,2.0,16.0
2020-11-16,72.0,19.0,1.0,6.0,0.0,0.0,0.0,5.0,1.0,2.0
2020-11-20,54.0,16.0,0.0,3.0,0.0,0.0,0.0,0.0,1.0,2.0
2020-11-23,52.0,16.0,0.0,4.0,0.0,0.0,0.0,0.0,1.0,3.0
2020-11-27,58.0,20.0,0.0,5.0,0.0,0.0,0.0,1.0,1.0,-1.0
2020-11-30,56.0,16.0,0.0,4.0,0.0,1.0,0.0,0.0,0.0,0.0
2020-12-04,38.0,10.0,0.0,10.0,0.0,0.0,0.0,1.0,0.0,1.0
2020-12-07,67.0,12.0,1.0,10.0,0.0,2.0,0.0,2.0,2.0,2.0
2020-12-11,93.0,10.0,1.0,8.0,0.0,0.0,0.0,1.0,7.0,-1.0
2020-12-14,122.0,14.0,1.0,20.0,0.0,-1.0,2.0,7.0,3.0,1.0
2020-12-18,157.0,13.0,7.0,12.0,0.0,0.0,4.0,5.0,6.0,5.0
2020-12-21,147.0,26.0,2.0,7.0,1.0,0.0,3.0,3.0,9.0,-2.0
2020-12-25,227.0,14.0,1.0,24.0,3.0,0.0,0.0,11.0,9.0,3.0
2020-12-28,150.0,16.0,1.0,11.0,0.0,1.0,0.0,2.0,3.0,1.0
2021-01-01,337.0,34.0,2.0,8.0,0.0,2.0,1.0,9.0,7.0,3.0
2021-01-04,298.0,32.0,1.0,16.0,0.0,5.0,0.0,13.0,7.0,6.0
2021-01-08,547.0,99.0,1.0,18.0,0.0,32.0,0.0,3.0,13.0,3.0
2021-01-11,658.0,82.0,1.0,33.0,0.0,11.0,3.0,4.0,15.0,6.0
2021-01-15,666.0,121.0,1.0,30.0,0.0,13.0,0.0,4.0,10.0,6.0
2021-01-18,984.0,108.0,3.0,68.0,0.0,4.0,0.0,7.0,30.0,19.0
2021-01-22,932.0,169.0,1.0,82.0,1.0,17.0,0.0,8.0,58.0,2.0
2021-01-25,716.0,95.0,4.0,55.0,0.0,6.0,0.0,14.0,54.0,24.0
2021-01-29,841.0,132.0,7.0,60.0,3.0,45.0,0.0,9.0,55.0,18.0
2021-02-01,621.0,89.0,32.0,56.0,0.0,20.0,0.0,7.0,51.0,26.0
2021-02-05,832.0,137.0,34.0,33.0,0.0,20.0,1.0,10.0,60.0,8.0
2021-02-08,590.0,118.0,5.0,35.0,0.0,18.0,0.0,7.0,38.0,19.0
2021-02-12,693.0,156.0,14.0,47.0,0.0,22.0,3.0,7.0,55.0,2.0
2021-02-15,506.0,130.0,7.0,35.0,0.0,18.0,1.0,4.0,41.0,-1.0
2021-02-19,519.0,126.0,7.0,38.0,0.0,19.0,3.0,2.0,37.0,12.0
2021-02-22,472.0,136.0,7.0,25.0,0.0,10.0,1.0,6.0,32.0,0.0
2021-02-26,614.0,170.0,-1.0,33.0,0.0,10.0,1.0,10.0,39.0,-45.0
2021-03-01,457.0,156.0,2.0,26.0,0.0,10.0,2.0,11.0,51.0,2.0
2021-03-05,556.0,179.0,1.0,20.0,0.0,9.0,1.0,20.0,41.0,26.0
2021-03-08,416.0,160.0,0.0,17.0,0.0,11.0,2.0,19.0,32.0,1.0
2021-03-12,599.0,177.0,3.0,27.0,0.0,16.0,2.0,36.0,53.0,-7.0
2021-03-15,439.0,137.0,0.0,11.0,0.0,2.0,0.0,32.0,32.0,31.0
2021-03-19,616.0,204.0,3.0,12.0,0.0,4.0,0.0,33.0,43.0,-5.0
2021-03-22,457.0,148.0,4.0,10.0,0.0,7.0,0.0,22.0,32.0,23.0
2021-03-26,587.0,186.0,7.0,16.0,0.0,8.0,0.0,20.0,29.0,-9.0
2021-03-29,414.0,133.0,7.0,8.0,0.0,1.0,0.0,24.0,22.0,19.0
2021-04-02,515.0,211.0,2.0,9.0,0.0,8.0,1.0,23.0,20.0,-34.0
2021-04-05,367.0,196.0,3.0,7.0,0.0,4.0,0.0,11.0,23.0,2.0
2021-04-09,497.0,319.0,7.0,11.0,0.0,3.0,0.0,6.0,31.0,21.0
2021-04-12,393.0,215.0,6.0,3.0,0.0,3.0,1.0,10.0,11.0,28.0
2021-04-16,501.0,320.0,4.0,18.0,0.0,8.0,1.0,14.0,23.0,-13.0
2021-04-19,341.0,225.0,8.0,19.0,0.0,14.0,1.0,23.0,21.0,9.0
2021-04-23,478.0,286.0,5.0,15.0,0.0,9.0,3.0,17.0,21.0,5.0
2021-04-26,303.0,200.0,10.0,7.0,0.0,3.0,1.0,12.0,22.0,14.0
2021-04-30,374.0,244.0,6.0,10.0,0.0,6.0,1.0,10.0,14.0,2.0
2021-05-03,243.0,168.0,2.0,7.0,0.0,12.0,4.0,5.0,11.0,13.0
2021-05-07,240.0,181.0,3.0,2.0,0.0,7.0,3.0,18.0,28.0,16.0
2021-05-10,253.0,175.0,3.0,4.0,0.0,12.0,7.0,7.0,19.0,7.0
2021-05-14,299.0,288.0,1.0,9.0,0.0,14.0,1.0,10.0,25.0,7.0
2021-05-17,246.0,199.0,14.0,6.0,0.0,6.0,0.0,3.0,35.0,11.0
2021-05-21,298.0,315.0,8.0,14.0,0.0,5.0,1.0,3.0,25.0,9.0
2021-05-24,232.0,210.0,4.0,3.0,1.0,6.0,2.0,5.0,20.0,3.0
2021-05-28,346.0,254.0,3.0,14.0,0.0,7.0,2.0,13.0,37.0,13.0
2021-05-31,291.0,255.0,6.0,14.0,0.0,3.0,0.0,9.0,18.0,3.0
2021-06-04,343.0,247.0,3.0,21.0,0.0,13.0,1.0,1.0,21.0,10.0
2021-06-07,286.0,202.0,2.0,14.0,-1.0,3.0,2.0,4.0,25.0,8.0
2021-06-11,336.0,233.0,2.0,9.0,0.0,6.0,0.0,17.0,15.0,20.0
2021-06-14,275.0,145.0,3.0,13.0,0.0,6.0,1.0,9.0,21.0,-2.0
2021-06-18,358.0,207.0,22.0,17.0,0.0,18.0,3.0,4.0,23.0,4.0
2021-06-21,273.0,152.0,2.0,9.0,0.0,15.0,0.0,4.0,22.0,18.0
2021-06-25,231.0,178.0,2.0,2.0,0.0,19.0,1.0,8.0,14.0,4.0
2021-06-28,297.0,125.0,9.0,4.0,0.0,12.0,1.0,16.0,8.0,3.0
2021-07-02,229.0,162.0,3.0,2.0,2.0,17.0,2.0,13.0,9.0,8.0
2021-07-05,174.0,95.0,2.0,3.0,1.0,30.0,1.0,16.0,11.0,20.0
2021-07-09,200.0,111.0,4.0,3.0,0.0,19.0,0.0,8.0,12.0,-8.0
2021-07-12,128.0,79.0,0.0,6.0,0.0,20.0,0.0,9.0,11.0,10.0
2021-07-16,131.0,173.0,10.0,9.0,0.0,22.0,0.0,2.0,16.0,-9.0
2021-07-19,70.0,86.0,3.0,5.0,0.0,10.0,0.0,10.0,7.0,4.0
2021-07-23,156.0,219.0,7.0,8.0,1.0,25.0,0.0,5.0,17.0,2.0
2021-07-26,60.0,19.0,0.0,3.0,1.0,15.0,0.0,4.0,5.0,7.0
2021-07-30,100.0,17.0,0.0,3.0,0.0,7.0,0.0,2.0,3.0,5.0
2021-08-02,52.0,12.0,0.0,5.0,0.0,12.0,0.0,1.0,3.0,7.0
2021-08-06,164.0,66.0,4.0,6.0,1.0,8.0,1.0,1.0,8.0,-10.0
2021-08-09,73.0,8.0,0.0,4.0,0.0,4.0,0.0,3.0,1.0,3.0
2021-08-13,57.0,122.0,1.0,4.0,0.0,3.0,0.0,3.0,10.0,-3.0
2021-08-16,29.0,14.0,0.0,0.0,0.0,1.0,0.0,0.0,5.0,3.0
2021-08-20,42.0,51.0,0.0,0.0,0.0,6.0,0.0,1.0,9.0,-6.0
2021-08-23,43.0,43.0,1.0,2.0,0.0,4.0,0.0,0.0,9.0,3.0
2021-08-27,54.0,12.0,0.0,4.0,0.0,2.0,0.0,-1.0,1.0,11.0
2021-08-30,24.0,6.0,0.0,6.0,0.0,2.0,0.0,4.0,5.0,5.0
2021-09-03,108.0,32.0,0.0,6.0,-1.0,0.0,1.0,-2.0,23.0,-122.0
2021-09-06,36.0,6.0,0.0,3.0,0.0,4.0,1.0,4.0,5.0,3.0
2021-09-10,53.0,24.0,1.0,4.0,0.0,9.0,0.0,0.0,6.0,11.0
2021-09-13,50.0,11.0,0.0,0.0,0.0,1.0,0.0,1.0,6.0,10.0
2021-09-17,50.0,18.0,0.0,1.0,0.0,1.0,0.0,0.0,14.0,-1.0
2021-09-20,52.0,9.0,0.0,2.0,0.0,4.0,0.0,0.0,9.0,-2.0
2021-09-24,127.0,17.0,1.0,7.0,0.0,1.0,0.0,4.0,6.0,2.0
2021-09-27,111.0,16.0,1.0,5.0,0.0,2.0,0.0,2.0,16.0,5.0
2021-10-01,94.0,32.0,0.0,8.0,0.0,1.0,0.0,3.0,19.0,2.0
2021-10-04,87.0,33.0,0.0,5.0,0.0,0.0,0.0,0.0,24.0,4.0
2021-10-08,45.0,34.0,0.0,7.0,0.0,0.0,0.0,4.0,37.0,5.0
2021-10-11,60.0,14.0,0.0,3.0,0.0,1.0,0.0,5.0,24.0,1.0
2021-10-15,84.0,45.0,1.0,4.0,0.0,1.0,0.0,2.0,47.0,7.0
2021-10-18,134.0,27.0,0.0,3.0,2.0,2.0,0.0,4.0,46.0,6.0
2021-10-22,135.0,48.0,4.0,8.0,0.0,3.0,1.0,16.0,44.0,5.0
2021-10-25,101.0,50.0,3.0,2.0,0.0,0.0,3.0,5.0,44.0,1.0
2021-10-29,194.0,56.0,2.0,1.0,0.0,2.0,0.0,9.0,27.0,-3.0
2021-11-01,118.0,55.0,1.0,2.0,0.0,1.0,1.0,3.0,40.0,6.0
2021-11-05,175.0,48.0,1.0,4.0,0.0,3.0,0.0,11.0,8.0,0.0
2021-11-08,181.0,55.0,2.0,2.0,4.0,3.0,0.0,12.0,23.0,5.0
2021-11-12,233.0,135.0,2.0,1.0,0.0,9.0,2.0,7.0,20.0,5.0
2021-11-15,133.0,123.0,5.0,6.0,1.0,7.0,2.0,6.0,12.0,0.0
2021-11-19,177.0,191.0,12.0,10.0,2.0,8.0,0.0,5.0,15.0,6.0
2021-11-22,115.0,49.0,4.0,4.0,0.0,3.0,1.0,9.0,7.0,-2.0
2021-11-26,167.0,184.0,2.0,4.0,1.0,7.0,0.0,3.0,21.0,7.0
2021-11-29,100.0,33.0,0.0,3.0,0.0,3.0,0.0,8.0,1.0,12.0
2021-12-03,162.0,35.0,0.0,5.0,7.0,1.0,17.0,6.0,13.0,-1.0
2021-12-06,98.0,48.0,0.0,0.0,0.0,1.0,-1.0,2.0,4.0,7.0
2021-12-10,110.0,54.0,2.0,0.0,0.0,4.0,0.0,5.0,4.0,6.0
2021-12-13,56.0,50.0,3.0,0.0,0.0,1.0,0.0,5.0,4.0,6.0
2021-12-17,106.0,72.0,10.0,2.0,0.0,5.0,0.0,3.0,12.0,6.0
2021-12-20,71.0,53.0,1.0,2.0,8.0,2.0,0.0,0.0,18.0,11.0
2021-12-24,81.0,60.0,-2.0,0.0,-8.0,5.0,0.0,5.0,7.0,13.0
2021-12-27,83.0,34.0,0.0,0.0,0.0,6.0,0.0,6.0,5.0,8.0
2021-12-31,114.0,48.0,0.0,5.0,0.0,4.0,0.0,4.0,21.0,28.0
2022-01-03,108.0,37.0,0.0,3.0,0.0,3.0,0.0,3.0,18.0,1.0
2022-01-07,243.0,77.0,4.0,19.0,1.0,4.0,0.0,5.0,40.0,34.0
2022-01-10,437.0,158.0,10.0,21.0,2.0,14.0,2.0,12.0,52.0,45.0
2022-01-14,939.0,339.0,17.0,34.0,5.0,18.0,2.0,16.0,109.0,225.0
2022-01-17,1516.0,572.0,29.0,40.0,0.0,32.0,7.0,25.0,140.0,222.0
2022-01-21,2255.0,1015.0,34.0,46.0,2.0,48.0,7.0,48.0,68.0,534.0
2022-01-24,1904.0,430.0,20.0,93.0,2.0,30.0,6.0,11.0,15.0,681.0
2022-01-28,5240.0,2025.0,48.0,160.0,103.0,171.0,18.0,62.0,239.0,-1821.0
2022-01-31,3211.0,1204.0,35.0,100.0,2.0,103.0,18.0,111.0,261.0,-1.0
2022-02-04,3540.0,1665.0,50.0,141.0,11.0,132.0,25.0,141.0,192.0,0.0
2022-02-07,2529.0,952.0,12.0,96.0,1.0,60.0,17.0,150.0,80.0,0.0
2022-02-11,2458.0,1116.0,15.0,105.0,3.0,74.0,10.0,144.0,122.0,-2.0
2022-02-14,1456.0,629.0,16.0,54.0,1.0,42.0,9.0,71.0,50.0,0.0
2022-02-18,1469.0,601.0,6.0,52.0,1.0,35.0,11.0,74.0,64.0,-1.0
2022-02-21,833.0,421.0,9.0,28.0,1.0,46.0,6.0,62.0,43.0,1.0
2022-02-25,1039.0,476.0,8.0,40.0,1.0,26.0,5.0,65.0,75.0,0.0
2022-02-28,610.0,331.0,16.0,18.0,0.0,18.0,1.0,22.0,30.0,0.0
2022-03-04,756.0,361.0,11.0,24.0,0.0,25.0,7.0,25.0,60.0,0.0
2022-03-07,470.0,267.0,3.0,20.0,0.0,25.0,1.0,18.0,28.0,0.0
2022-03-11,584.0,324.0,4.0,33.0,0.0,28.0,6.0,17.0,56.0,-1.0
2022-03-14,386.0,246.0,0.0,22.0,0.0,31.0,2.0,16.0,36.0,0.0
2022-03-18,533.0,252.0,7.0,22.0,4.0,18.0,2.0,39.0,32.0,0.0
2022-03-21,304.0,125.0,5.0,3.0,-2.0,17.0,2.0,18.0,17.0,0.0
2022-03-25,510.0,168.0,8.0,11.0,4.0,3.0,3.0,24.0,18.0,0.0
2022-03-28,243.0,174.0,3.0,8.0,-3.0,7.0,0.0,6.0,12.0,0.0
2022-04-01,274.0,162.0,8.0,8.0,0.0,5.0,0.0,10.0,14.0,0.0
2022-04-04,207.0,83.0,2.0,1.0,0.0,3.0,1.0,5.0,5.0,0.0
2022-04-08,225.0,125.0,4.0,1.0,-1.0,3.0,1.0,1.0,9.0,-1.0
2022-04-11,126.0,118.0,1.0,-2.0,1.0,5.0,2.0,0.0,6.0,0.0
2022-04-15,99.0,75.0,1.0,-3.0,0.0,8.0,1.0,2.0,6.0,0.0
2022-04-18,55.0,42.0,0.0,0.0,0.0,2.0,0.0,2.0,3.0,0.0
2022-04-22,93.0,169.0,0.0,1.0,0.0,1.0,0.0,6.0,6.0,0.0
2022-04-25,64.0,59.0,-1.0,2.0,0.0,0.0,0.0,1.0,2.0,0.0
2022-04-29,111.0,76.0,0.0,2.0,0.0,2.0,0.0,2.0,10.0,0.0
2022-05-02,90.0,59.0,1.0,0.0,0.0,6.0,-1.0,0.0,0.0,0.0
2022-05-06,179.0,104.0,1.0,1.0,0.0,0.0,0.0,3.0,4.0,0.0
2022-05-09,122.0,65.0,0.0,2.0,0.0,1.0,0.0,2.0,3.0,0.0
2022-05-13,224.0,99.0,0.0,0.0,0.0,3.0,3.0,2.0,4.0,0.0
2022-05-16,174.0,59.0,0.0,2.0,1.0,7.0,0.0,0.0,5.0,0.0
2022-05-20,292.0,206.0,1.0,1.0,0.0,11.0,3.0,2.0,13.0,0.0
2022-05-23,219.0,91.0,0.0,3.0,0.0,5.0,1.0,0.0,2.0,0.0
2022-05-27,346.0,131.0,1.0,3.0,0.0,18.0,23.0,7.0,12.0,0.0
2022-05-30,298.0,102.0,4.0,6.0,1.0,21.0,-1.0,5.0,9.0,0.0
2022-06-03,541.0,223.0,2.0,14.0,0.0,43.0,0.0,17.0,10.0,0.0
2022-06-06,451.0,142.0,2.0,13.0,0.0,9.0,0.0,8.0,8.0,0.0
2022-06-10,630.0,172.0,2.0,12.0,0.0,38.0,0.0,14.0,11.0,0.0
2022-06-13,479.0,199.0,0.0,8.0,1.0,14.0,1.0,8.0,10.0,0.0
2022-06-17,825.0,274.0,4.0,11.0,-1.0,19.0,1.0,17.0,23.0,0.0
2022-06-20,607.0,215.0,1.0,12.0,0.0,19.0,0.0,8.0,19.0,0.0
2022-06-24,698.0,331.0,6.0,13.0,0.0,28.0,0.0,32.0,16.0,0.0
2022-06-27,736.0,295.0,4.0,21.0,1.0,15.0,1.0,38.0,30.0,-1.0
2022-07-01,964.0,345.0,2.0,28.0,0.0,13.0,2.0,32.0,40.0,0.0
2022-07-04,832.0,341.0,2.0,4.0,0.0,21.0,4.0,24.0,36.0,0.0
2022-07-08,1112.0,464.0,5.0,25.0,2.0,42.0,3.0,67.0,40.0,2.0
2022-07-11,902.0,362.0,5.0,25.0,2.0,27.0,3.0,36.0,45.0,0.0
2022-07-15,1305.0,654.0,7.0,23.0,7.0,35.0,2.0,60.0,42.0,-1.0
2022-07-18,884.0,417.0,3.0,31.0,0.0,13.0,0.0,40.0,31.0,-1.0
2022-07-22,1320.0,679.0,7.0,47.0,1.0,15.0,0.0,69.0,97.0,0.0
2022-07-25,936.0,489.0,17.0,24.0,0.0,19.0,2.0,58.0,55.0,0.0
2022-07-29,1409.0,685.0,18.0,51.0,0.0,25.0,1.0,60.0,107.0,0.0
2022-08-01,942.0,491.0,21.0,37.0,0.0,30.0,2.0,49.0,104.0,0.0
2022-08-05,1319.0,687.0,25.0,65.0,1.0,36.0,6.0,58.0,220.0,-2.0
2022-08-08,991.0,433.0,14.0,34.0,1.0,34.0,3.0,27.0,110.0,0.0
2022-08-12,1340.0,611.0,34.0,65.0,2.0,27.0,4.0,38.0,131.0,0.0
2022-08-15,789.0,373.0,9.0,32.0,6.0,21.0,3.0,13.0,69.0,-1.0
2022-08-19,877.0,447.0,10.0,20.0,4.0,16.0,5.0,18.0,58.0,0.0
2022-08-22,590.0,289.0,30.0,18.0,2.0,21.0,4.0,18.0,37.0,0.0
2022-08-26,688.0,333.0,9.0,15.0,3.0,17.0,4.0,20.0,34.0,-1.0
2022-08-29,424.0,199.0,13.0,13.0,2.0,7.0,1.0,15.0,17.0,0.0
2022-09-02,462.0,247.0,9.0,10.0,1.0,5.0,0.0,4.0,13.0,0.0
2022-09-05,238.0,138.0,3.0,8.0,0.0,6.0,1.0,8.0,9.0,0.0
2022-09-09,301.0,187.0,5.0,9.0,0.0,2.0,3.0,4.0,15.0,0.0
2022-09-12,156.0,98.0,7.0,11.0,0.0,5.0,0.0,2.0,3.0,0.0
2022-09-19,314.0,158.0,4.0,9.0,0.0,1.0,1.0,5.0,6.0,0.0
2022-09-23,137.0,96.0,1.0,2.0,0.0,2.0,0.0,1.0,1.0,1.0
2022-09-26,124.0,66.0,1.0,4.0,0.0,6.0,1.0,1.0,1.0,0.0
2022-10-03,355.0,140.0,1.0,7.0,0.0,10.0,2.0,4.0,12.0,0.0
2022-10-10,302.0,129.0,0.0,3.0,0.0,3.0,3.0,2.0,16.0,0.0
2022-10-14,239.0,99.0,0.0,6.0,0.0,1.0,1.0,4.0,12.0,0.0
2022-10-17,152.0,56.0,0.0,2.0,0.0,0.0,0.0,2.0,7.0,0.0
2022-10-21,275.0,125.0,1.0,0.0,0.0,1.0,0.0,3.0,13.0,0.0
2022-10-24,182.0,66.0,0.0,1.0,0.0,4.0,0.0,0.0,1.0,0.0
2022-10-28,326.0,143.0,1.0,14.0,0.0,4.0,1.0,2.0,8.0,0.0
2022-10-31,192.0,73.0,1.0,6.0,0.0,2.0,0.0,7.0,5.0,0.0
2022-11-04,226.0,134.0,1.0,11.0,0.0,5.0,0.0,4.0,9.0,0.0
2022-11-07,278.0,171.0,0.0,7.0,2.0,2.0,1.0,3.0,5.0,0.0
2022-11-11,446.0,263.0,1.0,10.0,1.0,7.0,2.0,2.0,11.0,0.0
2022-11-14,194.0,168.0,3.0,8.0,0.0,3.0,0.0,1.0,2.0,0.0
2022-11-18,448.0,300.0,4.0,6.0,0.0,7.0,6.0,6.0,5.0,0.0
2022-11-21,253.0,194.0,2.0,4.0,2.0,2.0,3.0,3.0,9.0,0.0
2022-11-25,397.0,306.0,7.0,9.0,0.0,8.0,3.0,6.0,13.0,0.0
2022-11-28,210.0,128.0,4.0,3.0,0.0,3.0,1.0,2.0,7.0,0.0
2022-12-02,361.0,261.0,9.0,7.0,0.0,9.0,3.0,2.0,8.0,0.0
2022-12-05,228.0,136.0,2.0,4.0,0.0,2.0,5.0,1.0,7.0,0.0
2022-12-09,326.0,225.0,8.0,5.0,0.0,10.0,-1.0,2.0,13.0,1.0
2022-12-12,219.0,122.0,8.0,3.0,1.0,0.0,0.0,3.0,10.0,0.0
2022-12-16,420.0,260.0,10.0,4.0,0.0,8.0,2.0,5.0,25.0,0.0
2022-12-19,291.0,170.0,2.0,6.0,0.0,4.0,2.0,3.0,22.0,0.0
2022-12-23,520.0,223.0,9.0,12.0,0.0,17.0,1.0,6.0,29.0,0.0
2022-12-26,374.0,149.0,3.0,5.0,0.0,5.0,1.0,1.0,13.0,0.0
2022-12-30,803.0,402.0,5.0,11.0,0.0,20.0,0.0,6.0,23.0,0.0
2023-01-05,539.0,319.0,3.0,17.0,0.0,10.0,1.0,7.0,41.0,0.0
2023-01-09,255.0,146.0,3.0,11.0,0.0,3.0,1.0,14.0,11.0,0.0
