,Antartica,Cabo de Hornos,Laguna Blanca,Natales,Porvenir,Primavera,Punta Arenas,Rio Verde,San Gregorio,Timaukel,Torres del Paine,Desconocido Magallanes
2020-04-01,0.0,1.0,0.0,4.0,0.0,0.0,58.0,0.0,0.0,0.0,0.0,0.0
2020-04-03,0.0,0.0,0.0,1.0,0.0,0.0,56.0,0.0,0.0,0.0,0.0,0.0
2020-04-06,0.0,4.0,0.0,0.0,0.0,0.0,60.0,0.0,0.0,0.0,0.0,0.0
2020-04-08,0.0,1.0,0.0,0.0,0.0,0.0,4.0,0.0,0.0,0.0,0.0,0.0
2020-04-10,0.0,2.0,0.0,1.0,0.0,0.0,92.0,0.0,0.0,0.0,0.0,0.0
2020-04-13,0.0,5.0,0.0,0.0,4.0,0.0,88.0,0.0,0.0,0.0,0.0,0.0
2020-04-15,0.0,0.0,0.0,0.0,0.0,0.0,29.0,0.0,0.0,0.0,0.0,0.0
2020-04-17,0.0,0.0,0.0,1.0,1.0,1.0,54.0,0.0,0.0,0.0,0.0,0.0
2020-04-20,0.0,-1.0,0.0,-1.0,3.0,0.0,46.0,0.0,0.0,0.0,0.0,0.0
2020-04-24,0.0,0.0,0.0,1.0,0.0,0.0,65.0,0.0,0.0,0.0,0.0,0.0
2020-04-27,0.0,2.0,0.0,1.0,0.0,0.0,42.0,0.0,0.0,0.0,0.0,0.0
2020-05-01,0.0,0.0,0.0,0.0,0.0,0.0,62.0,0.0,0.0,0.0,0.0,0.0
2020-05-04,0.0,0.0,0.0,0.0,0.0,0.0,59.0,0.0,0.0,0.0,1.0,0.0
2020-05-08,0.0,0.0,0.0,1.0,1.0,0.0,81.0,0.0,1.0,0.0,0.0,0.0
2020-05-11,0.0,1.0,0.0,0.0,0.0,0.0,33.0,0.0,0.0,0.0,-1.0,0.0
2020-05-15,0.0,0.0,0.0,0.0,0.0,0.0,35.0,0.0,1.0,0.0,0.0,0.0
2020-05-18,0.0,0.0,0.0,2.0,0.0,0.0,32.0,0.0,0.0,0.0,0.0,0.0
2020-05-22,0.0,1.0,1.0,1.0,0.0,0.0,20.0,0.0,1.0,0.0,0.0,0.0
2020-05-25,0.0,1.0,0.0,0.0,0.0,0.0,23.0,0.0,0.0,0.0,0.0,0.0
2020-05-29,0.0,0.0,-1.0,1.0,0.0,0.0,31.0,0.0,-1.0,0.0,0.0,0.0
2020-06-01,0.0,0.0,0.0,0.0,0.0,0.0,10.0,0.0,0.0,0.0,0.0,0.0
2020-06-05,0.0,-1.0,0.0,0.0,0.0,0.0,15.0,0.0,0.0,0.0,0.0,0.0
2020-06-08,0.0,0.0,0.0,1.0,0.0,0.0,15.0,0.0,0.0,0.0,0.0,0.0
2020-06-12,0.0,0.0,0.0,0.0,0.0,1.0,19.0,0.0,0.0,0.0,0.0,0.0
2020-06-15,0.0,0.0,0.0,1.0,0.0,0.0,78.0,0.0,0.0,0.0,0.0,0.0
2020-06-19,0.0,0.0,0.0,0.0,1.0,0.0,67.0,0.0,0.0,0.0,0.0,69.0
2020-06-23,0.0,0.0,0.0,7.0,0.0,1.0,54.0,0.0,0.0,0.0,0.0,0.0
2020-06-28,0.0,0.0,0.0,17.0,0.0,0.0,47.0,0.0,0.0,0.0,0.0,-1.0
2020-07-01,0.0,1.0,0.0,3.0,0.0,0.0,23.0,0.0,0.0,0.0,0.0,0.0
2020-07-05,0.0,0.0,0.0,4.0,0.0,0.0,27.0,0.0,0.0,0.0,1.0,0.0
2020-07-10,0.0,0.0,0.0,4.0,0.0,-2.0,44.0,0.0,0.0,0.0,0.0,2.0
2020-07-13,0.0,0.0,0.0,1.0,0.0,0.0,33.0,0.0,0.0,0.0,-1.0,0.0
2020-07-17,0.0,0.0,0.0,0.0,0.0,0.0,32.0,0.0,0.0,0.0,0.0,0.0
2020-07-20,0.0,0.0,0.0,0.0,0.0,0.0,22.0,0.0,0.0,0.0,0.0,0.0
2020-07-24,0.0,0.0,0.0,1.0,0.0,0.0,21.0,0.0,0.0,0.0,0.0,0.0
2020-07-27,0.0,0.0,0.0,0.0,0.0,0.0,24.0,0.0,0.0,0.0,0.0,0.0
2020-07-31,0.0,0.0,0.0,2.0,0.0,0.0,103.0,0.0,0.0,0.0,0.0,1.0
2020-08-03,0.0,0.0,0.0,0.0,0.0,0.0,67.0,0.0,0.0,0.0,0.0,0.0
2020-08-07,0.0,0.0,0.0,2.0,0.0,0.0,121.0,0.0,0.0,0.0,0.0,-1.0
2020-08-10,0.0,0.0,0.0,0.0,0.0,0.0,131.0,0.0,0.0,0.0,0.0,1.0
2020-08-14,0.0,0.0,0.0,1.0,7.0,2.0,122.0,0.0,0.0,0.0,0.0,0.0
2020-08-17,0.0,0.0,0.0,1.0,6.0,0.0,128.0,0.0,0.0,0.0,0.0,0.0
2020-08-21,0.0,1.0,0.0,4.0,6.0,0.0,241.0,0.0,0.0,0.0,0.0,-48.0
2020-08-24,0.0,0.0,0.0,3.0,20.0,2.0,306.0,0.0,0.0,0.0,0.0,-15.0
2020-08-28,0.0,1.0,0.0,9.0,8.0,1.0,349.0,0.0,0.0,0.0,0.0,1.0
2020-08-31,0.0,0.0,0.0,4.0,10.0,0.0,314.0,0.0,0.0,0.0,0.0,2.0
2020-09-04,0.0,4.0,0.0,13.0,10.0,1.0,457.0,0.0,0.0,0.0,0.0,4.0
2020-09-07,0.0,0.0,0.0,39.0,7.0,1.0,552.0,0.0,0.0,0.0,0.0,6.0
2020-09-11,0.0,4.0,0.0,43.0,13.0,3.0,326.0,0.0,0.0,0.0,0.0,-6.0
2020-09-14,0.0,0.0,0.0,104.0,38.0,2.0,510.0,0.0,0.0,0.0,0.0,1.0
2020-09-18,0.0,0.0,0.0,94.0,23.0,0.0,513.0,1.0,0.0,0.0,0.0,22.0
2020-09-21,0.0,0.0,0.0,59.0,22.0,0.0,542.0,0.0,0.0,0.0,0.0,-10.0
2020-09-25,0.0,0.0,1.0,110.0,34.0,0.0,649.0,0.0,0.0,1.0,0.0,1.0
2020-09-28,0.0,0.0,2.0,99.0,52.0,1.0,576.0,0.0,0.0,1.0,0.0,-1.0
2020-10-02,0.0,0.0,3.0,130.0,12.0,0.0,602.0,0.0,7.0,0.0,2.0,1.0
2020-10-05,0.0,0.0,0.0,35.0,55.0,0.0,556.0,0.0,0.0,6.0,0.0,2.0
2020-10-09,0.0,0.0,1.0,125.0,36.0,1.0,736.0,1.0,5.0,4.0,0.0,0.0
2020-10-12,0.0,13.0,0.0,102.0,43.0,0.0,436.0,0.0,2.0,1.0,0.0,-3.0
2020-10-16,0.0,5.0,1.0,93.0,23.0,1.0,293.0,0.0,2.0,0.0,0.0,0.0
2020-10-19,0.0,3.0,0.0,94.0,11.0,1.0,213.0,0.0,0.0,0.0,0.0,3.0
2020-10-24,0.0,0.0,0.0,146.0,18.0,0.0,315.0,0.0,0.0,6.0,0.0,0.0
2020-10-26,0.0,0.0,1.0,65.0,3.0,0.0,138.0,0.0,1.0,0.0,0.0,2.0
2020-10-30,0.0,0.0,0.0,116.0,13.0,0.0,170.0,0.0,1.0,2.0,0.0,-1.0
2020-11-02,0.0,2.0,0.0,125.0,8.0,0.0,186.0,0.0,0.0,0.0,0.0,0.0
2020-11-06,0.0,2.0,0.0,122.0,20.0,0.0,248.0,1.0,0.0,0.0,0.0,7.0
2020-11-09,0.0,3.0,0.0,57.0,4.0,0.0,210.0,0.0,4.0,-1.0,1.0,-4.0
2020-11-13,0.0,0.0,0.0,75.0,7.0,0.0,195.0,0.0,4.0,0.0,0.0,-6.0
2020-11-16,0.0,4.0,0.0,51.0,7.0,0.0,185.0,0.0,1.0,0.0,0.0,3.0
2020-11-20,0.0,0.0,0.0,86.0,7.0,1.0,209.0,0.0,0.0,0.0,0.0,0.0
2020-11-23,0.0,7.0,0.0,57.0,13.0,0.0,182.0,0.0,0.0,0.0,0.0,-2.0
2020-11-27,0.0,8.0,0.0,64.0,8.0,1.0,292.0,0.0,0.0,0.0,0.0,5.0
2020-11-30,0.0,0.0,0.0,40.0,5.0,5.0,219.0,0.0,0.0,0.0,0.0,1.0
2020-12-04,0.0,16.0,0.0,68.0,2.0,0.0,219.0,0.0,0.0,0.0,0.0,1.0
2020-12-07,0.0,61.0,0.0,68.0,1.0,1.0,172.0,0.0,0.0,0.0,0.0,-1.0
2020-12-11,0.0,9.0,0.0,86.0,7.0,1.0,219.0,0.0,0.0,0.0,1.0,-1.0
2020-12-14,0.0,35.0,0.0,50.0,9.0,2.0,231.0,0.0,1.0,0.0,0.0,1.0
2020-12-18,0.0,9.0,0.0,31.0,9.0,0.0,234.0,0.0,0.0,0.0,0.0,1.0
2020-12-21,0.0,21.0,0.0,49.0,13.0,1.0,164.0,0.0,1.0,1.0,0.0,-1.0
2020-12-25,32.0,13.0,0.0,60.0,9.0,1.0,233.0,0.0,0.0,0.0,0.0,1.0
2020-12-28,0.0,1.0,0.0,31.0,7.0,1.0,105.0,0.0,0.0,0.0,0.0,0.0
2021-01-01,27.0,8.0,0.0,85.0,18.0,4.0,286.0,1.0,9.0,0.0,0.0,3.0
2021-01-04,0.0,1.0,0.0,64.0,2.0,1.0,172.0,0.0,4.0,0.0,1.0,1.0
2021-01-08,0.0,21.0,0.0,86.0,44.0,2.0,373.0,0.0,5.0,0.0,2.0,-1.0
2021-01-11,0.0,1.0,0.0,86.0,21.0,0.0,211.0,0.0,1.0,0.0,0.0,2.0
2021-01-15,0.0,9.0,0.0,100.0,23.0,2.0,370.0,1.0,0.0,1.0,2.0,5.0
2021-01-18,0.0,4.0,0.0,75.0,22.0,1.0,154.0,0.0,1.0,0.0,3.0,-2.0
2021-01-22,-1.0,7.0,0.0,123.0,12.0,2.0,295.0,1.0,0.0,2.0,0.0,0.0
2021-01-25,0.0,0.0,0.0,77.0,8.0,1.0,226.0,-1.0,0.0,0.0,0.0,6.0
2021-01-29,0.0,3.0,0.0,100.0,23.0,1.0,289.0,0.0,0.0,9.0,0.0,-5.0
2021-02-01,0.0,4.0,0.0,54.0,10.0,1.0,221.0,0.0,0.0,2.0,1.0,2.0
2021-02-05,0.0,4.0,0.0,70.0,10.0,1.0,322.0,1.0,0.0,0.0,0.0,3.0
2021-02-08,0.0,2.0,0.0,56.0,9.0,1.0,190.0,1.0,0.0,0.0,0.0,6.0
2021-02-12,0.0,0.0,0.0,48.0,6.0,0.0,270.0,0.0,1.0,0.0,1.0,-6.0
2021-02-15,0.0,0.0,0.0,48.0,5.0,3.0,155.0,0.0,0.0,1.0,0.0,0.0
2021-02-19,0.0,2.0,0.0,44.0,2.0,1.0,229.0,1.0,-1.0,0.0,0.0,4.0
2021-02-22,0.0,0.0,0.0,66.0,3.0,1.0,141.0,0.0,0.0,0.0,0.0,-1.0
2021-02-26,0.0,0.0,0.0,37.0,5.0,2.0,215.0,0.0,1.0,2.0,0.0,-8.0
2021-03-01,0.0,4.0,0.0,18.0,0.0,0.0,158.0,0.0,2.0,0.0,0.0,0.0
2021-03-05,0.0,8.0,0.0,31.0,2.0,1.0,209.0,0.0,6.0,0.0,0.0,-1.0
2021-03-08,0.0,0.0,0.0,22.0,2.0,1.0,130.0,1.0,0.0,0.0,0.0,4.0
2021-03-12,0.0,4.0,0.0,33.0,1.0,0.0,177.0,0.0,2.0,0.0,0.0,-3.0
2021-03-15,0.0,6.0,0.0,19.0,0.0,0.0,129.0,0.0,0.0,1.0,0.0,3.0
2021-03-19,0.0,4.0,0.0,25.0,1.0,0.0,117.0,0.0,2.0,0.0,0.0,-3.0
2021-03-22,0.0,2.0,0.0,4.0,3.0,0.0,103.0,0.0,0.0,0.0,0.0,2.0
2021-03-26,0.0,6.0,0.0,15.0,3.0,0.0,141.0,0.0,0.0,0.0,0.0,-2.0
2021-03-29,1.0,4.0,0.0,24.0,6.0,0.0,99.0,0.0,0.0,0.0,0.0,7.0
2021-04-02,-1.0,5.0,0.0,27.0,10.0,0.0,130.0,0.0,0.0,0.0,0.0,-5.0
2021-04-05,0.0,3.0,0.0,20.0,6.0,0.0,91.0,0.0,1.0,0.0,0.0,-1.0
2021-04-09,0.0,0.0,0.0,17.0,4.0,0.0,226.0,1.0,0.0,0.0,0.0,1.0
2021-04-12,0.0,0.0,0.0,29.0,4.0,1.0,202.0,0.0,1.0,0.0,0.0,-2.0
2021-04-16,0.0,1.0,1.0,41.0,6.0,1.0,276.0,-1.0,-1.0,0.0,0.0,0.0
2021-04-19,0.0,0.0,0.0,35.0,3.0,0.0,267.0,1.0,1.0,0.0,0.0,1.0
2021-04-23,0.0,3.0,0.0,45.0,3.0,1.0,365.0,1.0,1.0,0.0,0.0,2.0
2021-04-26,0.0,0.0,0.0,39.0,4.0,0.0,262.0,1.0,1.0,0.0,1.0,2.0
2021-04-30,0.0,1.0,0.0,65.0,34.0,-1.0,432.0,0.0,1.0,0.0,0.0,1.0
2021-05-03,0.0,1.0,5.0,71.0,18.0,0.0,244.0,0.0,0.0,0.0,0.0,0.0
2021-05-07,0.0,0.0,8.0,112.0,35.0,0.0,297.0,0.0,0.0,2.0,0.0,0.0
2021-05-10,0.0,0.0,0.0,79.0,18.0,0.0,211.0,0.0,0.0,1.0,1.0,1.0
2021-05-14,0.0,1.0,1.0,106.0,6.0,1.0,253.0,1.0,0.0,0.0,1.0,3.0
2021-05-17,0.0,0.0,0.0,113.0,29.0,0.0,189.0,0.0,0.0,0.0,0.0,-3.0
2021-05-21,0.0,0.0,0.0,87.0,20.0,0.0,247.0,0.0,0.0,0.0,0.0,12.0
2021-05-24,0.0,0.0,0.0,85.0,24.0,0.0,121.0,0.0,0.0,0.0,1.0,0.0
2021-05-28,1.0,0.0,0.0,96.0,24.0,0.0,176.0,0.0,0.0,0.0,0.0,2.0
2021-05-31,0.0,0.0,0.0,42.0,16.0,0.0,94.0,0.0,0.0,0.0,0.0,0.0
2021-06-04,0.0,1.0,0.0,84.0,19.0,0.0,143.0,0.0,0.0,0.0,0.0,-6.0
2021-06-07,0.0,0.0,0.0,67.0,15.0,1.0,66.0,0.0,0.0,0.0,1.0,3.0
2021-06-11,0.0,0.0,0.0,37.0,12.0,0.0,116.0,0.0,1.0,0.0,0.0,1.0
2021-06-14,0.0,1.0,0.0,29.0,5.0,0.0,76.0,0.0,1.0,0.0,0.0,-2.0
2021-06-18,0.0,0.0,0.0,36.0,14.0,0.0,154.0,0.0,0.0,0.0,0.0,-2.0
2021-06-21,0.0,0.0,0.0,27.0,20.0,0.0,96.0,0.0,0.0,0.0,0.0,2.0
2021-06-25,0.0,-1.0,0.0,26.0,7.0,0.0,83.0,0.0,0.0,0.0,0.0,-3.0
2021-06-28,0.0,1.0,0.0,8.0,14.0,0.0,43.0,0.0,0.0,0.0,0.0,0.0
2021-07-02,0.0,0.0,0.0,11.0,9.0,0.0,69.0,3.0,0.0,0.0,0.0,1.0
2021-07-05,0.0,0.0,0.0,17.0,2.0,0.0,47.0,1.0,2.0,0.0,0.0,1.0
2021-07-09,0.0,0.0,0.0,6.0,6.0,1.0,42.0,0.0,0.0,0.0,0.0,-2.0
2021-07-12,0.0,0.0,0.0,1.0,5.0,2.0,29.0,0.0,1.0,0.0,0.0,0.0
2021-07-16,0.0,0.0,0.0,1.0,4.0,1.0,9.0,0.0,0.0,0.0,0.0,-1.0
2021-07-19,0.0,0.0,0.0,12.0,5.0,0.0,-5.0,0.0,0.0,0.0,0.0,2.0
2021-07-23,0.0,2.0,0.0,5.0,5.0,0.0,13.0,0.0,0.0,0.0,0.0,0.0
2021-07-26,0.0,0.0,0.0,1.0,1.0,0.0,12.0,0.0,0.0,0.0,0.0,1.0
2021-07-30,0.0,0.0,0.0,11.0,3.0,0.0,6.0,0.0,0.0,0.0,0.0,-1.0
2021-08-02,0.0,0.0,0.0,1.0,1.0,0.0,9.0,0.0,0.0,0.0,0.0,0.0
2021-08-06,0.0,0.0,0.0,5.0,-1.0,0.0,11.0,0.0,0.0,0.0,0.0,0.0
2021-08-09,0.0,1.0,0.0,8.0,0.0,0.0,12.0,0.0,0.0,0.0,0.0,0.0
2021-08-13,0.0,0.0,0.0,15.0,0.0,0.0,47.0,0.0,0.0,0.0,0.0,-43.0
2021-08-16,0.0,0.0,0.0,1.0,0.0,1.0,12.0,0.0,0.0,0.0,3.0,1.0
2021-08-20,0.0,0.0,0.0,2.0,0.0,-1.0,41.0,0.0,0.0,0.0,0.0,-1.0
2021-08-23,0.0,0.0,0.0,1.0,0.0,0.0,23.0,0.0,0.0,0.0,0.0,0.0
2021-08-27,0.0,0.0,0.0,0.0,0.0,0.0,11.0,0.0,0.0,0.0,0.0,-1.0
2021-08-30,0.0,0.0,0.0,1.0,0.0,0.0,3.0,0.0,0.0,0.0,0.0,0.0
2021-09-03,0.0,0.0,0.0,0.0,0.0,0.0,7.0,0.0,0.0,0.0,0.0,-2.0
2021-09-06,0.0,0.0,0.0,0.0,0.0,0.0,2.0,0.0,0.0,0.0,0.0,0.0
2021-09-10,0.0,0.0,0.0,0.0,0.0,0.0,1.0,0.0,0.0,0.0,0.0,0.0
2021-09-13,0.0,0.0,0.0,1.0,0.0,0.0,9.0,0.0,0.0,0.0,0.0,-2.0
2021-09-17,0.0,1.0,0.0,0.0,0.0,0.0,-1.0,0.0,0.0,0.0,0.0,0.0
2021-09-20,0.0,0.0,0.0,0.0,0.0,0.0,3.0,0.0,0.0,0.0,0.0,0.0
2021-09-24,0.0,0.0,0.0,1.0,0.0,0.0,2.0,0.0,0.0,0.0,0.0,0.0
2021-09-27,0.0,0.0,0.0,1.0,0.0,0.0,3.0,0.0,0.0,0.0,0.0,0.0
2021-10-01,0.0,0.0,0.0,0.0,0.0,0.0,3.0,0.0,0.0,0.0,0.0,0.0
2021-10-04,0.0,1.0,0.0,0.0,0.0,0.0,2.0,0.0,0.0,0.0,0.0,0.0
2021-10-08,0.0,0.0,0.0,0.0,0.0,0.0,2.0,0.0,0.0,0.0,0.0,0.0
2021-10-11,0.0,0.0,0.0,1.0,0.0,0.0,1.0,0.0,0.0,0.0,0.0,0.0
2021-10-15,0.0,0.0,0.0,0.0,0.0,0.0,2.0,0.0,0.0,0.0,0.0,0.0
2021-10-18,0.0,0.0,0.0,0.0,0.0,0.0,4.0,0.0,0.0,0.0,0.0,0.0
2021-10-22,0.0,0.0,0.0,1.0,0.0,0.0,16.0,0.0,0.0,0.0,0.0,2.0
2021-10-25,0.0,0.0,0.0,1.0,0.0,0.0,17.0,0.0,0.0,0.0,0.0,-2.0
2021-10-29,0.0,2.0,0.0,4.0,0.0,0.0,11.0,0.0,0.0,0.0,0.0,0.0
2021-11-01,0.0,2.0,0.0,5.0,1.0,0.0,27.0,0.0,0.0,0.0,0.0,0.0
2021-11-05,0.0,1.0,0.0,3.0,0.0,0.0,28.0,1.0,0.0,0.0,0.0,0.0
2021-11-08,0.0,0.0,0.0,2.0,0.0,0.0,45.0,0.0,0.0,0.0,0.0,1.0
2021-11-12,0.0,1.0,0.0,9.0,0.0,0.0,46.0,0.0,0.0,0.0,0.0,1.0
2021-11-15,0.0,0.0,0.0,12.0,0.0,0.0,42.0,0.0,0.0,0.0,0.0,-1.0
2021-11-19,0.0,1.0,0.0,2.0,0.0,0.0,42.0,0.0,0.0,0.0,0.0,-1.0
2021-11-22,0.0,2.0,0.0,1.0,1.0,0.0,33.0,0.0,0.0,0.0,0.0,0.0
2021-11-26,0.0,11.0,0.0,12.0,0.0,0.0,36.0,0.0,0.0,0.0,0.0,2.0
2021-11-29,0.0,0.0,0.0,1.0,0.0,0.0,21.0,0.0,0.0,0.0,0.0,0.0
2021-12-03,0.0,-3.0,0.0,6.0,0.0,0.0,52.0,0.0,0.0,0.0,0.0,0.0
2021-12-06,0.0,1.0,0.0,5.0,0.0,0.0,40.0,0.0,0.0,0.0,0.0,3.0
2021-12-10,0.0,2.0,0.0,7.0,0.0,0.0,44.0,0.0,0.0,0.0,0.0,1.0
2021-12-13,0.0,1.0,0.0,1.0,0.0,0.0,32.0,0.0,0.0,0.0,0.0,1.0
2021-12-17,0.0,1.0,0.0,11.0,0.0,0.0,74.0,0.0,0.0,0.0,1.0,0.0
2021-12-20,0.0,0.0,0.0,10.0,0.0,0.0,49.0,0.0,0.0,0.0,0.0,0.0
2021-12-24,0.0,-1.0,0.0,14.0,1.0,0.0,52.0,0.0,0.0,0.0,0.0,6.0
2021-12-27,1.0,0.0,0.0,13.0,1.0,0.0,30.0,0.0,0.0,0.0,1.0,-1.0
2021-12-31,6.0,-1.0,0.0,13.0,1.0,0.0,76.0,0.0,0.0,0.0,1.0,2.0
2022-01-03,-7.0,0.0,0.0,8.0,0.0,0.0,65.0,0.0,0.0,0.0,0.0,-4.0
2022-01-07,0.0,1.0,0.0,12.0,1.0,0.0,226.0,0.0,0.0,0.0,0.0,21.0
2022-01-10,0.0,0.0,0.0,28.0,1.0,0.0,309.0,0.0,0.0,0.0,0.0,64.0
2022-01-14,0.0,2.0,0.0,71.0,7.0,0.0,675.0,0.0,4.0,0.0,0.0,137.0
2022-01-17,4.0,2.0,0.0,94.0,17.0,2.0,805.0,0.0,0.0,1.0,29.0,6.0
2022-01-21,-4.0,6.0,0.0,161.0,41.0,1.0,1147.0,1.0,8.0,0.0,3.0,100.0
2022-01-24,0.0,4.0,0.0,200.0,32.0,2.0,1197.0,0.0,0.0,1.0,1.0,192.0
2022-01-28,6.0,6.0,4.0,450.0,94.0,8.0,1715.0,4.0,7.0,0.0,6.0,-525.0
2022-01-31,-2.0,9.0,3.0,224.0,42.0,8.0,1112.0,0.0,2.0,0.0,0.0,0.0
2022-02-04,-1.0,15.0,2.0,357.0,68.0,-2.0,1337.0,2.0,1.0,0.0,6.0,0.0
2022-02-07,1.0,8.0,1.0,224.0,42.0,0.0,841.0,-1.0,5.0,0.0,5.0,0.0
2022-02-11,-1.0,14.0,0.0,231.0,49.0,2.0,930.0,0.0,4.0,1.0,0.0,0.0
2022-02-14,0.0,10.0,2.0,173.0,34.0,0.0,537.0,0.0,6.0,1.0,4.0,3.0
2022-02-18,0.0,6.0,1.0,180.0,33.0,0.0,696.0,0.0,8.0,2.0,1.0,10.0
2022-02-21,0.0,7.0,0.0,152.0,20.0,1.0,502.0,1.0,-1.0,0.0,3.0,3.0
2022-02-25,0.0,11.0,0.0,165.0,30.0,-4.0,558.0,0.0,1.0,0.0,2.0,2.0
2022-02-28,0.0,7.0,1.0,90.0,11.0,0.0,396.0,0.0,1.0,2.0,1.0,4.0
2022-03-04,0.0,9.0,1.0,88.0,18.0,0.0,438.0,1.0,10.0,0.0,-1.0,5.0
2022-03-07,0.0,6.0,0.0,47.0,23.0,1.0,343.0,0.0,-1.0,0.0,0.0,6.0
2022-03-11,1.0,2.0,0.0,113.0,31.0,-1.0,478.0,0.0,3.0,0.0,0.0,0.0
2022-03-14,0.0,1.0,0.0,54.0,20.0,0.0,328.0,1.0,0.0,0.0,0.0,1.0
2022-03-18,0.0,3.0,0.0,104.0,36.0,0.0,664.0,0.0,1.0,0.0,0.0,0.0
2022-03-21,0.0,3.0,0.0,55.0,10.0,0.0,282.0,0.0,0.0,1.0,0.0,0.0
2022-03-25,0.0,5.0,1.0,29.0,10.0,0.0,368.0,2.0,1.0,0.0,1.0,0.0
2022-03-28,0.0,0.0,0.0,18.0,8.0,0.0,193.0,0.0,0.0,0.0,0.0,0.0
2022-04-01,0.0,4.0,0.0,15.0,12.0,0.0,248.0,0.0,1.0,1.0,0.0,0.0
2022-04-04,0.0,0.0,0.0,15.0,5.0,0.0,134.0,0.0,0.0,0.0,0.0,0.0
2022-04-08,0.0,2.0,0.0,19.0,1.0,0.0,111.0,0.0,1.0,0.0,0.0,0.0
2022-04-11,0.0,0.0,0.0,14.0,1.0,0.0,75.0,1.0,0.0,0.0,0.0,0.0
2022-04-15,0.0,0.0,0.0,18.0,22.0,0.0,158.0,0.0,0.0,0.0,2.0,0.0
2022-04-18,0.0,0.0,0.0,11.0,6.0,0.0,51.0,0.0,0.0,0.0,1.0,0.0
2022-04-22,0.0,0.0,0.0,39.0,11.0,1.0,190.0,0.0,0.0,0.0,2.0,0.0
2022-04-25,0.0,0.0,0.0,21.0,8.0,0.0,94.0,0.0,0.0,0.0,1.0,0.0
2022-04-29,0.0,0.0,1.0,48.0,15.0,0.0,99.0,0.0,0.0,0.0,0.0,0.0
2022-05-02,0.0,0.0,0.0,32.0,7.0,0.0,94.0,0.0,0.0,0.0,0.0,0.0
2022-05-06,0.0,0.0,0.0,36.0,8.0,1.0,112.0,0.0,1.0,0.0,0.0,0.0
2022-05-09,0.0,0.0,6.0,11.0,4.0,-1.0,70.0,0.0,0.0,0.0,0.0,0.0
2022-05-13,0.0,0.0,1.0,21.0,12.0,0.0,113.0,0.0,0.0,0.0,0.0,1.0
2022-05-16,0.0,3.0,0.0,4.0,9.0,0.0,86.0,0.0,1.0,0.0,0.0,0.0
2022-05-20,0.0,1.0,0.0,20.0,13.0,0.0,184.0,0.0,0.0,0.0,0.0,0.0
2022-05-23,0.0,2.0,0.0,30.0,10.0,0.0,85.0,0.0,0.0,0.0,0.0,1.0
2022-05-27,0.0,4.0,0.0,52.0,7.0,0.0,167.0,0.0,0.0,0.0,0.0,0.0
2022-05-30,0.0,0.0,0.0,27.0,3.0,0.0,107.0,0.0,0.0,0.0,1.0,0.0
2022-06-03,0.0,1.0,0.0,31.0,9.0,0.0,204.0,0.0,1.0,0.0,2.0,0.0
2022-06-06,0.0,0.0,0.0,16.0,3.0,3.0,162.0,0.0,1.0,0.0,1.0,0.0
2022-06-10,0.0,1.0,1.0,20.0,10.0,0.0,250.0,0.0,2.0,0.0,0.0,0.0
2022-06-13,0.0,5.0,-1.0,12.0,1.0,1.0,163.0,1.0,0.0,0.0,0.0,0.0
2022-06-17,0.0,4.0,0.0,16.0,13.0,-1.0,269.0,0.0,1.0,0.0,0.0,0.0
2022-06-20,0.0,3.0,0.0,21.0,3.0,0.0,163.0,0.0,0.0,0.0,0.0,0.0
2022-06-24,0.0,3.0,0.0,19.0,2.0,0.0,253.0,0.0,0.0,0.0,0.0,0.0
2022-06-27,0.0,4.0,0.0,13.0,0.0,0.0,218.0,0.0,0.0,0.0,0.0,0.0
2022-07-01,1.0,2.0,0.0,15.0,7.0,1.0,316.0,1.0,0.0,0.0,0.0,0.0
2022-07-04,0.0,3.0,0.0,13.0,14.0,1.0,267.0,0.0,0.0,0.0,0.0,0.0
2022-07-08,0.0,2.0,0.0,19.0,9.0,1.0,454.0,2.0,0.0,0.0,1.0,0.0
2022-07-11,0.0,0.0,0.0,28.0,12.0,0.0,296.0,0.0,1.0,0.0,0.0,0.0
2022-07-15,0.0,3.0,0.0,48.0,5.0,0.0,463.0,1.0,0.0,0.0,0.0,0.0
2022-07-18,0.0,0.0,0.0,16.0,15.0,1.0,334.0,1.0,0.0,0.0,0.0,0.0
2022-07-22,0.0,2.0,0.0,40.0,10.0,0.0,395.0,1.0,0.0,0.0,0.0,0.0
2022-07-25,0.0,0.0,0.0,15.0,10.0,0.0,239.0,0.0,0.0,0.0,0.0,1.0
2022-07-29,1.0,1.0,0.0,42.0,14.0,1.0,322.0,2.0,0.0,0.0,0.0,0.0
2022-08-01,0.0,1.0,0.0,21.0,12.0,0.0,221.0,0.0,0.0,0.0,0.0,0.0
2022-08-05,0.0,1.0,1.0,29.0,14.0,0.0,294.0,0.0,1.0,0.0,6.0,0.0
2022-08-08,0.0,1.0,0.0,29.0,14.0,0.0,193.0,0.0,0.0,0.0,1.0,0.0
2022-08-12,0.0,10.0,0.0,68.0,20.0,0.0,336.0,0.0,0.0,0.0,0.0,0.0
2022-08-15,0.0,12.0,1.0,53.0,5.0,0.0,258.0,0.0,0.0,0.0,1.0,0.0
2022-08-19,0.0,36.0,0.0,84.0,8.0,0.0,336.0,0.0,0.0,0.0,2.0,0.0
2022-08-22,0.0,15.0,0.0,52.0,11.0,0.0,202.0,0.0,1.0,0.0,0.0,1.0
2022-08-26,0.0,17.0,0.0,56.0,7.0,1.0,275.0,0.0,-1.0,0.0,0.0,0.0
2022-08-29,2.0,5.0,0.0,47.0,18.0,1.0,129.0,0.0,0.0,0.0,0.0,0.0
2022-09-02,0.0,16.0,0.0,42.0,15.0,0.0,189.0,0.0,0.0,0.0,0.0,0.0
2022-09-05,0.0,11.0,2.0,19.0,16.0,0.0,81.0,0.0,0.0,0.0,0.0,0.0
2022-09-09,0.0,4.0,2.0,8.0,15.0,2.0,113.0,0.0,0.0,0.0,0.0,0.0
2022-09-12,0.0,0.0,0.0,6.0,14.0,0.0,69.0,0.0,0.0,1.0,0.0,0.0
2022-09-19,0.0,11.0,0.0,15.0,18.0,0.0,80.0,0.0,0.0,0.0,0.0,0.0
2022-09-23,0.0,13.0,0.0,9.0,8.0,0.0,73.0,0.0,0.0,1.0,0.0,1.0
2022-09-26,0.0,8.0,0.0,11.0,5.0,0.0,53.0,0.0,0.0,0.0,1.0,1.0
2022-10-03,0.0,14.0,0.0,24.0,6.0,0.0,133.0,0.0,1.0,0.0,2.0,0.0
2022-10-10,1.0,2.0,1.0,22.0,26.0,0.0,114.0,0.0,-1.0,0.0,0.0,0.0
2022-10-14,0.0,1.0,0.0,14.0,24.0,0.0,105.0,0.0,0.0,0.0,1.0,0.0
2022-10-17,0.0,0.0,0.0,16.0,20.0,0.0,93.0,0.0,0.0,0.0,1.0,0.0
2022-10-21,0.0,2.0,0.0,15.0,18.0,0.0,169.0,0.0,0.0,0.0,0.0,0.0
2022-10-24,0.0,1.0,0.0,7.0,9.0,0.0,99.0,0.0,0.0,0.0,0.0,0.0
2022-10-28,0.0,1.0,0.0,22.0,11.0,0.0,179.0,0.0,0.0,0.0,1.0,0.0
2022-10-31,0.0,1.0,0.0,37.0,9.0,0.0,101.0,0.0,0.0,0.0,1.0,0.0
2022-11-04,0.0,2.0,3.0,38.0,6.0,0.0,133.0,1.0,0.0,1.0,1.0,0.0
2022-11-07,0.0,0.0,-1.0,56.0,13.0,0.0,153.0,0.0,0.0,0.0,1.0,0.0
2022-11-11,0.0,2.0,0.0,50.0,7.0,0.0,180.0,0.0,0.0,-1.0,0.0,0.0
2022-11-14,0.0,0.0,0.0,35.0,7.0,0.0,116.0,0.0,0.0,0.0,0.0,0.0
2022-11-18,0.0,0.0,0.0,54.0,10.0,0.0,141.0,0.0,0.0,0.0,0.0,0.0
2022-11-21,0.0,0.0,0.0,36.0,5.0,0.0,110.0,0.0,0.0,0.0,0.0,0.0
2022-11-25,0.0,0.0,0.0,39.0,4.0,0.0,154.0,1.0,0.0,0.0,1.0,0.0
2022-11-28,0.0,1.0,0.0,27.0,3.0,0.0,88.0,0.0,0.0,0.0,0.0,0.0
2022-12-02,0.0,0.0,1.0,31.0,11.0,0.0,178.0,3.0,0.0,0.0,0.0,0.0
2022-12-05,0.0,2.0,0.0,18.0,3.0,0.0,106.0,1.0,0.0,0.0,0.0,0.0
2022-12-09,0.0,3.0,0.0,47.0,4.0,0.0,164.0,2.0,0.0,0.0,0.0,0.0
2022-12-12,0.0,3.0,0.0,24.0,1.0,0.0,91.0,2.0,0.0,1.0,0.0,0.0
2022-12-16,0.0,6.0,0.0,51.0,3.0,0.0,170.0,1.0,0.0,0.0,0.0,0.0
2022-12-19,0.0,6.0,1.0,33.0,8.0,0.0,116.0,0.0,0.0,0.0,0.0,0.0
2022-12-23,0.0,1.0,0.0,41.0,8.0,1.0,163.0,0.0,0.0,0.0,1.0,0.0
2022-12-26,0.0,7.0,0.0,21.0,1.0,0.0,106.0,0.0,0.0,0.0,0.0,0.0
2022-12-30,0.0,13.0,0.0,42.0,12.0,1.0,199.0,0.0,1.0,0.0,1.0,0.0
2023-01-05,0.0,3.0,0.0,29.0,20.0,0.0,160.0,0.0,0.0,0.0,0.0,0.0
2023-01-09,0.0,0.0,0.0,8.0,11.0,0.0,81.0,0.0,0.0,0.0,1.0,0.0
