,Alto del Carmen,Caldera,Chanaral,Copiapo,Diego de Almagro,Freirina,Huasco,Tierra Amarilla,Vallenar,Desconocido Atacama
2020-04-01,0.0,0.0,0.0,0.0,0.0,0.0,0.0,0.0,0.0,0.0
2020-04-03,0.0,0.0,0.0,4.0,0.0,0.0,0.0,0.0,0.0,0.0
2020-04-06,0.0,0.0,0.0,0.0,0.0,0.0,0.0,0.0,0.0,0.0
2020-04-08,0.0,0.0,0.0,1.0,0.0,0.0,0.0,0.0,0.0,0.0
2020-04-10,0.0,0.0,0.0,3.0,0.0,0.0,0.0,4.0,0.0,0.0
2020-04-13,0.0,0.0,0.0,0.0,1.0,0.0,0.0,0.0,0.0,0.0
2020-04-15,0.0,0.0,0.0,0.0,0.0,0.0,0.0,0.0,0.0,0.0
2020-04-17,0.0,0.0,0.0,0.0,0.0,0.0,0.0,0.0,0.0,0.0
2020-04-20,0.0,0.0,0.0,0.0,0.0,0.0,1.0,0.0,0.0,0.0
2020-04-24,0.0,0.0,0.0,0.0,0.0,0.0,-1.0,1.0,7.0,0.0
2020-04-27,0.0,0.0,0.0,0.0,0.0,1.0,0.0,1.0,6.0,0.0
2020-05-01,0.0,0.0,0.0,11.0,0.0,0.0,0.0,1.0,4.0,0.0
2020-05-04,0.0,1.0,0.0,15.0,1.0,0.0,1.0,2.0,7.0,0.0
2020-05-08,0.0,0.0,0.0,14.0,0.0,0.0,0.0,0.0,4.0,0.0
2020-05-11,0.0,2.0,0.0,19.0,1.0,0.0,0.0,10.0,13.0,0.0
2020-05-15,0.0,1.0,0.0,4.0,0.0,0.0,0.0,3.0,1.0,0.0
2020-05-18,0.0,1.0,0.0,11.0,0.0,0.0,0.0,1.0,1.0,0.0
2020-05-22,0.0,0.0,0.0,14.0,2.0,0.0,0.0,0.0,3.0,0.0
2020-05-25,0.0,0.0,0.0,4.0,3.0,0.0,0.0,0.0,2.0,0.0
2020-05-29,0.0,1.0,1.0,15.0,4.0,0.0,0.0,1.0,2.0,0.0
2020-06-01,0.0,1.0,0.0,20.0,0.0,0.0,0.0,0.0,6.0,0.0
2020-06-05,1.0,2.0,0.0,25.0,1.0,0.0,1.0,1.0,9.0,0.0
2020-06-08,1.0,1.0,0.0,47.0,2.0,0.0,3.0,1.0,15.0,0.0
2020-06-12,0.0,3.0,2.0,52.0,4.0,1.0,3.0,4.0,4.0,0.0
2020-06-15,2.0,1.0,0.0,38.0,6.0,0.0,1.0,5.0,16.0,0.0
2020-06-19,1.0,4.0,3.0,100.0,6.0,2.0,2.0,7.0,38.0,7.0
2020-06-23,1.0,2.0,14.0,77.0,4.0,4.0,4.0,15.0,43.0,-4.0
2020-06-28,0.0,6.0,2.0,129.0,1.0,8.0,2.0,10.0,47.0,6.0
2020-07-01,0.0,14.0,2.0,67.0,1.0,0.0,4.0,2.0,34.0,17.0
2020-07-05,1.0,6.0,0.0,98.0,1.0,9.0,0.0,3.0,46.0,-16.0
2020-07-10,1.0,2.0,2.0,124.0,11.0,8.0,4.0,13.0,45.0,2.0
2020-07-13,1.0,2.0,3.0,99.0,0.0,-2.0,0.0,14.0,32.0,0.0
2020-07-17,1.0,3.0,9.0,68.0,1.0,15.0,1.0,7.0,10.0,1.0
2020-07-20,0.0,6.0,0.0,112.0,-1.0,0.0,0.0,10.0,23.0,1.0
2020-07-24,0.0,11.0,1.0,164.0,3.0,3.0,0.0,9.0,24.0,0.0
2020-07-27,1.0,7.0,7.0,197.0,1.0,1.0,3.0,20.0,9.0,1.0
2020-07-31,0.0,4.0,3.0,293.0,1.0,5.0,3.0,16.0,10.0,3.0
2020-08-03,0.0,7.0,4.0,257.0,0.0,1.0,2.0,30.0,23.0,0.0
2020-08-07,0.0,18.0,6.0,328.0,3.0,4.0,2.0,22.0,10.0,0.0
2020-08-10,0.0,20.0,7.0,384.0,1.0,8.0,3.0,29.0,28.0,0.0
2020-08-14,5.0,39.0,10.0,333.0,10.0,15.0,2.0,19.0,21.0,1.0
2020-08-17,13.0,26.0,5.0,235.0,22.0,13.0,7.0,17.0,33.0,12.0
2020-08-21,6.0,8.0,6.0,184.0,24.0,18.0,8.0,15.0,35.0,0.0
2020-08-24,0.0,34.0,2.0,176.0,12.0,5.0,6.0,17.0,24.0,2.0
2020-08-28,1.0,18.0,2.0,128.0,13.0,4.0,12.0,4.0,29.0,2.0
2020-08-31,0.0,11.0,15.0,85.0,17.0,7.0,2.0,14.0,31.0,1.0
2020-09-04,0.0,6.0,20.0,20.0,23.0,0.0,2.0,9.0,63.0,-1.0
2020-09-07,0.0,1.0,14.0,49.0,0.0,0.0,9.0,1.0,44.0,1.0
2020-09-11,0.0,0.0,27.0,66.0,7.0,9.0,14.0,6.0,75.0,0.0
2020-09-14,0.0,3.0,7.0,76.0,1.0,1.0,10.0,2.0,32.0,1.0
2020-09-18,0.0,6.0,5.0,97.0,8.0,7.0,8.0,-1.0,42.0,0.0
2020-09-21,2.0,11.0,8.0,51.0,0.0,2.0,11.0,2.0,84.0,0.0
2020-09-25,1.0,8.0,0.0,35.0,9.0,2.0,16.0,1.0,79.0,1.0
2020-09-28,1.0,3.0,2.0,32.0,16.0,4.0,12.0,6.0,89.0,0.0
2020-10-02,1.0,0.0,0.0,49.0,16.0,19.0,7.0,7.0,52.0,1.0
2020-10-05,0.0,0.0,0.0,28.0,7.0,3.0,8.0,1.0,34.0,1.0
2020-10-09,1.0,3.0,1.0,49.0,20.0,11.0,2.0,10.0,42.0,-1.0
2020-10-12,0.0,4.0,0.0,31.0,20.0,2.0,9.0,21.0,30.0,0.0
2020-10-16,0.0,2.0,0.0,47.0,15.0,2.0,4.0,6.0,10.0,0.0
2020-10-19,0.0,1.0,0.0,49.0,15.0,0.0,5.0,9.0,27.0,1.0
2020-10-24,0.0,4.0,1.0,66.0,12.0,2.0,6.0,2.0,11.0,0.0
2020-10-26,0.0,0.0,0.0,29.0,8.0,0.0,3.0,4.0,9.0,0.0
2020-10-30,0.0,5.0,1.0,45.0,10.0,1.0,3.0,2.0,17.0,0.0
2020-11-02,0.0,1.0,0.0,13.0,6.0,0.0,16.0,1.0,6.0,1.0
2020-11-06,0.0,4.0,0.0,12.0,2.0,-1.0,1.0,0.0,3.0,0.0
2020-11-09,0.0,0.0,0.0,4.0,1.0,0.0,1.0,1.0,10.0,1.0
2020-11-13,0.0,1.0,0.0,6.0,1.0,0.0,8.0,4.0,13.0,1.0
2020-11-16,0.0,0.0,3.0,9.0,1.0,0.0,4.0,2.0,6.0,0.0
2020-11-20,0.0,0.0,1.0,11.0,6.0,1.0,5.0,1.0,25.0,0.0
2020-11-23,0.0,5.0,0.0,3.0,2.0,0.0,19.0,3.0,11.0,1.0
2020-11-27,1.0,0.0,0.0,8.0,1.0,2.0,16.0,3.0,12.0,0.0
2020-11-30,1.0,0.0,1.0,17.0,0.0,0.0,12.0,4.0,13.0,0.0
2020-12-04,0.0,0.0,0.0,3.0,0.0,1.0,2.0,4.0,21.0,0.0
2020-12-07,0.0,1.0,0.0,8.0,0.0,0.0,1.0,0.0,14.0,0.0
2020-12-11,2.0,4.0,0.0,13.0,3.0,0.0,4.0,1.0,11.0,-1.0
2020-12-14,0.0,2.0,0.0,11.0,0.0,0.0,1.0,0.0,8.0,0.0
2020-12-18,0.0,4.0,0.0,14.0,2.0,1.0,0.0,5.0,11.0,2.0
2020-12-21,0.0,9.0,0.0,18.0,2.0,5.0,0.0,9.0,5.0,0.0
2020-12-25,0.0,27.0,0.0,34.0,3.0,1.0,0.0,2.0,16.0,0.0
2020-12-28,0.0,11.0,0.0,5.0,1.0,1.0,0.0,0.0,7.0,0.0
2021-01-01,0.0,4.0,1.0,31.0,3.0,1.0,0.0,1.0,8.0,0.0
2021-01-04,0.0,4.0,2.0,79.0,0.0,1.0,0.0,0.0,5.0,0.0
2021-01-08,0.0,8.0,6.0,71.0,4.0,2.0,0.0,8.0,16.0,4.0
2021-01-11,1.0,7.0,0.0,86.0,8.0,2.0,0.0,4.0,6.0,-2.0
2021-01-15,0.0,18.0,7.0,155.0,26.0,3.0,2.0,16.0,50.0,-1.0
2021-01-18,1.0,3.0,14.0,124.0,25.0,2.0,2.0,6.0,31.0,0.0
2021-01-22,0.0,17.0,11.0,161.0,12.0,5.0,7.0,12.0,39.0,0.0
2021-01-25,4.0,21.0,9.0,111.0,16.0,1.0,4.0,15.0,22.0,0.0
2021-01-29,2.0,11.0,11.0,160.0,33.0,13.0,11.0,14.0,41.0,0.0
2021-02-01,6.0,22.0,9.0,147.0,19.0,18.0,26.0,32.0,43.0,1.0
2021-02-05,2.0,13.0,7.0,146.0,10.0,13.0,14.0,14.0,19.0,1.0
2021-02-08,2.0,8.0,6.0,108.0,9.0,12.0,15.0,29.0,46.0,2.0
2021-02-12,2.0,5.0,1.0,138.0,11.0,10.0,16.0,27.0,25.0,2.0
2021-02-15,3.0,8.0,4.0,116.0,5.0,14.0,15.0,17.0,39.0,4.0
2021-02-19,1.0,11.0,4.0,118.0,10.0,5.0,12.0,10.0,14.0,-5.0
2021-02-22,14.0,15.0,27.0,98.0,5.0,1.0,10.0,18.0,30.0,1.0
2021-02-26,4.0,29.0,17.0,182.0,8.0,9.0,3.0,9.0,41.0,-3.0
2021-03-01,7.0,23.0,19.0,107.0,13.0,10.0,1.0,7.0,32.0,0.0
2021-03-05,4.0,18.0,19.0,197.0,9.0,16.0,13.0,23.0,46.0,5.0
2021-03-08,1.0,19.0,14.0,113.0,14.0,5.0,9.0,29.0,31.0,1.0
2021-03-12,3.0,40.0,31.0,157.0,7.0,13.0,25.0,14.0,29.0,1.0
2021-03-15,3.0,32.0,16.0,123.0,15.0,9.0,18.0,7.0,61.0,0.0
2021-03-19,3.0,39.0,6.0,151.0,19.0,11.0,19.0,10.0,68.0,-1.0
2021-03-22,12.0,26.0,24.0,143.0,24.0,12.0,19.0,5.0,56.0,1.0
2021-03-26,4.0,24.0,16.0,147.0,23.0,7.0,5.0,0.0,78.0,0.0
2021-03-29,4.0,27.0,11.0,117.0,10.0,7.0,4.0,6.0,44.0,0.0
2021-04-02,8.0,25.0,24.0,195.0,25.0,7.0,16.0,1.0,60.0,-1.0
2021-04-05,2.0,37.0,16.0,167.0,14.0,3.0,7.0,12.0,71.0,0.0
2021-04-09,11.0,39.0,12.0,314.0,15.0,5.0,5.0,15.0,110.0,7.0
2021-04-12,2.0,39.0,19.0,243.0,11.0,3.0,6.0,26.0,90.0,1.0
2021-04-16,2.0,27.0,17.0,343.0,18.0,15.0,1.0,21.0,105.0,-4.0
2021-04-19,15.0,28.0,7.0,284.0,18.0,7.0,2.0,11.0,103.0,1.0
2021-04-23,2.0,36.0,16.0,369.0,14.0,9.0,2.0,18.0,116.0,16.0
2021-04-26,7.0,27.0,6.0,249.0,7.0,6.0,4.0,32.0,92.0,-13.0
2021-04-30,2.0,11.0,43.0,325.0,2.0,10.0,8.0,19.0,105.0,9.0
2021-05-03,0.0,12.0,29.0,149.0,8.0,7.0,8.0,11.0,84.0,-6.0
2021-05-07,1.0,16.0,28.0,298.0,7.0,22.0,8.0,16.0,72.0,5.0
2021-05-10,3.0,7.0,16.0,176.0,7.0,5.0,5.0,19.0,61.0,4.0
2021-05-14,2.0,9.0,21.0,269.0,18.0,17.0,2.0,14.0,59.0,2.0
2021-05-17,0.0,5.0,6.0,171.0,13.0,13.0,1.0,12.0,72.0,0.0
2021-05-21,1.0,36.0,6.0,295.0,33.0,11.0,14.0,39.0,85.0,7.0
2021-05-24,4.0,25.0,2.0,166.0,14.0,6.0,14.0,8.0,69.0,-2.0
2021-05-28,9.0,21.0,12.0,289.0,40.0,12.0,14.0,42.0,90.0,2.0
2021-05-31,9.0,35.0,3.0,195.0,37.0,6.0,18.0,44.0,99.0,1.0
2021-06-04,7.0,14.0,11.0,249.0,27.0,8.0,10.0,20.0,94.0,2.0
2021-06-07,3.0,23.0,5.0,192.0,29.0,6.0,11.0,30.0,85.0,0.0
2021-06-11,1.0,22.0,15.0,209.0,26.0,6.0,12.0,18.0,88.0,3.0
2021-06-14,16.0,14.0,14.0,258.0,19.0,13.0,22.0,29.0,77.0,4.0
2021-06-18,5.0,37.0,18.0,312.0,22.0,14.0,20.0,24.0,106.0,3.0
2021-06-21,5.0,23.0,9.0,187.0,20.0,8.0,13.0,10.0,73.0,-1.0
2021-06-25,1.0,24.0,23.0,258.0,27.0,8.0,13.0,6.0,50.0,9.0
2021-06-28,2.0,12.0,16.0,144.0,21.0,1.0,8.0,8.0,41.0,-5.0
2021-07-02,6.0,22.0,34.0,283.0,29.0,6.0,10.0,9.0,52.0,5.0
2021-07-05,2.0,13.0,16.0,145.0,6.0,3.0,9.0,25.0,48.0,0.0
2021-07-09,1.0,19.0,21.0,242.0,27.0,3.0,16.0,24.0,42.0,-1.0
2021-07-12,1.0,12.0,14.0,214.0,8.0,5.0,0.0,48.0,57.0,7.0
2021-07-16,2.0,27.0,17.0,175.0,9.0,10.0,5.0,40.0,45.0,0.0
2021-07-19,3.0,8.0,14.0,85.0,4.0,0.0,2.0,12.0,43.0,-1.0
2021-07-23,0.0,7.0,15.0,135.0,11.0,4.0,2.0,12.0,33.0,0.0
2021-07-26,1.0,8.0,8.0,71.0,6.0,6.0,3.0,9.0,11.0,0.0
2021-07-30,0.0,6.0,5.0,74.0,12.0,4.0,3.0,7.0,23.0,0.0
2021-08-02,0.0,1.0,3.0,41.0,1.0,0.0,2.0,0.0,7.0,1.0
2021-08-06,0.0,4.0,3.0,29.0,1.0,1.0,6.0,4.0,12.0,-1.0
2021-08-09,1.0,3.0,0.0,36.0,0.0,0.0,0.0,1.0,11.0,0.0
2021-08-13,1.0,4.0,3.0,27.0,1.0,1.0,4.0,1.0,13.0,-5.0
2021-08-16,0.0,5.0,2.0,15.0,1.0,0.0,0.0,0.0,7.0,0.0
2021-08-20,0.0,13.0,2.0,11.0,0.0,2.0,0.0,1.0,10.0,0.0
2021-08-23,0.0,18.0,1.0,12.0,1.0,0.0,0.0,0.0,4.0,-2.0
2021-08-27,0.0,24.0,0.0,13.0,2.0,0.0,0.0,2.0,1.0,0.0
2021-08-30,0.0,9.0,1.0,17.0,0.0,1.0,0.0,1.0,0.0,1.0
2021-09-03,-1.0,18.0,5.0,22.0,1.0,0.0,1.0,2.0,5.0,-15.0
2021-09-06,0.0,11.0,7.0,16.0,1.0,0.0,1.0,0.0,4.0,0.0
2021-09-10,0.0,20.0,5.0,17.0,0.0,0.0,0.0,0.0,1.0,1.0
2021-09-13,0.0,7.0,1.0,20.0,0.0,0.0,0.0,1.0,0.0,8.0
2021-09-17,0.0,4.0,4.0,24.0,0.0,0.0,0.0,1.0,1.0,-9.0
2021-09-20,0.0,2.0,1.0,8.0,0.0,1.0,0.0,1.0,1.0,0.0
2021-09-24,9.0,21.0,0.0,26.0,0.0,0.0,0.0,3.0,3.0,2.0
2021-09-27,2.0,11.0,1.0,30.0,0.0,0.0,0.0,0.0,2.0,-2.0
2021-10-01,0.0,11.0,1.0,24.0,1.0,0.0,0.0,0.0,5.0,2.0
2021-10-04,0.0,7.0,3.0,16.0,7.0,2.0,0.0,0.0,15.0,-1.0
2021-10-08,0.0,2.0,2.0,20.0,8.0,0.0,1.0,1.0,11.0,-1.0
2021-10-11,0.0,4.0,0.0,23.0,2.0,0.0,1.0,3.0,22.0,0.0
2021-10-15,1.0,7.0,4.0,29.0,2.0,0.0,0.0,6.0,13.0,0.0
2021-10-18,1.0,2.0,1.0,25.0,0.0,0.0,1.0,6.0,5.0,1.0
2021-10-22,3.0,4.0,11.0,33.0,4.0,0.0,2.0,4.0,8.0,1.0
2021-10-25,0.0,6.0,7.0,44.0,8.0,0.0,0.0,5.0,1.0,0.0
2021-10-29,0.0,7.0,2.0,55.0,9.0,0.0,0.0,5.0,12.0,1.0
2021-11-01,0.0,2.0,1.0,64.0,7.0,1.0,3.0,0.0,6.0,5.0
2021-11-05,0.0,5.0,2.0,64.0,11.0,1.0,6.0,8.0,21.0,-2.0
2021-11-08,0.0,9.0,3.0,56.0,6.0,1.0,0.0,-2.0,59.0,-3.0
2021-11-12,2.0,13.0,12.0,81.0,8.0,4.0,11.0,11.0,59.0,6.0
2021-11-15,0.0,15.0,5.0,74.0,13.0,3.0,6.0,8.0,90.0,4.0
2021-11-19,1.0,27.0,11.0,89.0,20.0,4.0,16.0,3.0,111.0,1.0
2021-11-22,4.0,19.0,6.0,78.0,21.0,1.0,11.0,4.0,92.0,5.0
2021-11-26,5.0,19.0,8.0,144.0,11.0,3.0,15.0,10.0,104.0,12.0
2021-11-29,6.0,11.0,7.0,91.0,6.0,8.0,14.0,7.0,63.0,-6.0
2021-12-03,5.0,9.0,11.0,137.0,0.0,1.0,10.0,6.0,66.0,-7.0
2021-12-06,5.0,9.0,6.0,84.0,3.0,7.0,11.0,6.0,40.0,10.0
2021-12-10,3.0,3.0,3.0,121.0,1.0,8.0,11.0,6.0,41.0,0.0
2021-12-13,1.0,5.0,4.0,96.0,1.0,3.0,1.0,7.0,11.0,-15.0
2021-12-17,0.0,7.0,5.0,72.0,1.0,4.0,3.0,4.0,0.0,4.0
2021-12-20,0.0,2.0,2.0,81.0,0.0,3.0,2.0,3.0,6.0,1.0
2021-12-24,0.0,24.0,9.0,86.0,0.0,1.0,1.0,5.0,13.0,3.0
2021-12-27,0.0,11.0,11.0,47.0,3.0,0.0,2.0,0.0,10.0,-7.0
2021-12-31,0.0,10.0,14.0,71.0,1.0,0.0,1.0,1.0,7.0,3.0
2022-01-03,0.0,11.0,10.0,40.0,2.0,0.0,2.0,3.0,2.0,-1.0
2022-01-07,9.0,32.0,12.0,78.0,10.0,0.0,3.0,1.0,3.0,4.0
2022-01-10,3.0,18.0,13.0,120.0,4.0,0.0,3.0,5.0,6.0,2.0
2022-01-14,25.0,29.0,24.0,182.0,28.0,4.0,4.0,25.0,21.0,80.0
2022-01-17,11.0,23.0,21.0,268.0,24.0,2.0,11.0,32.0,59.0,-15.0
2022-01-21,6.0,48.0,22.0,396.0,48.0,4.0,23.0,62.0,119.0,99.0
2022-01-24,6.0,84.0,62.0,418.0,65.0,11.0,28.0,96.0,133.0,238.0
2022-01-28,23.0,165.0,51.0,1392.0,146.0,26.0,40.0,199.0,291.0,-410.0
2022-01-31,14.0,178.0,36.0,1002.0,49.0,15.0,44.0,161.0,242.0,0.0
2022-02-04,40.0,232.0,50.0,1399.0,131.0,30.0,85.0,338.0,319.0,0.0
2022-02-07,28.0,303.0,47.0,1427.0,97.0,59.0,73.0,171.0,365.0,0.0
2022-02-11,37.0,285.0,80.0,1698.0,144.0,90.0,101.0,153.0,624.0,0.0
2022-02-14,13.0,326.0,96.0,1357.0,78.0,57.0,73.0,119.0,295.0,0.0
2022-02-18,16.0,253.0,85.0,1271.0,111.0,112.0,97.0,187.0,335.0,0.0
2022-02-21,20.0,235.0,82.0,1064.0,86.0,66.0,72.0,84.0,372.0,1.0
2022-02-25,19.0,214.0,59.0,1106.0,113.0,66.0,77.0,70.0,391.0,0.0
2022-02-28,16.0,109.0,75.0,741.0,79.0,47.0,62.0,46.0,390.0,0.0
2022-03-04,30.0,142.0,63.0,903.0,87.0,64.0,88.0,61.0,298.0,0.0
2022-03-07,4.0,59.0,90.0,546.0,55.0,58.0,48.0,39.0,234.0,0.0
2022-03-11,19.0,56.0,36.0,741.0,60.0,42.0,70.0,42.0,284.0,0.0
2022-03-14,3.0,37.0,19.0,371.0,46.0,28.0,25.0,28.0,125.0,0.0
2022-03-18,15.0,43.0,37.0,476.0,78.0,27.0,27.0,34.0,199.0,0.0
2022-03-21,11.0,25.0,24.0,261.0,45.0,13.0,17.0,23.0,121.0,0.0
2022-03-25,19.0,23.0,31.0,351.0,83.0,18.0,27.0,18.0,128.0,0.0
2022-03-28,4.0,13.0,8.0,149.0,30.0,2.0,12.0,10.0,113.0,0.0
2022-04-01,2.0,15.0,21.0,210.0,28.0,17.0,15.0,13.0,72.0,0.0
2022-04-04,2.0,17.0,0.0,133.0,10.0,13.0,3.0,-1.0,46.0,0.0
2022-04-08,-1.0,9.0,11.0,101.0,16.0,12.0,6.0,2.0,51.0,0.0
2022-04-11,0.0,13.0,4.0,85.0,12.0,7.0,2.0,2.0,28.0,0.0
2022-04-15,8.0,9.0,1.0,95.0,12.0,4.0,4.0,3.0,59.0,0.0
2022-04-18,0.0,2.0,2.0,45.0,6.0,8.0,5.0,10.0,26.0,0.0
2022-04-22,3.0,3.0,10.0,95.0,11.0,8.0,5.0,0.0,26.0,0.0
2022-04-25,0.0,5.0,4.0,55.0,8.0,1.0,7.0,5.0,13.0,0.0
2022-04-29,1.0,6.0,8.0,82.0,12.0,3.0,8.0,4.0,52.0,0.0
2022-05-02,0.0,4.0,0.0,66.0,3.0,2.0,0.0,2.0,25.0,0.0
2022-05-06,2.0,9.0,0.0,67.0,11.0,5.0,2.0,2.0,37.0,0.0
2022-05-09,2.0,4.0,2.0,46.0,1.0,6.0,11.0,2.0,16.0,0.0
2022-05-13,0.0,15.0,0.0,138.0,15.0,8.0,2.0,8.0,47.0,0.0
2022-05-16,0.0,5.0,1.0,97.0,16.0,3.0,5.0,10.0,37.0,0.0
2022-05-20,0.0,15.0,2.0,104.0,14.0,8.0,10.0,4.0,96.0,0.0
2022-05-23,2.0,9.0,2.0,90.0,18.0,3.0,15.0,4.0,84.0,0.0
2022-05-27,0.0,20.0,1.0,179.0,42.0,13.0,14.0,23.0,120.0,0.0
2022-05-30,2.0,28.0,4.0,144.0,22.0,8.0,17.0,25.0,91.0,0.0
2022-06-03,9.0,47.0,3.0,297.0,57.0,18.0,34.0,38.0,123.0,0.0
2022-06-06,4.0,29.0,9.0,287.0,53.0,24.0,29.0,29.0,91.0,1.0
2022-06-10,15.0,52.0,15.0,651.0,86.0,65.0,75.0,71.0,200.0,0.0
2022-06-13,6.0,60.0,9.0,476.0,69.0,22.0,31.0,48.0,146.0,0.0
2022-06-17,41.0,64.0,12.0,763.0,124.0,37.0,62.0,48.0,203.0,1.0
2022-06-20,19.0,44.0,6.0,575.0,60.0,24.0,37.0,28.0,116.0,6.0
2022-06-24,28.0,55.0,14.0,739.0,124.0,27.0,36.0,71.0,173.0,-1.0
2022-06-27,6.0,47.0,20.0,716.0,71.0,16.0,37.0,51.0,150.0,0.0
2022-07-01,16.0,106.0,14.0,880.0,101.0,33.0,54.0,52.0,151.0,0.0
2022-07-04,8.0,83.0,21.0,800.0,89.0,25.0,27.0,47.0,160.0,0.0
2022-07-08,11.0,123.0,32.0,1303.0,150.0,30.0,32.0,67.0,190.0,0.0
2022-07-11,4.0,69.0,13.0,920.0,86.0,24.0,31.0,34.0,160.0,1.0
2022-07-15,8.0,113.0,26.0,1417.0,91.0,21.0,19.0,71.0,191.0,0.0
2022-07-18,5.0,36.0,29.0,687.0,39.0,21.0,12.0,33.0,91.0,0.0
2022-07-22,4.0,91.0,40.0,1134.0,79.0,44.0,29.0,49.0,154.0,0.0
2022-07-25,5.0,59.0,36.0,684.0,36.0,28.0,25.0,34.0,111.0,0.0
2022-07-29,9.0,140.0,84.0,1109.0,83.0,54.0,22.0,63.0,198.0,0.0
2022-08-01,3.0,104.0,61.0,645.0,35.0,41.0,12.0,34.0,120.0,0.0
2022-08-05,4.0,153.0,87.0,903.0,94.0,55.0,24.0,46.0,166.0,0.0
2022-08-08,8.0,118.0,71.0,574.0,45.0,31.0,16.0,21.0,88.0,0.0
2022-08-12,11.0,146.0,76.0,756.0,59.0,81.0,33.0,41.0,175.0,0.0
2022-08-15,4.0,81.0,47.0,411.0,41.0,32.0,20.0,22.0,131.0,1.0
2022-08-19,15.0,127.0,40.0,615.0,51.0,32.0,32.0,35.0,136.0,-1.0
2022-08-22,5.0,56.0,41.0,402.0,22.0,19.0,20.0,16.0,143.0,0.0
2022-08-26,21.0,84.0,49.0,586.0,42.0,58.0,20.0,26.0,135.0,0.0
2022-08-29,8.0,38.0,41.0,324.0,21.0,22.0,14.0,12.0,113.0,0.0
2022-09-02,9.0,42.0,45.0,464.0,46.0,22.0,10.0,35.0,135.0,0.0
2022-09-05,4.0,26.0,18.0,281.0,25.0,6.0,5.0,10.0,64.0,0.0
2022-09-09,1.0,35.0,7.0,369.0,26.0,16.0,8.0,11.0,55.0,0.0
2022-09-12,0.0,23.0,5.0,191.0,23.0,2.0,4.0,14.0,37.0,0.0
2022-09-19,0.0,24.0,13.0,278.0,36.0,7.0,26.0,12.0,85.0,0.0
2022-09-23,2.0,19.0,4.0,139.0,21.0,2.0,13.0,7.0,19.0,0.0
2022-09-26,0.0,9.0,1.0,86.0,14.0,5.0,8.0,3.0,31.0,0.0
2022-10-03,2.0,20.0,8.0,203.0,36.0,8.0,28.0,16.0,50.0,0.0
2022-10-10,5.0,25.0,3.0,202.0,43.0,8.0,33.0,10.0,45.0,0.0
2022-10-14,7.0,14.0,16.0,181.0,47.0,5.0,19.0,6.0,26.0,0.0
2022-10-17,0.0,14.0,3.0,108.0,29.0,3.0,9.0,4.0,26.0,0.0
2022-10-21,7.0,34.0,9.0,203.0,33.0,7.0,17.0,19.0,30.0,0.0
2022-10-24,3.0,14.0,2.0,109.0,18.0,8.0,10.0,10.0,32.0,0.0
2022-10-28,4.0,24.0,7.0,204.0,29.0,29.0,8.0,21.0,57.0,0.0
2022-10-31,9.0,14.0,9.0,145.0,18.0,7.0,6.0,19.0,36.0,0.0
2022-11-04,5.0,25.0,12.0,219.0,31.0,27.0,9.0,10.0,33.0,0.0
2022-11-07,5.0,23.0,8.0,249.0,22.0,8.0,10.0,10.0,67.0,0.0
2022-11-11,7.0,57.0,9.0,361.0,44.0,10.0,15.0,31.0,70.0,1.0
2022-11-14,3.0,21.0,9.0,208.0,38.0,7.0,8.0,12.0,66.0,-1.0
2022-11-18,4.0,46.0,14.0,293.0,58.0,17.0,12.0,21.0,75.0,0.0
2022-11-21,5.0,36.0,10.0,197.0,31.0,8.0,11.0,6.0,31.0,0.0
2022-11-25,2.0,47.0,29.0,325.0,50.0,17.0,15.0,22.0,85.0,0.0
2022-11-28,1.0,37.0,9.0,170.0,28.0,3.0,4.0,14.0,56.0,0.0
2022-12-02,2.0,46.0,13.0,346.0,54.0,12.0,8.0,44.0,42.0,0.0
2022-12-05,2.0,27.0,5.0,228.0,23.0,4.0,7.0,27.0,31.0,0.0
2022-12-09,5.0,56.0,12.0,407.0,43.0,7.0,8.0,9.0,53.0,0.0
2022-12-12,0.0,16.0,8.0,153.0,17.0,2.0,8.0,12.0,39.0,0.0
2022-12-16,5.0,32.0,9.0,280.0,61.0,7.0,8.0,24.0,52.0,0.0
2022-12-19,0.0,22.0,9.0,200.0,37.0,2.0,11.0,13.0,39.0,0.0
2022-12-23,1.0,44.0,13.0,376.0,56.0,10.0,6.0,26.0,51.0,0.0
2022-12-26,3.0,31.0,4.0,258.0,36.0,8.0,17.0,12.0,45.0,0.0
2022-12-30,2.0,63.0,17.0,519.0,81.0,14.0,27.0,49.0,138.0,0.0
2023-01-05,9.0,83.0,23.0,382.0,107.0,14.0,41.0,41.0,118.0,0.0
2023-01-09,5.0,43.0,6.0,230.0,54.0,5.0,24.0,23.0,67.0,0.0
