,Andacollo,Canela,Combarbala,Coquimbo,Illapel,La Higuera,La Serena,Los Vilos,Monte Patria,Ovalle,Paiguano,Punitaqui,Rio Hurtado,Salamanca,Vicuna,Desconocido Coquimbo
2020-04-01,0.0,0.0,0.0,2.0,0.0,0.0,0.0,0.0,0.0,0.0,0.0,0.0,0.0,0.0,0.0,0.0
2020-04-03,0.0,0.0,0.0,0.0,0.0,0.0,8.0,0.0,0.0,0.0,0.0,0.0,0.0,0.0,0.0,0.0
2020-04-06,0.0,0.0,0.0,0.0,7.0,0.0,4.0,0.0,0.0,3.0,0.0,0.0,0.0,4.0,0.0,0.0
2020-04-08,0.0,0.0,0.0,0.0,5.0,0.0,0.0,0.0,0.0,0.0,0.0,0.0,0.0,0.0,0.0,0.0
2020-04-10,0.0,0.0,0.0,2.0,1.0,0.0,0.0,0.0,0.0,1.0,0.0,0.0,0.0,1.0,0.0,0.0
2020-04-13,0.0,0.0,0.0,0.0,4.0,0.0,0.0,1.0,0.0,0.0,0.0,0.0,1.0,1.0,0.0,0.0
2020-04-15,0.0,0.0,0.0,-2.0,2.0,0.0,0.0,0.0,0.0,0.0,0.0,0.0,0.0,0.0,0.0,0.0
2020-04-17,0.0,0.0,0.0,1.0,0.0,0.0,0.0,0.0,0.0,0.0,0.0,0.0,0.0,1.0,0.0,0.0
2020-04-20,0.0,0.0,0.0,3.0,-1.0,0.0,4.0,0.0,0.0,1.0,0.0,0.0,0.0,0.0,0.0,0.0
2020-04-24,0.0,0.0,0.0,1.0,0.0,0.0,2.0,0.0,0.0,0.0,0.0,1.0,0.0,0.0,0.0,0.0
2020-04-27,0.0,0.0,0.0,2.0,0.0,0.0,1.0,0.0,0.0,0.0,0.0,0.0,0.0,0.0,0.0,0.0
2020-05-01,0.0,0.0,0.0,3.0,0.0,0.0,1.0,0.0,0.0,1.0,0.0,1.0,0.0,0.0,0.0,0.0
2020-05-04,2.0,0.0,0.0,2.0,1.0,0.0,7.0,0.0,0.0,1.0,0.0,1.0,0.0,1.0,1.0,0.0
2020-05-08,1.0,1.0,0.0,4.0,0.0,0.0,6.0,0.0,0.0,5.0,0.0,2.0,0.0,1.0,0.0,0.0
2020-05-11,0.0,0.0,2.0,3.0,0.0,0.0,7.0,0.0,0.0,8.0,0.0,3.0,0.0,1.0,1.0,0.0
2020-05-15,0.0,0.0,0.0,11.0,0.0,0.0,17.0,0.0,3.0,11.0,0.0,0.0,1.0,2.0,3.0,0.0
2020-05-18,0.0,0.0,3.0,7.0,0.0,0.0,6.0,0.0,1.0,13.0,0.0,0.0,0.0,-2.0,2.0,0.0
2020-05-22,1.0,1.0,1.0,11.0,0.0,0.0,26.0,0.0,13.0,11.0,0.0,2.0,0.0,1.0,3.0,0.0
2020-05-25,0.0,0.0,1.0,7.0,0.0,0.0,28.0,0.0,3.0,11.0,0.0,1.0,0.0,1.0,2.0,0.0
2020-05-29,9.0,0.0,2.0,118.0,2.0,0.0,28.0,0.0,9.0,27.0,0.0,2.0,0.0,2.0,2.0,0.0
2020-06-01,0.0,0.0,5.0,10.0,4.0,1.0,41.0,3.0,14.0,40.0,2.0,1.0,3.0,5.0,0.0,0.0
2020-06-05,4.0,1.0,0.0,79.0,6.0,1.0,19.0,2.0,12.0,34.0,1.0,3.0,2.0,3.0,3.0,0.0
2020-06-08,2.0,1.0,6.0,82.0,12.0,-1.0,55.0,2.0,13.0,86.0,1.0,9.0,3.0,15.0,2.0,0.0
2020-06-12,6.0,2.0,0.0,107.0,10.0,2.0,90.0,3.0,14.0,72.0,0.0,5.0,3.0,5.0,2.0,0.0
2020-06-15,0.0,0.0,0.0,73.0,2.0,0.0,69.0,2.0,18.0,73.0,1.0,2.0,1.0,2.0,2.0,0.0
2020-06-19,1.0,0.0,8.0,145.0,17.0,2.0,124.0,6.0,26.0,186.0,4.0,5.0,2.0,5.0,4.0,112.0
2020-06-23,5.0,1.0,3.0,116.0,18.0,0.0,135.0,5.0,30.0,124.0,-2.0,4.0,2.0,6.0,4.0,11.0
2020-06-28,6.0,5.0,-2.0,167.0,13.0,-1.0,135.0,15.0,21.0,102.0,0.0,7.0,-1.0,1.0,3.0,-3.0
2020-07-01,1.0,2.0,1.0,73.0,25.0,-1.0,61.0,12.0,14.0,49.0,0.0,2.0,0.0,0.0,0.0,33.0
2020-07-05,2.0,2.0,0.0,114.0,17.0,2.0,140.0,12.0,15.0,51.0,0.0,1.0,2.0,1.0,3.0,-13.0
2020-07-10,1.0,3.0,0.0,200.0,59.0,5.0,162.0,4.0,13.0,68.0,0.0,11.0,3.0,7.0,11.0,19.0
2020-07-13,0.0,0.0,1.0,123.0,8.0,-1.0,85.0,7.0,10.0,64.0,1.0,1.0,0.0,4.0,2.0,0.0
2020-07-17,4.0,1.0,0.0,127.0,10.0,4.0,186.0,3.0,9.0,19.0,0.0,0.0,0.0,5.0,11.0,-16.0
2020-07-20,4.0,0.0,1.0,171.0,17.0,7.0,128.0,2.0,10.0,28.0,1.0,12.0,1.0,8.0,37.0,-4.0
2020-07-24,2.0,1.0,0.0,238.0,6.0,14.0,134.0,8.0,4.0,54.0,0.0,5.0,2.0,5.0,18.0,13.0
2020-07-27,0.0,3.0,1.0,193.0,10.0,12.0,166.0,21.0,3.0,22.0,0.0,6.0,1.0,25.0,6.0,-8.0
2020-07-31,0.0,1.0,1.0,214.0,24.0,13.0,196.0,13.0,8.0,51.0,2.0,2.0,3.0,16.0,2.0,-8.0
2020-08-03,2.0,1.0,1.0,131.0,10.0,5.0,109.0,3.0,5.0,29.0,0.0,1.0,0.0,9.0,6.0,1.0
2020-08-07,4.0,2.0,2.0,180.0,18.0,7.0,189.0,12.0,10.0,79.0,1.0,3.0,1.0,18.0,12.0,0.0
2020-08-10,2.0,0.0,1.0,193.0,20.0,14.0,145.0,2.0,7.0,45.0,0.0,1.0,2.0,2.0,14.0,-3.0
2020-08-14,3.0,9.0,1.0,178.0,15.0,6.0,155.0,24.0,22.0,93.0,0.0,12.0,4.0,4.0,1.0,6.0
2020-08-17,2.0,5.0,2.0,166.0,11.0,1.0,84.0,11.0,13.0,146.0,0.0,5.0,5.0,8.0,11.0,2.0
2020-08-21,7.0,15.0,9.0,191.0,13.0,0.0,126.0,13.0,24.0,100.0,0.0,13.0,-1.0,11.0,2.0,1.0
2020-08-24,6.0,5.0,6.0,177.0,22.0,3.0,109.0,19.0,18.0,143.0,5.0,16.0,0.0,4.0,16.0,-2.0
2020-08-28,8.0,9.0,9.0,214.0,10.0,3.0,96.0,19.0,37.0,140.0,0.0,1.0,1.0,4.0,10.0,0.0
2020-08-31,8.0,1.0,4.0,144.0,5.0,0.0,64.0,3.0,20.0,69.0,0.0,5.0,0.0,5.0,6.0,-2.0
2020-09-04,9.0,6.0,-1.0,108.0,8.0,1.0,140.0,12.0,7.0,114.0,3.0,5.0,1.0,6.0,20.0,1.0
2020-09-07,8.0,0.0,1.0,98.0,8.0,0.0,81.0,7.0,14.0,72.0,0.0,6.0,1.0,8.0,18.0,0.0
2020-09-11,17.0,4.0,3.0,90.0,7.0,0.0,102.0,17.0,18.0,91.0,2.0,5.0,1.0,8.0,18.0,1.0
2020-09-14,12.0,2.0,1.0,103.0,11.0,1.0,75.0,13.0,13.0,80.0,0.0,9.0,2.0,10.0,9.0,0.0
2020-09-18,8.0,0.0,3.0,79.0,10.0,3.0,59.0,7.0,17.0,79.0,3.0,19.0,1.0,1.0,15.0,2.0
2020-09-21,6.0,5.0,4.0,39.0,3.0,0.0,31.0,5.0,5.0,29.0,2.0,0.0,1.0,2.0,8.0,-2.0
2020-09-25,11.0,5.0,1.0,63.0,11.0,0.0,31.0,8.0,2.0,53.0,4.0,1.0,0.0,3.0,11.0,3.0
2020-09-28,4.0,6.0,2.0,71.0,24.0,1.0,28.0,2.0,11.0,55.0,7.0,4.0,0.0,11.0,9.0,3.0
2020-10-02,4.0,6.0,3.0,67.0,6.0,0.0,31.0,14.0,5.0,42.0,2.0,2.0,0.0,7.0,3.0,1.0
2020-10-05,9.0,0.0,1.0,45.0,13.0,0.0,39.0,6.0,2.0,22.0,2.0,4.0,0.0,0.0,4.0,-3.0
2020-10-09,5.0,0.0,3.0,36.0,3.0,0.0,56.0,4.0,10.0,23.0,0.0,-1.0,0.0,1.0,3.0,0.0
2020-10-12,3.0,1.0,1.0,27.0,5.0,0.0,21.0,5.0,1.0,13.0,0.0,0.0,0.0,2.0,0.0,1.0
2020-10-16,1.0,2.0,1.0,40.0,3.0,0.0,45.0,4.0,3.0,18.0,0.0,1.0,0.0,3.0,7.0,2.0
2020-10-19,2.0,0.0,2.0,19.0,4.0,0.0,20.0,1.0,2.0,14.0,0.0,4.0,1.0,2.0,-2.0,0.0
2020-10-24,0.0,3.0,5.0,37.0,5.0,0.0,37.0,3.0,4.0,21.0,1.0,6.0,0.0,4.0,1.0,1.0
2020-10-26,1.0,0.0,0.0,10.0,2.0,0.0,9.0,2.0,4.0,4.0,0.0,1.0,0.0,2.0,0.0,0.0
2020-10-30,1.0,1.0,3.0,32.0,2.0,0.0,28.0,5.0,6.0,5.0,0.0,1.0,0.0,3.0,0.0,-3.0
2020-11-02,0.0,2.0,0.0,21.0,2.0,0.0,11.0,0.0,1.0,1.0,0.0,2.0,0.0,2.0,1.0,0.0
2020-11-06,0.0,0.0,0.0,18.0,1.0,0.0,23.0,0.0,2.0,6.0,0.0,0.0,0.0,1.0,2.0,0.0
2020-11-09,0.0,0.0,0.0,10.0,1.0,0.0,6.0,0.0,3.0,9.0,0.0,1.0,0.0,0.0,2.0,0.0
2020-11-13,0.0,0.0,0.0,17.0,-1.0,0.0,16.0,1.0,2.0,10.0,0.0,4.0,0.0,3.0,2.0,1.0
2020-11-16,1.0,0.0,1.0,8.0,0.0,0.0,5.0,0.0,3.0,9.0,0.0,6.0,0.0,0.0,3.0,-1.0
2020-11-20,0.0,0.0,2.0,20.0,1.0,0.0,9.0,1.0,0.0,29.0,0.0,1.0,0.0,0.0,5.0,0.0
2020-11-23,0.0,0.0,2.0,20.0,0.0,0.0,21.0,-1.0,1.0,29.0,0.0,3.0,0.0,1.0,1.0,2.0
2020-11-27,1.0,0.0,2.0,23.0,3.0,0.0,26.0,1.0,12.0,34.0,1.0,4.0,0.0,2.0,4.0,5.0
2020-11-30,1.0,0.0,18.0,35.0,1.0,0.0,17.0,0.0,2.0,32.0,0.0,6.0,2.0,1.0,0.0,-2.0
2020-12-04,0.0,0.0,4.0,17.0,0.0,0.0,18.0,5.0,1.0,44.0,0.0,4.0,0.0,1.0,2.0,-2.0
2020-12-07,0.0,1.0,2.0,23.0,1.0,0.0,25.0,0.0,9.0,80.0,0.0,9.0,1.0,1.0,0.0,1.0
2020-12-11,0.0,0.0,0.0,24.0,0.0,0.0,26.0,5.0,6.0,62.0,0.0,2.0,0.0,2.0,2.0,-1.0
2020-12-14,0.0,1.0,3.0,28.0,0.0,0.0,25.0,1.0,14.0,68.0,0.0,7.0,0.0,3.0,0.0,0.0
2020-12-18,0.0,1.0,2.0,44.0,8.0,1.0,39.0,5.0,10.0,78.0,0.0,7.0,1.0,2.0,7.0,3.0
2020-12-21,1.0,1.0,3.0,33.0,2.0,0.0,20.0,0.0,11.0,55.0,0.0,6.0,2.0,1.0,5.0,1.0
2020-12-25,0.0,3.0,6.0,39.0,0.0,0.0,54.0,6.0,16.0,70.0,0.0,6.0,1.0,4.0,1.0,-1.0
2020-12-28,1.0,0.0,0.0,24.0,2.0,0.0,19.0,1.0,4.0,31.0,0.0,5.0,0.0,3.0,1.0,0.0
2021-01-01,0.0,2.0,0.0,57.0,1.0,0.0,69.0,11.0,19.0,60.0,2.0,7.0,0.0,2.0,4.0,1.0
2021-01-04,0.0,0.0,0.0,39.0,0.0,2.0,36.0,4.0,8.0,32.0,1.0,5.0,0.0,0.0,2.0,1.0
2021-01-08,5.0,6.0,7.0,86.0,1.0,2.0,80.0,16.0,10.0,50.0,1.0,3.0,4.0,6.0,2.0,4.0
2021-01-11,2.0,4.0,3.0,57.0,3.0,1.0,74.0,21.0,19.0,86.0,0.0,6.0,4.0,12.0,6.0,2.0
2021-01-15,1.0,2.0,7.0,123.0,10.0,8.0,90.0,29.0,15.0,89.0,0.0,5.0,0.0,6.0,3.0,5.0
2021-01-18,1.0,8.0,6.0,92.0,7.0,3.0,90.0,8.0,9.0,45.0,2.0,6.0,0.0,6.0,7.0,8.0
2021-01-22,2.0,10.0,3.0,153.0,16.0,0.0,175.0,33.0,8.0,56.0,0.0,1.0,2.0,18.0,7.0,-1.0
2021-01-25,4.0,9.0,3.0,132.0,11.0,0.0,105.0,22.0,6.0,65.0,1.0,4.0,5.0,12.0,1.0,8.0
2021-01-29,4.0,12.0,1.0,178.0,18.0,0.0,199.0,24.0,18.0,96.0,1.0,11.0,2.0,18.0,5.0,1.0
2021-02-01,5.0,2.0,2.0,137.0,6.0,4.0,163.0,27.0,9.0,36.0,0.0,5.0,1.0,10.0,6.0,6.0
2021-02-05,6.0,6.0,1.0,218.0,18.0,4.0,206.0,27.0,18.0,80.0,1.0,9.0,4.0,18.0,17.0,6.0
2021-02-08,9.0,5.0,1.0,108.0,15.0,1.0,195.0,22.0,8.0,63.0,4.0,4.0,5.0,10.0,17.0,0.0
2021-02-12,16.0,10.0,14.0,161.0,18.0,5.0,213.0,26.0,12.0,65.0,5.0,3.0,5.0,19.0,9.0,2.0
2021-02-15,12.0,12.0,6.0,125.0,20.0,0.0,150.0,25.0,9.0,66.0,1.0,9.0,1.0,28.0,10.0,5.0
2021-02-19,3.0,10.0,7.0,165.0,20.0,3.0,188.0,14.0,13.0,65.0,2.0,5.0,1.0,18.0,20.0,13.0
2021-02-22,8.0,0.0,13.0,154.0,16.0,8.0,197.0,7.0,15.0,44.0,3.0,10.0,0.0,29.0,41.0,-8.0
2021-02-26,13.0,17.0,8.0,247.0,28.0,1.0,231.0,26.0,19.0,89.0,1.0,9.0,1.0,29.0,22.0,-5.0
2021-03-01,13.0,6.0,8.0,171.0,28.0,1.0,215.0,25.0,10.0,85.0,7.0,6.0,1.0,36.0,33.0,-8.0
2021-03-05,11.0,0.0,8.0,278.0,27.0,2.0,356.0,25.0,28.0,94.0,10.0,3.0,0.0,50.0,40.0,-4.0
2021-03-08,8.0,3.0,5.0,231.0,22.0,4.0,233.0,21.0,26.0,96.0,4.0,9.0,3.0,41.0,35.0,16.0
2021-03-12,8.0,2.0,19.0,270.0,42.0,8.0,331.0,26.0,39.0,146.0,5.0,15.0,1.0,29.0,38.0,-16.0
2021-03-15,11.0,4.0,11.0,186.0,28.0,6.0,239.0,25.0,49.0,76.0,8.0,14.0,0.0,17.0,33.0,-1.0
2021-03-19,5.0,7.0,23.0,272.0,55.0,12.0,357.0,38.0,32.0,142.0,7.0,8.0,2.0,24.0,48.0,1.0
2021-03-22,7.0,5.0,18.0,197.0,55.0,12.0,258.0,45.0,22.0,99.0,3.0,9.0,0.0,22.0,35.0,1.0
2021-03-26,6.0,2.0,10.0,222.0,35.0,8.0,300.0,45.0,32.0,142.0,6.0,8.0,0.0,32.0,38.0,1.0
2021-03-29,5.0,3.0,8.0,174.0,33.0,3.0,207.0,35.0,22.0,103.0,12.0,7.0,2.0,23.0,32.0,13.0
2021-04-02,10.0,1.0,10.0,241.0,56.0,2.0,299.0,41.0,25.0,150.0,12.0,19.0,7.0,24.0,37.0,-9.0
2021-04-05,22.0,9.0,5.0,170.0,40.0,6.0,155.0,14.0,30.0,101.0,7.0,21.0,1.0,21.0,25.0,2.0
2021-04-09,10.0,3.0,13.0,214.0,34.0,2.0,244.0,16.0,42.0,178.0,10.0,11.0,2.0,26.0,43.0,11.0
2021-04-12,9.0,7.0,9.0,138.0,38.0,1.0,175.0,18.0,15.0,70.0,6.0,9.0,6.0,23.0,32.0,12.0
2021-04-16,8.0,11.0,13.0,218.0,56.0,6.0,253.0,38.0,33.0,142.0,13.0,11.0,4.0,45.0,31.0,-8.0
2021-04-19,5.0,9.0,10.0,137.0,50.0,2.0,178.0,13.0,16.0,62.0,2.0,16.0,4.0,20.0,27.0,9.0
2021-04-23,-2.0,12.0,10.0,179.0,41.0,19.0,313.0,20.0,15.0,100.0,1.0,9.0,3.0,50.0,10.0,6.0
2021-04-26,3.0,3.0,6.0,157.0,28.0,4.0,192.0,20.0,15.0,81.0,3.0,8.0,1.0,38.0,19.0,0.0
2021-04-30,4.0,12.0,5.0,180.0,45.0,1.0,299.0,29.0,13.0,92.0,3.0,7.0,3.0,47.0,16.0,12.0
2021-05-03,2.0,9.0,5.0,158.0,26.0,0.0,175.0,17.0,16.0,80.0,3.0,8.0,3.0,22.0,16.0,12.0
2021-05-07,7.0,8.0,19.0,221.0,38.0,0.0,266.0,32.0,21.0,86.0,7.0,7.0,6.0,24.0,34.0,11.0
2021-05-10,4.0,3.0,17.0,181.0,15.0,10.0,195.0,29.0,21.0,67.0,2.0,7.0,2.0,22.0,13.0,-1.0
2021-05-14,1.0,9.0,12.0,269.0,20.0,6.0,223.0,34.0,17.0,109.0,0.0,11.0,1.0,29.0,21.0,1.0
2021-05-17,1.0,3.0,6.0,216.0,25.0,1.0,171.0,39.0,19.0,107.0,1.0,12.0,4.0,24.0,12.0,-3.0
2021-05-21,4.0,6.0,17.0,368.0,26.0,5.0,276.0,68.0,32.0,130.0,0.0,13.0,7.0,24.0,11.0,13.0
2021-05-24,4.0,8.0,8.0,266.0,20.0,22.0,202.0,28.0,17.0,106.0,0.0,9.0,4.0,23.0,17.0,10.0
2021-05-28,8.0,17.0,13.0,338.0,43.0,6.0,292.0,41.0,17.0,156.0,8.0,40.0,8.0,51.0,20.0,-3.0
2021-05-31,4.0,10.0,6.0,287.0,28.0,3.0,208.0,33.0,35.0,118.0,1.0,25.0,9.0,50.0,23.0,-2.0
2021-06-04,3.0,1.0,14.0,308.0,58.0,11.0,316.0,43.0,47.0,227.0,7.0,39.0,9.0,51.0,45.0,-3.0
2021-06-07,6.0,0.0,24.0,268.0,26.0,5.0,240.0,32.0,40.0,185.0,4.0,26.0,15.0,54.0,71.0,10.0
2021-06-11,5.0,5.0,30.0,293.0,56.0,9.0,311.0,46.0,28.0,192.0,18.0,42.0,2.0,49.0,74.0,-16.0
2021-06-14,3.0,3.0,16.0,247.0,53.0,6.0,255.0,20.0,40.0,168.0,24.0,16.0,1.0,40.0,64.0,6.0
2021-06-18,15.0,6.0,17.0,323.0,67.0,9.0,337.0,14.0,43.0,255.0,26.0,29.0,4.0,37.0,88.0,6.0
2021-06-21,16.0,2.0,18.0,246.0,55.0,2.0,250.0,24.0,35.0,180.0,18.0,22.0,3.0,29.0,60.0,5.0
2021-06-25,12.0,3.0,14.0,206.0,73.0,4.0,230.0,16.0,23.0,165.0,12.0,9.0,2.0,25.0,48.0,-10.0
2021-06-28,7.0,7.0,17.0,173.0,50.0,6.0,176.0,16.0,33.0,119.0,0.0,14.0,5.0,17.0,46.0,1.0
2021-07-02,6.0,2.0,10.0,160.0,57.0,10.0,182.0,11.0,29.0,77.0,4.0,5.0,5.0,22.0,52.0,-4.0
2021-07-05,7.0,1.0,18.0,139.0,30.0,3.0,146.0,14.0,30.0,68.0,4.0,8.0,6.0,20.0,30.0,-5.0
2021-07-09,6.0,3.0,13.0,151.0,27.0,5.0,149.0,4.0,36.0,80.0,2.0,5.0,2.0,9.0,43.0,6.0
2021-07-12,5.0,9.0,10.0,171.0,28.0,3.0,123.0,18.0,20.0,57.0,2.0,1.0,4.0,13.0,27.0,4.0
2021-07-16,4.0,7.0,8.0,103.0,10.0,7.0,105.0,4.0,16.0,56.0,2.0,11.0,3.0,13.0,28.0,-4.0
2021-07-19,1.0,3.0,8.0,72.0,2.0,-2.0,62.0,1.0,12.0,22.0,3.0,5.0,0.0,8.0,14.0,0.0
2021-07-23,3.0,8.0,19.0,82.0,4.0,2.0,72.0,5.0,8.0,29.0,1.0,3.0,-1.0,3.0,10.0,1.0
2021-07-26,1.0,1.0,7.0,61.0,5.0,3.0,55.0,7.0,11.0,25.0,0.0,2.0,0.0,3.0,12.0,1.0
2021-07-30,2.0,2.0,7.0,85.0,14.0,0.0,69.0,3.0,18.0,12.0,0.0,0.0,0.0,8.0,7.0,0.0
2021-08-02,-1.0,1.0,-1.0,42.0,13.0,3.0,37.0,2.0,4.0,18.0,4.0,5.0,0.0,7.0,7.0,2.0
2021-08-06,4.0,1.0,3.0,34.0,12.0,0.0,47.0,7.0,8.0,23.0,1.0,0.0,0.0,6.0,2.0,-5.0
2021-08-09,0.0,1.0,2.0,30.0,1.0,1.0,35.0,8.0,1.0,9.0,1.0,4.0,0.0,5.0,2.0,1.0
2021-08-13,7.0,0.0,0.0,31.0,5.0,0.0,60.0,5.0,1.0,13.0,0.0,1.0,0.0,6.0,6.0,-3.0
2021-08-16,5.0,0.0,0.0,29.0,1.0,0.0,46.0,5.0,5.0,14.0,0.0,-1.0,0.0,4.0,4.0,0.0
2021-08-20,11.0,1.0,0.0,24.0,2.0,0.0,46.0,4.0,1.0,5.0,0.0,0.0,0.0,4.0,3.0,-4.0
2021-08-23,4.0,2.0,0.0,19.0,1.0,0.0,22.0,0.0,2.0,4.0,0.0,0.0,0.0,3.0,1.0,-3.0
2021-08-27,5.0,1.0,0.0,29.0,1.0,0.0,29.0,1.0,2.0,5.0,1.0,0.0,0.0,5.0,1.0,-1.0
2021-08-30,1.0,0.0,0.0,19.0,0.0,0.0,23.0,3.0,3.0,7.0,3.0,0.0,0.0,3.0,3.0,1.0
2021-09-03,5.0,2.0,0.0,21.0,1.0,0.0,30.0,0.0,8.0,15.0,0.0,1.0,1.0,0.0,6.0,-7.0
2021-09-06,2.0,0.0,0.0,17.0,2.0,0.0,26.0,0.0,2.0,1.0,-1.0,1.0,1.0,0.0,1.0,0.0
2021-09-10,1.0,1.0,2.0,25.0,1.0,0.0,23.0,0.0,0.0,6.0,1.0,0.0,0.0,0.0,5.0,0.0
2021-09-13,2.0,1.0,10.0,7.0,0.0,0.0,14.0,2.0,0.0,4.0,0.0,0.0,1.0,0.0,5.0,0.0
2021-09-17,0.0,-1.0,3.0,23.0,3.0,0.0,16.0,0.0,0.0,8.0,1.0,0.0,0.0,1.0,2.0,2.0
2021-09-20,0.0,0.0,4.0,11.0,1.0,1.0,12.0,0.0,0.0,10.0,0.0,0.0,0.0,3.0,0.0,0.0
2021-09-24,3.0,0.0,8.0,50.0,-1.0,0.0,22.0,1.0,3.0,20.0,3.0,0.0,0.0,2.0,2.0,1.0
2021-09-27,0.0,0.0,9.0,55.0,1.0,0.0,17.0,1.0,3.0,23.0,0.0,1.0,0.0,1.0,2.0,-1.0
2021-10-01,0.0,0.0,2.0,59.0,0.0,0.0,59.0,0.0,1.0,17.0,1.0,6.0,0.0,0.0,2.0,-1.0
2021-10-04,1.0,0.0,1.0,30.0,0.0,0.0,47.0,0.0,2.0,12.0,1.0,1.0,0.0,1.0,3.0,0.0
2021-10-08,1.0,0.0,1.0,33.0,0.0,0.0,47.0,2.0,0.0,16.0,1.0,6.0,0.0,0.0,3.0,-1.0
2021-10-11,0.0,0.0,2.0,40.0,1.0,0.0,47.0,3.0,3.0,10.0,0.0,7.0,0.0,0.0,0.0,0.0
2021-10-15,1.0,1.0,0.0,45.0,1.0,1.0,44.0,1.0,1.0,11.0,0.0,6.0,0.0,1.0,4.0,6.0
2021-10-18,0.0,0.0,0.0,55.0,8.0,1.0,37.0,3.0,2.0,5.0,1.0,4.0,0.0,1.0,2.0,-2.0
2021-10-22,1.0,0.0,2.0,63.0,22.0,2.0,75.0,6.0,2.0,19.0,1.0,13.0,0.0,12.0,2.0,-1.0
2021-10-25,2.0,2.0,1.0,82.0,22.0,1.0,64.0,6.0,3.0,16.0,1.0,0.0,0.0,20.0,11.0,3.0
2021-10-29,0.0,5.0,8.0,112.0,36.0,1.0,88.0,24.0,3.0,21.0,0.0,0.0,0.0,27.0,10.0,-3.0
2021-11-01,4.0,3.0,7.0,107.0,27.0,1.0,69.0,24.0,2.0,13.0,4.0,0.0,0.0,24.0,6.0,5.0
2021-11-05,0.0,5.0,29.0,106.0,23.0,0.0,96.0,27.0,4.0,18.0,1.0,5.0,0.0,24.0,5.0,-1.0
2021-11-08,0.0,3.0,7.0,129.0,21.0,3.0,118.0,46.0,12.0,10.0,1.0,0.0,0.0,16.0,18.0,-1.0
2021-11-12,0.0,10.0,3.0,154.0,27.0,3.0,150.0,69.0,5.0,23.0,3.0,2.0,2.0,14.0,3.0,-1.0
2021-11-15,1.0,3.0,5.0,126.0,15.0,3.0,112.0,45.0,1.0,19.0,3.0,4.0,4.0,9.0,6.0,-1.0
2021-11-19,9.0,6.0,3.0,206.0,19.0,5.0,139.0,43.0,4.0,21.0,9.0,1.0,2.0,15.0,17.0,8.0
2021-11-22,5.0,2.0,1.0,177.0,17.0,1.0,116.0,15.0,1.0,11.0,7.0,4.0,2.0,7.0,31.0,4.0
2021-11-26,6.0,3.0,7.0,239.0,21.0,6.0,136.0,35.0,1.0,31.0,7.0,3.0,2.0,6.0,19.0,-2.0
2021-11-29,2.0,3.0,1.0,171.0,8.0,1.0,126.0,20.0,1.0,12.0,2.0,3.0,0.0,3.0,9.0,-1.0
2021-12-03,2.0,2.0,-1.0,206.0,8.0,0.0,108.0,13.0,3.0,20.0,2.0,0.0,0.0,5.0,9.0,1.0
2021-12-06,2.0,2.0,3.0,139.0,5.0,2.0,89.0,14.0,7.0,13.0,2.0,0.0,0.0,6.0,3.0,-3.0
2021-12-10,6.0,3.0,1.0,133.0,6.0,0.0,93.0,7.0,0.0,17.0,1.0,3.0,0.0,10.0,6.0,-1.0
2021-12-13,1.0,1.0,0.0,134.0,5.0,1.0,64.0,6.0,1.0,18.0,0.0,0.0,0.0,3.0,7.0,2.0
2021-12-17,3.0,1.0,2.0,88.0,7.0,2.0,61.0,12.0,1.0,15.0,2.0,3.0,0.0,4.0,2.0,2.0
2021-12-20,1.0,2.0,1.0,74.0,5.0,6.0,34.0,2.0,2.0,15.0,1.0,1.0,0.0,2.0,2.0,0.0
2021-12-24,1.0,0.0,-1.0,71.0,2.0,0.0,42.0,0.0,2.0,19.0,0.0,1.0,0.0,1.0,10.0,0.0
2021-12-27,2.0,0.0,0.0,58.0,1.0,3.0,43.0,5.0,0.0,13.0,0.0,1.0,1.0,7.0,6.0,1.0
2021-12-31,1.0,1.0,0.0,61.0,8.0,2.0,58.0,5.0,6.0,19.0,0.0,3.0,1.0,1.0,3.0,5.0
2022-01-03,0.0,1.0,1.0,63.0,7.0,1.0,38.0,9.0,3.0,11.0,0.0,0.0,1.0,2.0,1.0,-3.0
2022-01-07,0.0,1.0,2.0,102.0,4.0,1.0,74.0,3.0,5.0,23.0,14.0,1.0,1.0,12.0,6.0,4.0
2022-01-10,2.0,2.0,4.0,90.0,7.0,0.0,128.0,9.0,7.0,24.0,8.0,5.0,0.0,13.0,5.0,12.0
2022-01-14,5.0,3.0,6.0,223.0,11.0,0.0,284.0,17.0,16.0,46.0,17.0,13.0,0.0,27.0,30.0,19.0
2022-01-17,9.0,4.0,8.0,407.0,13.0,3.0,438.0,26.0,10.0,48.0,4.0,5.0,2.0,34.0,39.0,46.0
2022-01-21,21.0,9.0,21.0,706.0,32.0,5.0,830.0,31.0,45.0,195.0,19.0,18.0,4.0,73.0,56.0,41.0
2022-01-24,11.0,9.0,11.0,830.0,55.0,9.0,880.0,46.0,59.0,258.0,13.0,12.0,7.0,98.0,98.0,57.0
2022-01-28,30.0,14.0,26.0,1409.0,114.0,13.0,1468.0,64.0,77.0,380.0,41.0,27.0,12.0,208.0,107.0,-181.0
2022-01-31,39.0,25.0,65.0,1536.0,147.0,16.0,1524.0,100.0,116.0,547.0,26.0,60.0,23.0,166.0,145.0,0.0
2022-02-04,72.0,28.0,86.0,2089.0,161.0,31.0,2160.0,143.0,161.0,903.0,44.0,82.0,16.0,247.0,165.0,1.0
2022-02-07,71.0,20.0,55.0,1790.0,207.0,26.0,1476.0,140.0,141.0,670.0,47.0,49.0,24.0,152.0,189.0,1.0
2022-02-11,49.0,59.0,92.0,1962.0,196.0,42.0,1771.0,135.0,138.0,749.0,34.0,61.0,16.0,165.0,109.0,0.0
2022-02-14,74.0,25.0,39.0,1565.0,184.0,36.0,1244.0,101.0,107.0,594.0,42.0,25.0,29.0,132.0,159.0,0.0
2022-02-18,70.0,55.0,101.0,1484.0,164.0,43.0,1408.0,176.0,178.0,758.0,50.0,47.0,24.0,111.0,124.0,1.0
2022-02-21,80.0,28.0,75.0,1106.0,158.0,23.0,1119.0,102.0,161.0,636.0,18.0,39.0,22.0,73.0,97.0,-1.0
2022-02-25,72.0,40.0,87.0,1021.0,222.0,33.0,1206.0,113.0,121.0,699.0,32.0,74.0,15.0,115.0,151.0,-1.0
2022-02-28,70.0,31.0,70.0,722.0,153.0,9.0,790.0,117.0,107.0,583.0,18.0,41.0,14.0,92.0,96.0,0.0
2022-03-04,60.0,38.0,91.0,863.0,143.0,11.0,994.0,68.0,94.0,597.0,32.0,42.0,24.0,88.0,113.0,0.0
2022-03-07,58.0,24.0,72.0,535.0,174.0,6.0,564.0,50.0,86.0,473.0,3.0,41.0,16.0,77.0,67.0,1.0
2022-03-11,38.0,29.0,75.0,627.0,171.0,7.0,829.0,84.0,90.0,543.0,28.0,55.0,17.0,77.0,102.0,0.0
2022-03-14,28.0,17.0,70.0,477.0,121.0,4.0,428.0,58.0,87.0,412.0,11.0,47.0,11.0,57.0,117.0,0.0
2022-03-18,20.0,26.0,54.0,515.0,116.0,9.0,612.0,45.0,106.0,442.0,20.0,39.0,7.0,74.0,90.0,1.0
2022-03-21,18.0,7.0,53.0,371.0,86.0,0.0,334.0,25.0,57.0,303.0,7.0,24.0,9.0,61.0,80.0,0.0
2022-03-25,31.0,17.0,23.0,363.0,87.0,6.0,450.0,21.0,71.0,235.0,4.0,35.0,9.0,58.0,37.0,-1.0
2022-03-28,30.0,19.0,20.0,272.0,44.0,6.0,288.0,17.0,36.0,175.0,4.0,10.0,2.0,41.0,39.0,-1.0
2022-04-01,16.0,5.0,39.0,266.0,61.0,3.0,292.0,17.0,30.0,191.0,5.0,14.0,7.0,46.0,32.0,0.0
2022-04-04,3.0,5.0,14.0,149.0,29.0,3.0,162.0,4.0,26.0,119.0,5.0,13.0,5.0,17.0,30.0,0.0
2022-04-08,5.0,5.0,14.0,152.0,32.0,1.0,193.0,14.0,20.0,128.0,3.0,6.0,5.0,13.0,17.0,0.0
2022-04-11,2.0,2.0,11.0,73.0,17.0,4.0,113.0,8.0,9.0,61.0,1.0,11.0,2.0,11.0,8.0,0.0
2022-04-15,6.0,5.0,15.0,129.0,14.0,1.0,144.0,8.0,8.0,58.0,2.0,6.0,0.0,8.0,15.0,0.0
2022-04-18,12.0,0.0,1.0,68.0,6.0,0.0,61.0,2.0,6.0,20.0,2.0,5.0,0.0,10.0,9.0,-1.0
2022-04-22,20.0,2.0,5.0,125.0,16.0,0.0,163.0,12.0,8.0,58.0,11.0,5.0,0.0,13.0,3.0,0.0
2022-04-25,16.0,0.0,7.0,76.0,11.0,0.0,100.0,5.0,3.0,25.0,9.0,8.0,0.0,5.0,14.0,0.0
2022-04-29,14.0,2.0,4.0,121.0,12.0,1.0,110.0,5.0,10.0,44.0,7.0,2.0,1.0,16.0,17.0,0.0
2022-05-02,6.0,4.0,3.0,74.0,23.0,1.0,85.0,8.0,6.0,18.0,4.0,5.0,1.0,6.0,11.0,0.0
2022-05-06,7.0,2.0,2.0,96.0,36.0,1.0,90.0,15.0,3.0,40.0,16.0,6.0,0.0,5.0,15.0,0.0
2022-05-09,5.0,2.0,4.0,67.0,31.0,1.0,102.0,10.0,4.0,34.0,4.0,8.0,3.0,15.0,6.0,0.0
2022-05-13,5.0,3.0,4.0,129.0,56.0,7.0,99.0,22.0,7.0,77.0,10.0,9.0,1.0,19.0,6.0,0.0
2022-05-16,9.0,2.0,7.0,67.0,39.0,2.0,111.0,8.0,8.0,65.0,5.0,5.0,1.0,17.0,4.0,0.0
2022-05-20,9.0,1.0,8.0,162.0,43.0,0.0,180.0,22.0,17.0,107.0,25.0,11.0,2.0,47.0,7.0,0.0
2022-05-23,7.0,2.0,12.0,115.0,45.0,0.0,157.0,16.0,10.0,75.0,7.0,5.0,1.0,22.0,14.0,0.0
2022-05-27,6.0,5.0,26.0,174.0,55.0,0.0,282.0,34.0,26.0,124.0,40.0,20.0,1.0,51.0,12.0,0.0
2022-05-30,8.0,8.0,18.0,144.0,40.0,2.0,266.0,29.0,14.0,72.0,21.0,14.0,1.0,46.0,6.0,0.0
2022-06-03,10.0,16.0,15.0,291.0,86.0,4.0,410.0,25.0,32.0,163.0,22.0,25.0,3.0,71.0,24.0,0.0
2022-06-06,5.0,7.0,12.0,265.0,57.0,4.0,300.0,28.0,22.0,130.0,9.0,5.0,3.0,57.0,13.0,0.0
2022-06-10,19.0,14.0,19.0,612.0,117.0,6.0,662.0,57.0,48.0,256.0,10.0,14.0,3.0,101.0,29.0,1.0
2022-06-13,14.0,9.0,28.0,481.0,121.0,6.0,544.0,32.0,33.0,190.0,2.0,20.0,4.0,90.0,19.0,-1.0
2022-06-17,15.0,17.0,28.0,678.0,180.0,6.0,887.0,53.0,62.0,322.0,5.0,21.0,15.0,119.0,61.0,0.0
2022-06-20,19.0,9.0,19.0,634.0,128.0,2.0,680.0,38.0,46.0,238.0,5.0,25.0,28.0,67.0,39.0,0.0
2022-06-24,15.0,7.0,27.0,793.0,137.0,6.0,866.0,47.0,40.0,290.0,4.0,22.0,9.0,88.0,38.0,1.0
2022-06-27,29.0,11.0,18.0,736.0,141.0,11.0,864.0,38.0,45.0,272.0,4.0,12.0,25.0,59.0,30.0,0.0
2022-07-01,35.0,10.0,45.0,679.0,135.0,17.0,897.0,31.0,62.0,346.0,4.0,28.0,10.0,57.0,41.0,0.0
2022-07-04,43.0,17.0,43.0,722.0,91.0,5.0,755.0,26.0,46.0,283.0,2.0,18.0,1.0,54.0,35.0,1.0
2022-07-08,70.0,15.0,41.0,859.0,107.0,16.0,962.0,42.0,86.0,426.0,9.0,35.0,10.0,52.0,59.0,1.0
2022-07-11,57.0,14.0,37.0,661.0,69.0,7.0,611.0,16.0,42.0,260.0,10.0,20.0,6.0,48.0,50.0,-1.0
2022-07-15,62.0,24.0,28.0,689.0,74.0,10.0,761.0,27.0,82.0,352.0,12.0,39.0,12.0,57.0,67.0,0.0
2022-07-18,25.0,16.0,21.0,385.0,36.0,11.0,377.0,6.0,36.0,119.0,5.0,7.0,8.0,24.0,34.0,0.0
2022-07-22,33.0,10.0,24.0,616.0,66.0,12.0,701.0,34.0,81.0,296.0,18.0,37.0,8.0,56.0,71.0,0.0
2022-07-25,25.0,9.0,15.0,464.0,35.0,7.0,495.0,24.0,50.0,221.0,12.0,15.0,5.0,40.0,62.0,0.0
2022-07-29,52.0,10.0,28.0,752.0,73.0,12.0,776.0,40.0,108.0,430.0,21.0,29.0,7.0,55.0,82.0,0.0
2022-08-01,51.0,12.0,15.0,558.0,59.0,8.0,640.0,36.0,67.0,255.0,10.0,25.0,11.0,41.0,67.0,0.0
2022-08-05,54.0,9.0,25.0,866.0,73.0,8.0,858.0,40.0,134.0,394.0,26.0,25.0,24.0,66.0,72.0,0.0
2022-08-08,35.0,14.0,10.0,679.0,44.0,11.0,587.0,25.0,98.0,237.0,16.0,16.0,14.0,27.0,99.0,0.0
2022-08-12,64.0,8.0,23.0,808.0,90.0,24.0,848.0,31.0,118.0,394.0,17.0,44.0,15.0,88.0,67.0,0.0
2022-08-15,34.0,11.0,15.0,630.0,66.0,11.0,582.0,44.0,67.0,242.0,21.0,11.0,8.0,65.0,61.0,0.0
2022-08-19,32.0,7.0,9.0,630.0,74.0,6.0,694.0,28.0,69.0,348.0,22.0,25.0,9.0,96.0,93.0,0.0
2022-08-22,25.0,6.0,15.0,432.0,50.0,2.0,460.0,31.0,49.0,283.0,8.0,12.0,7.0,77.0,63.0,0.0
2022-08-26,27.0,14.0,19.0,473.0,87.0,8.0,517.0,30.0,71.0,282.0,15.0,26.0,6.0,107.0,58.0,0.0
2022-08-29,13.0,15.0,17.0,307.0,56.0,8.0,274.0,31.0,43.0,141.0,11.0,9.0,7.0,55.0,50.0,0.0
2022-09-02,28.0,11.0,31.0,325.0,47.0,8.0,346.0,27.0,45.0,171.0,15.0,18.0,8.0,80.0,46.0,0.0
2022-09-05,28.0,6.0,11.0,182.0,31.0,3.0,223.0,14.0,29.0,146.0,5.0,5.0,3.0,46.0,32.0,0.0
2022-09-09,14.0,8.0,26.0,237.0,42.0,2.0,246.0,36.0,29.0,153.0,6.0,9.0,6.0,76.0,28.0,0.0
2022-09-12,7.0,5.0,9.0,161.0,36.0,1.0,155.0,10.0,17.0,73.0,1.0,4.0,7.0,51.0,13.0,0.0
2022-09-19,11.0,25.0,11.0,192.0,52.0,1.0,250.0,15.0,23.0,118.0,2.0,11.0,7.0,70.0,21.0,0.0
2022-09-23,3.0,6.0,7.0,96.0,34.0,1.0,143.0,24.0,18.0,63.0,6.0,6.0,11.0,42.0,2.0,0.0
2022-09-26,7.0,7.0,3.0,128.0,34.0,0.0,145.0,11.0,8.0,40.0,2.0,7.0,3.0,39.0,10.0,0.0
2022-10-03,17.0,7.0,11.0,174.0,56.0,2.0,273.0,20.0,16.0,109.0,6.0,29.0,2.0,65.0,15.0,0.0
2022-10-10,11.0,1.0,4.0,208.0,67.0,2.0,236.0,10.0,18.0,90.0,2.0,11.0,1.0,47.0,13.0,0.0
2022-10-14,2.0,4.0,4.0,123.0,33.0,0.0,174.0,7.0,4.0,40.0,0.0,3.0,0.0,16.0,4.0,0.0
2022-10-17,1.0,4.0,4.0,100.0,29.0,0.0,143.0,16.0,7.0,32.0,5.0,0.0,1.0,20.0,8.0,0.0
2022-10-21,6.0,23.0,0.0,179.0,41.0,2.0,249.0,25.0,11.0,45.0,1.0,1.0,2.0,23.0,10.0,0.0
2022-10-24,5.0,5.0,1.0,154.0,12.0,0.0,154.0,16.0,12.0,51.0,1.0,1.0,0.0,9.0,8.0,0.0
2022-10-28,5.0,4.0,3.0,241.0,39.0,0.0,292.0,30.0,10.0,108.0,7.0,8.0,1.0,22.0,14.0,0.0
2022-10-31,7.0,6.0,5.0,128.0,16.0,3.0,198.0,23.0,12.0,74.0,4.0,4.0,3.0,11.0,15.0,0.0
2022-11-04,5.0,3.0,4.0,139.0,26.0,10.0,231.0,19.0,14.0,84.0,4.0,7.0,0.0,19.0,16.0,0.0
2022-11-07,15.0,4.0,12.0,208.0,29.0,9.0,285.0,23.0,14.0,84.0,5.0,5.0,0.0,42.0,16.0,0.0
2022-11-11,23.0,9.0,8.0,235.0,51.0,5.0,374.0,43.0,35.0,162.0,9.0,22.0,4.0,34.0,27.0,0.0
2022-11-14,13.0,3.0,5.0,191.0,28.0,4.0,237.0,47.0,17.0,87.0,11.0,11.0,2.0,25.0,19.0,0.0
2022-11-18,5.0,5.0,7.0,328.0,59.0,2.0,359.0,43.0,26.0,146.0,18.0,17.0,1.0,41.0,22.0,1.0
2022-11-21,9.0,13.0,7.0,186.0,47.0,3.0,219.0,30.0,27.0,95.0,5.0,10.0,5.0,26.0,14.0,0.0
2022-11-25,10.0,15.0,12.0,295.0,52.0,4.0,355.0,39.0,34.0,133.0,16.0,12.0,4.0,36.0,25.0,0.0
2022-11-28,6.0,5.0,6.0,207.0,26.0,2.0,169.0,23.0,11.0,89.0,5.0,4.0,3.0,16.0,19.0,0.0
2022-12-02,10.0,3.0,16.0,283.0,29.0,5.0,329.0,25.0,35.0,117.0,8.0,11.0,2.0,30.0,30.0,0.0
2022-12-05,20.0,6.0,9.0,152.0,16.0,1.0,192.0,21.0,10.0,45.0,3.0,3.0,0.0,17.0,6.0,0.0
2022-12-09,5.0,5.0,19.0,224.0,39.0,0.0,285.0,21.0,27.0,123.0,4.0,11.0,3.0,29.0,8.0,0.0
2022-12-12,7.0,14.0,4.0,132.0,8.0,0.0,165.0,18.0,8.0,58.0,0.0,5.0,1.0,16.0,6.0,0.0
2022-12-16,2.0,5.0,7.0,211.0,27.0,7.0,285.0,23.0,24.0,96.0,0.0,13.0,3.0,31.0,12.0,0.0
2022-12-19,7.0,7.0,3.0,196.0,14.0,2.0,171.0,16.0,16.0,65.0,4.0,8.0,0.0,19.0,7.0,0.0
2022-12-23,7.0,8.0,7.0,270.0,29.0,1.0,316.0,23.0,30.0,126.0,4.0,6.0,1.0,20.0,26.0,0.0
2022-12-26,4.0,9.0,6.0,165.0,10.0,1.0,180.0,15.0,17.0,98.0,7.0,13.0,0.0,11.0,10.0,0.0
2022-12-30,17.0,17.0,11.0,373.0,41.0,5.0,462.0,34.0,25.0,257.0,8.0,8.0,9.0,60.0,25.0,0.0
2023-01-05,22.0,13.0,10.0,419.0,65.0,5.0,375.0,50.0,22.0,164.0,11.0,11.0,1.0,62.0,24.0,0.0
2023-01-09,5.0,5.0,8.0,170.0,41.0,2.0,198.0,35.0,10.0,123.0,4.0,20.0,2.0,34.0,20.0,0.0
