,Alto Biobio,Antuco,Arauco,Cabrero,Canete,Chiguayante,Concepcion,Contulmo,Coronel,Curanilahue,Florida,Hualpen,Hualqui,Laja,Lebu,Los Alamos,Los Angeles,Lota,Mulchen,Nacimiento,Negrete,Penco,Quilaco,Quilleco,San Pedro de la Paz,San Rosendo,Santa Barbara,Santa Juana,Talcahuano,Tirua,Tome,Tucapel,Yumbel,Desconocido Biobio
2020-04-01,0.0,0.0,5.0,0.0,0.0,12.0,19.0,0.0,11.0,0.0,0.0,39.0,0.0,0.0,0.0,0.0,4.0,0.0,5.0,0.0,0.0,0.0,0.0,0.0,32.0,0.0,0.0,0.0,23.0,0.0,2.0,0.0,0.0,0.0
2020-04-03,0.0,0.0,1.0,0.0,0.0,8.0,6.0,0.0,1.0,0.0,0.0,11.0,0.0,0.0,0.0,0.0,-3.0,0.0,0.0,0.0,0.0,0.0,0.0,0.0,6.0,0.0,0.0,0.0,6.0,0.0,3.0,0.0,0.0,0.0
2020-04-06,0.0,0.0,0.0,0.0,0.0,6.0,17.0,0.0,1.0,0.0,0.0,17.0,7.0,5.0,0.0,0.0,5.0,0.0,0.0,0.0,0.0,5.0,0.0,0.0,7.0,0.0,0.0,0.0,7.0,4.0,16.0,0.0,0.0,0.0
2020-04-08,0.0,0.0,0.0,0.0,0.0,3.0,3.0,0.0,5.0,0.0,0.0,7.0,0.0,0.0,0.0,0.0,5.0,0.0,0.0,4.0,0.0,0.0,0.0,0.0,8.0,0.0,0.0,0.0,9.0,0.0,5.0,0.0,0.0,0.0
2020-04-10,0.0,0.0,0.0,4.0,0.0,5.0,8.0,0.0,0.0,0.0,0.0,9.0,0.0,0.0,0.0,0.0,0.0,0.0,0.0,1.0,0.0,0.0,0.0,0.0,2.0,0.0,0.0,0.0,1.0,0.0,0.0,0.0,0.0,0.0
2020-04-13,0.0,0.0,0.0,3.0,0.0,1.0,11.0,0.0,0.0,1.0,2.0,10.0,1.0,1.0,0.0,0.0,0.0,1.0,0.0,4.0,2.0,4.0,0.0,0.0,7.0,0.0,2.0,0.0,10.0,0.0,7.0,1.0,0.0,0.0
2020-04-15,1.0,0.0,-1.0,1.0,0.0,-4.0,38.0,0.0,-3.0,0.0,2.0,-28.0,1.0,1.0,0.0,0.0,3.0,0.0,0.0,1.0,0.0,2.0,0.0,0.0,-5.0,0.0,1.0,0.0,26.0,0.0,0.0,-1.0,0.0,0.0
2020-04-17,0.0,0.0,1.0,1.0,0.0,2.0,12.0,0.0,0.0,0.0,0.0,5.0,4.0,0.0,0.0,0.0,1.0,0.0,0.0,0.0,0.0,1.0,0.0,0.0,0.0,0.0,0.0,0.0,3.0,0.0,0.0,1.0,0.0,0.0
2020-04-20,0.0,0.0,0.0,0.0,0.0,2.0,7.0,0.0,0.0,0.0,0.0,7.0,2.0,0.0,0.0,0.0,4.0,0.0,0.0,0.0,0.0,3.0,0.0,1.0,10.0,0.0,0.0,1.0,12.0,0.0,4.0,0.0,1.0,0.0
2020-04-24,-1.0,0.0,0.0,4.0,0.0,16.0,-13.0,0.0,1.0,1.0,-1.0,26.0,4.0,3.0,0.0,1.0,1.0,0.0,0.0,0.0,0.0,2.0,0.0,0.0,14.0,0.0,0.0,1.0,-7.0,0.0,9.0,0.0,0.0,0.0
2020-04-27,0.0,0.0,0.0,2.0,0.0,1.0,3.0,0.0,2.0,0.0,0.0,1.0,0.0,2.0,0.0,0.0,0.0,0.0,0.0,0.0,0.0,1.0,0.0,-1.0,0.0,0.0,-1.0,0.0,5.0,0.0,0.0,0.0,0.0,0.0
2020-05-01,0.0,0.0,0.0,1.0,0.0,3.0,8.0,0.0,3.0,-1.0,0.0,-1.0,1.0,0.0,0.0,0.0,0.0,0.0,0.0,0.0,0.0,1.0,0.0,0.0,1.0,0.0,0.0,0.0,8.0,0.0,0.0,0.0,0.0,0.0
2020-05-04,0.0,0.0,0.0,0.0,0.0,8.0,-6.0,0.0,1.0,0.0,0.0,12.0,0.0,0.0,0.0,0.0,0.0,1.0,1.0,2.0,0.0,1.0,0.0,0.0,6.0,0.0,0.0,0.0,6.0,0.0,-1.0,0.0,1.0,0.0
2020-05-08,0.0,1.0,5.0,6.0,1.0,2.0,18.0,0.0,7.0,2.0,0.0,5.0,0.0,3.0,0.0,0.0,2.0,7.0,1.0,4.0,0.0,0.0,0.0,0.0,3.0,0.0,0.0,0.0,9.0,0.0,1.0,0.0,3.0,0.0
2020-05-11,0.0,1.0,4.0,0.0,-1.0,4.0,12.0,0.0,1.0,0.0,0.0,3.0,1.0,9.0,2.0,0.0,12.0,4.0,2.0,4.0,3.0,1.0,0.0,0.0,3.0,0.0,0.0,0.0,9.0,0.0,13.0,0.0,4.0,0.0
2020-05-15,0.0,1.0,0.0,1.0,0.0,2.0,6.0,0.0,9.0,1.0,0.0,7.0,1.0,18.0,0.0,0.0,26.0,2.0,1.0,1.0,4.0,1.0,0.0,0.0,5.0,0.0,5.0,0.0,9.0,0.0,4.0,0.0,0.0,0.0
2020-05-18,0.0,1.0,3.0,1.0,0.0,7.0,7.0,0.0,7.0,1.0,0.0,3.0,2.0,9.0,0.0,0.0,25.0,9.0,1.0,3.0,7.0,1.0,0.0,0.0,2.0,2.0,6.0,0.0,7.0,0.0,4.0,3.0,0.0,0.0
2020-05-22,1.0,0.0,10.0,2.0,3.0,3.0,25.0,0.0,10.0,0.0,1.0,9.0,3.0,3.0,0.0,0.0,41.0,8.0,0.0,4.0,9.0,1.0,0.0,0.0,14.0,0.0,1.0,0.0,18.0,0.0,2.0,0.0,0.0,0.0
2020-05-25,16.0,0.0,6.0,0.0,6.0,1.0,27.0,0.0,10.0,0.0,0.0,4.0,6.0,3.0,0.0,1.0,23.0,3.0,0.0,4.0,2.0,2.0,0.0,1.0,14.0,0.0,4.0,0.0,6.0,0.0,2.0,3.0,5.0,0.0
2020-05-29,28.0,10.0,10.0,1.0,2.0,9.0,48.0,0.0,45.0,1.0,1.0,6.0,9.0,2.0,0.0,0.0,48.0,9.0,3.0,3.0,3.0,7.0,0.0,0.0,36.0,0.0,8.0,0.0,22.0,0.0,4.0,1.0,5.0,0.0
2020-06-01,43.0,2.0,19.0,2.0,3.0,11.0,37.0,0.0,48.0,1.0,0.0,7.0,1.0,3.0,1.0,0.0,28.0,10.0,6.0,2.0,9.0,4.0,0.0,1.0,14.0,0.0,8.0,1.0,17.0,0.0,6.0,4.0,3.0,0.0
2020-06-05,10.0,2.0,5.0,1.0,1.0,11.0,34.0,1.0,37.0,1.0,0.0,16.0,3.0,5.0,0.0,1.0,59.0,7.0,2.0,1.0,0.0,8.0,1.0,1.0,19.0,1.0,6.0,1.0,38.0,0.0,11.0,12.0,5.0,0.0
2020-06-08,22.0,1.0,7.0,4.0,5.0,7.0,30.0,0.0,20.0,5.0,0.0,9.0,4.0,0.0,5.0,0.0,32.0,9.0,2.0,4.0,4.0,18.0,2.0,2.0,20.0,2.0,3.0,4.0,18.0,0.0,11.0,11.0,3.0,0.0
2020-06-12,3.0,4.0,10.0,3.0,1.0,23.0,79.0,0.0,59.0,9.0,1.0,15.0,3.0,5.0,1.0,2.0,41.0,10.0,3.0,4.0,15.0,19.0,2.0,1.0,43.0,0.0,2.0,8.0,27.0,2.0,28.0,14.0,2.0,0.0
2020-06-15,9.0,1.0,6.0,8.0,0.0,14.0,77.0,0.0,34.0,4.0,1.0,18.0,3.0,4.0,2.0,2.0,32.0,8.0,0.0,12.0,7.0,21.0,0.0,0.0,39.0,0.0,5.0,5.0,24.0,2.0,10.0,1.0,7.0,0.0
2020-06-19,19.0,2.0,43.0,78.0,3.0,63.0,226.0,3.0,205.0,5.0,2.0,45.0,23.0,8.0,9.0,10.0,68.0,34.0,2.0,8.0,8.0,64.0,1.0,1.0,70.0,7.0,22.0,24.0,109.0,6.0,70.0,17.0,13.0,168.0
2020-06-23,7.0,13.0,32.0,56.0,8.0,28.0,159.0,6.0,115.0,15.0,4.0,38.0,32.0,11.0,7.0,30.0,91.0,42.0,6.0,21.0,11.0,42.0,1.0,2.0,85.0,4.0,15.0,8.0,98.0,5.0,45.0,15.0,25.0,32.0
2020-06-28,4.0,6.0,58.0,-49.0,1.0,51.0,182.0,22.0,159.0,9.0,15.0,107.0,25.0,15.0,1.0,17.0,119.0,55.0,17.0,20.0,19.0,27.0,3.0,3.0,79.0,4.0,3.0,9.0,94.0,10.0,39.0,29.0,16.0,-40.0
2020-07-01,0.0,2.0,18.0,-16.0,0.0,18.0,64.0,8.0,60.0,4.0,2.0,29.0,6.0,21.0,2.0,7.0,58.0,35.0,10.0,6.0,4.0,22.0,1.0,4.0,27.0,1.0,3.0,0.0,47.0,1.0,11.0,11.0,12.0,22.0
2020-07-05,-5.0,0.0,30.0,4.0,1.0,31.0,84.0,2.0,107.0,4.0,4.0,62.0,14.0,-3.0,0.0,14.0,79.0,34.0,10.0,20.0,-1.0,46.0,0.0,3.0,46.0,7.0,3.0,5.0,57.0,0.0,8.0,2.0,19.0,-6.0
2020-07-10,5.0,0.0,14.0,7.0,2.0,45.0,104.0,1.0,101.0,35.0,2.0,57.0,5.0,11.0,2.0,9.0,70.0,32.0,22.0,17.0,4.0,22.0,1.0,14.0,74.0,1.0,9.0,4.0,129.0,0.0,13.0,10.0,41.0,-31.0
2020-07-13,5.0,5.0,0.0,4.0,3.0,32.0,64.0,0.0,38.0,26.0,0.0,62.0,10.0,10.0,0.0,5.0,48.0,22.0,10.0,4.0,9.0,30.0,0.0,3.0,24.0,1.0,5.0,2.0,55.0,0.0,2.0,4.0,18.0,0.0
2020-07-17,1.0,2.0,10.0,6.0,8.0,39.0,74.0,0.0,64.0,24.0,2.0,30.0,7.0,5.0,0.0,5.0,76.0,15.0,18.0,2.0,4.0,21.0,3.0,3.0,51.0,4.0,7.0,2.0,66.0,0.0,11.0,5.0,12.0,8.0
2020-07-20,1.0,0.0,13.0,5.0,20.0,32.0,73.0,2.0,36.0,12.0,0.0,8.0,15.0,4.0,4.0,6.0,49.0,11.0,3.0,0.0,3.0,-2.0,0.0,3.0,42.0,0.0,1.0,9.0,41.0,0.0,7.0,4.0,2.0,-9.0
2020-07-24,2.0,1.0,17.0,4.0,11.0,28.0,82.0,0.0,64.0,14.0,8.0,48.0,6.0,7.0,3.0,12.0,27.0,21.0,2.0,1.0,5.0,25.0,1.0,3.0,43.0,0.0,8.0,2.0,104.0,0.0,22.0,-1.0,0.0,15.0
2020-07-27,0.0,5.0,26.0,0.0,24.0,30.0,41.0,1.0,51.0,18.0,13.0,30.0,7.0,10.0,4.0,10.0,35.0,16.0,1.0,6.0,1.0,25.0,0.0,3.0,33.0,0.0,11.0,0.0,93.0,1.0,11.0,3.0,1.0,4.0
2020-07-31,1.0,2.0,32.0,4.0,13.0,37.0,78.0,0.0,59.0,5.0,0.0,32.0,11.0,7.0,0.0,4.0,57.0,29.0,3.0,3.0,0.0,41.0,3.0,2.0,50.0,1.0,11.0,0.0,101.0,0.0,31.0,2.0,9.0,4.0
2020-08-03,1.0,0.0,17.0,5.0,7.0,15.0,78.0,0.0,51.0,8.0,1.0,36.0,13.0,4.0,1.0,4.0,38.0,21.0,2.0,0.0,0.0,32.0,1.0,11.0,34.0,0.0,3.0,4.0,44.0,1.0,37.0,5.0,2.0,17.0
2020-08-07,0.0,0.0,25.0,6.0,13.0,52.0,94.0,0.0,97.0,11.0,7.0,58.0,23.0,5.0,4.0,8.0,27.0,28.0,4.0,4.0,2.0,52.0,4.0,2.0,52.0,1.0,2.0,1.0,119.0,2.0,50.0,0.0,18.0,4.0
2020-08-10,2.0,1.0,18.0,5.0,7.0,42.0,79.0,2.0,78.0,12.0,1.0,46.0,34.0,0.0,5.0,11.0,16.0,15.0,5.0,3.0,2.0,38.0,1.0,7.0,44.0,0.0,8.0,3.0,77.0,1.0,42.0,2.0,3.0,3.0
2020-08-14,1.0,0.0,18.0,2.0,12.0,68.0,150.0,1.0,75.0,9.0,1.0,84.0,17.0,1.0,5.0,16.0,33.0,25.0,4.0,1.0,10.0,78.0,2.0,4.0,59.0,0.0,3.0,4.0,92.0,5.0,58.0,5.0,5.0,-8.0
2020-08-17,0.0,1.0,18.0,3.0,20.0,48.0,126.0,3.0,50.0,1.0,4.0,44.0,15.0,4.0,3.0,4.0,25.0,19.0,12.0,7.0,4.0,43.0,0.0,4.0,58.0,0.0,4.0,3.0,96.0,2.0,50.0,2.0,1.0,14.0
2020-08-21,1.0,0.0,24.0,14.0,21.0,65.0,167.0,0.0,83.0,3.0,8.0,72.0,28.0,3.0,0.0,3.0,39.0,23.0,1.0,10.0,13.0,78.0,1.0,1.0,55.0,0.0,9.0,3.0,132.0,1.0,81.0,0.0,2.0,-7.0
2020-08-24,0.0,0.0,41.0,10.0,15.0,78.0,170.0,0.0,55.0,7.0,5.0,77.0,16.0,1.0,9.0,3.0,37.0,23.0,27.0,13.0,7.0,48.0,0.0,3.0,60.0,0.0,7.0,4.0,108.0,-1.0,48.0,7.0,3.0,-4.0
2020-08-28,1.0,1.0,13.0,4.0,17.0,78.0,243.0,4.0,102.0,19.0,7.0,108.0,19.0,-3.0,3.0,13.0,57.0,26.0,12.0,15.0,8.0,70.0,0.0,4.0,86.0,1.0,5.0,15.0,181.0,2.0,57.0,0.0,0.0,15.0
2020-08-31,0.0,2.0,16.0,5.0,9.0,65.0,201.0,3.0,67.0,29.0,5.0,76.0,21.0,2.0,4.0,9.0,33.0,20.0,40.0,5.0,7.0,46.0,0.0,2.0,82.0,2.0,4.0,4.0,134.0,0.0,65.0,5.0,3.0,2.0
2020-09-04,1.0,0.0,17.0,16.0,12.0,93.0,202.0,0.0,85.0,37.0,3.0,87.0,23.0,1.0,4.0,18.0,20.0,25.0,24.0,9.0,3.0,65.0,0.0,1.0,113.0,-1.0,4.0,13.0,140.0,0.0,59.0,-1.0,1.0,-10.0
2020-09-07,1.0,6.0,10.0,16.0,5.0,84.0,164.0,0.0,83.0,45.0,8.0,71.0,21.0,4.0,10.0,20.0,61.0,35.0,19.0,17.0,0.0,57.0,4.0,-1.0,67.0,0.0,1.0,19.0,77.0,0.0,37.0,3.0,3.0,-13.0
2020-09-11,2.0,1.0,25.0,4.0,15.0,87.0,175.0,4.0,115.0,56.0,7.0,97.0,23.0,4.0,21.0,18.0,29.0,26.0,15.0,12.0,4.0,41.0,4.0,3.0,94.0,0.0,0.0,13.0,148.0,8.0,43.0,1.0,3.0,-4.0
2020-09-14,1.0,3.0,14.0,3.0,6.0,40.0,119.0,-1.0,106.0,69.0,8.0,74.0,15.0,6.0,28.0,18.0,42.0,41.0,14.0,12.0,6.0,38.0,1.0,7.0,81.0,-12.0,1.0,3.0,106.0,3.0,37.0,0.0,2.0,1.0
2020-09-18,-2.0,0.0,20.0,9.0,10.0,65.0,185.0,0.0,99.0,66.0,9.0,64.0,11.0,4.0,24.0,26.0,29.0,56.0,14.0,9.0,2.0,40.0,-2.0,6.0,86.0,1.0,2.0,5.0,78.0,3.0,29.0,7.0,4.0,-6.0
2020-09-21,2.0,-1.0,12.0,2.0,9.0,25.0,86.0,3.0,92.0,34.0,5.0,20.0,5.0,2.0,22.0,0.0,41.0,36.0,6.0,4.0,0.0,24.0,1.0,0.0,49.0,1.0,0.0,7.0,45.0,0.0,34.0,0.0,4.0,0.0
2020-09-25,0.0,0.0,23.0,4.0,12.0,110.0,146.0,1.0,190.0,85.0,6.0,54.0,12.0,4.0,37.0,20.0,32.0,59.0,6.0,9.0,3.0,36.0,3.0,1.0,78.0,2.0,3.0,5.0,89.0,0.0,61.0,5.0,9.0,6.0
2020-09-28,0.0,1.0,10.0,3.0,32.0,45.0,129.0,1.0,145.0,44.0,12.0,58.0,5.0,3.0,23.0,21.0,30.0,51.0,9.0,4.0,2.0,37.0,0.0,3.0,37.0,-1.0,0.0,4.0,70.0,0.0,43.0,5.0,0.0,4.0
2020-10-02,0.0,2.0,18.0,9.0,39.0,47.0,148.0,3.0,147.0,46.0,14.0,40.0,10.0,18.0,23.0,28.0,17.0,32.0,4.0,8.0,9.0,36.0,0.0,3.0,52.0,0.0,3.0,4.0,101.0,0.0,29.0,-5.0,5.0,-8.0
2020-10-05,2.0,1.0,25.0,17.0,18.0,-11.0,77.0,0.0,85.0,26.0,11.0,32.0,2.0,6.0,15.0,19.0,29.0,43.0,0.0,2.0,-1.0,19.0,0.0,0.0,52.0,0.0,2.0,4.0,59.0,1.0,22.0,2.0,6.0,8.0
2020-10-09,0.0,3.0,21.0,14.0,31.0,23.0,99.0,0.0,89.0,19.0,3.0,26.0,8.0,4.0,8.0,11.0,46.0,49.0,12.0,3.0,7.0,24.0,1.0,0.0,72.0,1.0,0.0,5.0,50.0,2.0,35.0,6.0,27.0,-11.0
2020-10-12,0.0,0.0,18.0,26.0,57.0,38.0,88.0,3.0,94.0,18.0,3.0,20.0,9.0,22.0,12.0,16.0,46.0,60.0,12.0,14.0,3.0,11.0,9.0,1.0,58.0,6.0,2.0,6.0,39.0,2.0,30.0,21.0,19.0,0.0
2020-10-16,0.0,1.0,52.0,35.0,77.0,40.0,106.0,2.0,63.0,32.0,5.0,32.0,9.0,33.0,21.0,25.0,74.0,63.0,25.0,13.0,6.0,9.0,7.0,0.0,72.0,7.0,13.0,3.0,46.0,1.0,47.0,11.0,12.0,6.0
2020-10-19,0.0,0.0,55.0,14.0,57.0,38.0,81.0,2.0,73.0,29.0,4.0,40.0,11.0,12.0,13.0,30.0,39.0,37.0,4.0,2.0,3.0,11.0,4.0,1.0,57.0,0.0,0.0,6.0,48.0,10.0,48.0,8.0,10.0,-6.0
2020-10-24,1.0,1.0,65.0,30.0,46.0,75.0,127.0,4.0,99.0,23.0,2.0,67.0,18.0,15.0,38.0,21.0,158.0,47.0,25.0,13.0,4.0,12.0,8.0,1.0,93.0,0.0,4.0,3.0,73.0,8.0,54.0,5.0,46.0,4.0
2020-10-26,0.0,0.0,25.0,11.0,8.0,23.0,61.0,3.0,43.0,3.0,0.0,21.0,8.0,7.0,7.0,4.0,54.0,24.0,2.0,6.0,0.0,17.0,3.0,0.0,40.0,2.0,2.0,2.0,35.0,4.0,21.0,0.0,12.0,1.0
2020-10-30,1.0,0.0,36.0,28.0,23.0,54.0,108.0,3.0,64.0,12.0,2.0,31.0,8.0,9.0,13.0,8.0,109.0,35.0,17.0,17.0,6.0,14.0,-6.0,0.0,73.0,3.0,7.0,9.0,62.0,5.0,18.0,-4.0,27.0,-3.0
2020-11-02,1.0,0.0,17.0,28.0,17.0,37.0,97.0,0.0,75.0,7.0,0.0,39.0,6.0,13.0,14.0,2.0,104.0,29.0,14.0,13.0,1.0,16.0,0.0,0.0,60.0,2.0,5.0,7.0,62.0,2.0,23.0,1.0,16.0,2.0
2020-11-06,1.0,0.0,47.0,25.0,44.0,65.0,137.0,0.0,77.0,12.0,1.0,44.0,9.0,13.0,11.0,7.0,111.0,35.0,4.0,8.0,2.0,15.0,0.0,0.0,82.0,0.0,1.0,0.0,72.0,3.0,31.0,9.0,27.0,7.0
2020-11-09,-1.0,3.0,27.0,19.0,25.0,55.0,133.0,0.0,80.0,5.0,5.0,42.0,6.0,12.0,4.0,7.0,149.0,49.0,7.0,9.0,2.0,9.0,0.0,1.0,56.0,0.0,4.0,5.0,93.0,1.0,31.0,1.0,26.0,-3.0
2020-11-13,0.0,0.0,28.0,11.0,29.0,40.0,162.0,8.0,61.0,22.0,8.0,76.0,10.0,2.0,5.0,6.0,151.0,38.0,11.0,22.0,7.0,16.0,1.0,0.0,117.0,0.0,3.0,19.0,161.0,2.0,38.0,2.0,3.0,0.0
2020-11-16,0.0,0.0,29.0,6.0,30.0,65.0,131.0,2.0,84.0,14.0,3.0,75.0,6.0,4.0,15.0,11.0,99.0,17.0,7.0,8.0,12.0,20.0,-1.0,1.0,101.0,0.0,1.0,5.0,102.0,0.0,16.0,0.0,10.0,4.0
2020-11-20,0.0,2.0,25.0,5.0,33.0,78.0,209.0,2.0,116.0,28.0,8.0,78.0,14.0,0.0,5.0,13.0,107.0,31.0,15.0,8.0,4.0,20.0,0.0,3.0,122.0,0.0,0.0,10.0,124.0,1.0,36.0,0.0,13.0,5.0
2020-11-23,0.0,-1.0,13.0,3.0,27.0,61.0,159.0,2.0,67.0,35.0,7.0,82.0,5.0,0.0,14.0,4.0,89.0,16.0,8.0,13.0,3.0,14.0,0.0,1.0,108.0,0.0,0.0,5.0,121.0,1.0,22.0,0.0,0.0,0.0
2020-11-27,0.0,0.0,31.0,16.0,52.0,102.0,192.0,4.0,90.0,42.0,12.0,79.0,18.0,4.0,12.0,11.0,130.0,51.0,6.0,23.0,9.0,24.0,0.0,2.0,158.0,1.0,1.0,10.0,131.0,2.0,32.0,0.0,7.0,3.0
2020-11-30,0.0,0.0,37.0,15.0,22.0,62.0,144.0,1.0,64.0,29.0,10.0,70.0,12.0,9.0,14.0,3.0,100.0,24.0,4.0,17.0,10.0,15.0,0.0,3.0,111.0,0.0,2.0,5.0,104.0,5.0,35.0,1.0,2.0,0.0
2020-12-04,2.0,0.0,59.0,25.0,35.0,106.0,239.0,0.0,117.0,34.0,5.0,86.0,12.0,10.0,21.0,0.0,168.0,68.0,9.0,23.0,8.0,53.0,1.0,5.0,128.0,2.0,0.0,4.0,127.0,5.0,12.0,8.0,11.0,2.0
2020-12-07,2.0,4.0,60.0,10.0,32.0,76.0,191.0,1.0,72.0,39.0,7.0,53.0,9.0,12.0,17.0,5.0,145.0,57.0,9.0,12.0,8.0,42.0,1.0,0.0,79.0,1.0,2.0,4.0,116.0,19.0,30.0,2.0,19.0,11.0
2020-12-11,6.0,1.0,59.0,29.0,40.0,88.0,181.0,4.0,139.0,39.0,6.0,73.0,14.0,8.0,13.0,4.0,229.0,49.0,12.0,14.0,6.0,41.0,1.0,1.0,74.0,4.0,3.0,6.0,133.0,30.0,29.0,2.0,19.0,1.0
2020-12-14,22.0,0.0,49.0,19.0,41.0,57.0,205.0,4.0,134.0,38.0,13.0,54.0,22.0,8.0,18.0,10.0,165.0,77.0,2.0,25.0,13.0,44.0,3.0,1.0,114.0,2.0,2.0,3.0,122.0,40.0,32.0,0.0,28.0,-2.0
2020-12-18,24.0,3.0,66.0,21.0,40.0,102.0,227.0,3.0,158.0,38.0,15.0,77.0,23.0,18.0,10.0,5.0,243.0,48.0,9.0,23.0,19.0,64.0,13.0,5.0,140.0,16.0,3.0,5.0,143.0,87.0,41.0,1.0,11.0,-3.0
2020-12-21,2.0,8.0,40.0,20.0,54.0,70.0,179.0,1.0,130.0,22.0,12.0,50.0,13.0,13.0,9.0,7.0,204.0,58.0,12.0,39.0,5.0,45.0,17.0,12.0,122.0,4.0,7.0,1.0,100.0,46.0,35.0,6.0,15.0,5.0
2020-12-25,9.0,6.0,48.0,22.0,72.0,66.0,215.0,1.0,117.0,49.0,13.0,71.0,23.0,41.0,13.0,18.0,255.0,69.0,12.0,40.0,6.0,56.0,1.0,10.0,152.0,10.0,2.0,5.0,172.0,40.0,20.0,8.0,15.0,4.0
2020-12-28,1.0,1.0,24.0,10.0,26.0,46.0,151.0,1.0,62.0,37.0,8.0,72.0,11.0,14.0,14.0,13.0,107.0,34.0,12.0,28.0,2.0,41.0,0.0,7.0,90.0,1.0,3.0,4.0,91.0,25.0,37.0,1.0,12.0,-2.0
2021-01-01,2.0,2.0,70.0,21.0,59.0,78.0,295.0,3.0,178.0,55.0,15.0,155.0,25.0,27.0,19.0,52.0,197.0,125.0,31.0,26.0,12.0,66.0,0.0,1.0,170.0,10.0,16.0,1.0,243.0,45.0,43.0,7.0,6.0,4.0
2021-01-04,3.0,0.0,26.0,7.0,33.0,39.0,136.0,3.0,111.0,46.0,2.0,101.0,25.0,-9.0,16.0,19.0,83.0,74.0,36.0,15.0,13.0,27.0,2.0,0.0,111.0,3.0,4.0,1.0,99.0,9.0,23.0,1.0,2.0,-4.0
2021-01-08,1.0,0.0,61.0,28.0,41.0,121.0,293.0,6.0,194.0,83.0,16.0,166.0,17.0,13.0,27.0,21.0,171.0,100.0,35.0,22.0,15.0,70.0,0.0,14.0,174.0,1.0,1.0,10.0,225.0,13.0,43.0,0.0,12.0,7.0
2021-01-11,5.0,1.0,69.0,9.0,56.0,85.0,260.0,2.0,183.0,53.0,9.0,140.0,31.0,20.0,16.0,10.0,146.0,95.0,32.0,27.0,11.0,54.0,4.0,1.0,167.0,13.0,7.0,6.0,214.0,22.0,59.0,4.0,8.0,8.0
2021-01-15,1.0,2.0,76.0,11.0,51.0,93.0,304.0,9.0,240.0,63.0,15.0,175.0,36.0,36.0,25.0,25.0,151.0,77.0,38.0,35.0,14.0,44.0,3.0,9.0,188.0,8.0,3.0,9.0,259.0,21.0,76.0,4.0,5.0,4.0
2021-01-18,4.0,4.0,46.0,24.0,44.0,83.0,221.0,2.0,132.0,72.0,3.0,105.0,21.0,24.0,32.0,45.0,117.0,77.0,33.0,30.0,22.0,44.0,1.0,2.0,124.0,3.0,5.0,9.0,168.0,23.0,43.0,3.0,7.0,-2.0
2021-01-22,3.0,1.0,70.0,53.0,53.0,101.0,299.0,2.0,226.0,80.0,4.0,148.0,38.0,42.0,39.0,47.0,186.0,70.0,33.0,22.0,22.0,59.0,1.0,5.0,135.0,10.0,15.0,10.0,240.0,27.0,100.0,11.0,7.0,3.0
2021-01-25,2.0,0.0,54.0,25.0,33.0,104.0,219.0,1.0,154.0,59.0,7.0,86.0,28.0,29.0,23.0,46.0,123.0,66.0,48.0,22.0,15.0,50.0,1.0,5.0,107.0,0.0,12.0,8.0,169.0,10.0,108.0,6.0,12.0,3.0
2021-01-29,0.0,2.0,69.0,19.0,43.0,102.0,269.0,3.0,185.0,63.0,15.0,119.0,23.0,45.0,34.0,31.0,140.0,69.0,27.0,30.0,8.0,56.0,1.0,7.0,146.0,2.0,16.0,8.0,188.0,8.0,68.0,3.0,6.0,15.0
2021-02-01,1.0,0.0,62.0,19.0,18.0,83.0,140.0,4.0,167.0,82.0,19.0,91.0,24.0,48.0,10.0,28.0,109.0,75.0,11.0,19.0,2.0,39.0,0.0,5.0,115.0,3.0,8.0,9.0,148.0,3.0,59.0,6.0,7.0,-3.0
2021-02-05,2.0,5.0,61.0,26.0,39.0,82.0,161.0,7.0,170.0,80.0,11.0,104.0,18.0,38.0,28.0,32.0,157.0,55.0,15.0,6.0,8.0,56.0,2.0,4.0,145.0,1.0,8.0,4.0,186.0,5.0,81.0,19.0,4.0,4.0
2021-02-08,6.0,2.0,74.0,32.0,33.0,60.0,97.0,13.0,142.0,71.0,15.0,89.0,19.0,35.0,17.0,30.0,142.0,52.0,26.0,15.0,4.0,54.0,0.0,3.0,106.0,7.0,8.0,9.0,100.0,6.0,46.0,6.0,3.0,-7.0
2021-02-12,1.0,7.0,82.0,26.0,38.0,87.0,193.0,4.0,152.0,100.0,10.0,113.0,17.0,14.0,35.0,49.0,235.0,59.0,32.0,28.0,13.0,42.0,0.0,11.0,183.0,0.0,14.0,7.0,185.0,8.0,83.0,12.0,2.0,2.0
2021-02-15,8.0,4.0,48.0,21.0,16.0,62.0,157.0,4.0,141.0,65.0,9.0,83.0,21.0,17.0,18.0,27.0,165.0,66.0,11.0,21.0,8.0,33.0,0.0,17.0,128.0,1.0,5.0,6.0,157.0,15.0,40.0,18.0,9.0,5.0
2021-02-19,1.0,3.0,65.0,25.0,41.0,83.0,192.0,9.0,183.0,57.0,14.0,91.0,19.0,10.0,9.0,26.0,261.0,70.0,9.0,8.0,3.0,73.0,2.0,8.0,182.0,2.0,8.0,9.0,256.0,16.0,38.0,8.0,21.0,10.0
2021-02-22,1.0,0.0,36.0,15.0,37.0,97.0,169.0,10.0,203.0,63.0,7.0,103.0,11.0,16.0,10.0,16.0,195.0,71.0,13.0,22.0,0.0,54.0,4.0,12.0,140.0,5.0,4.0,3.0,147.0,9.0,35.0,15.0,34.0,0.0
2021-02-26,1.0,1.0,55.0,19.0,64.0,180.0,292.0,14.0,203.0,80.0,16.0,172.0,44.0,34.0,19.0,35.0,372.0,121.0,74.0,28.0,5.0,57.0,7.0,12.0,215.0,11.0,11.0,10.0,276.0,21.0,70.0,15.0,19.0,5.0
2021-03-01,-1.0,1.0,58.0,40.0,23.0,139.0,310.0,12.0,161.0,54.0,5.0,147.0,43.0,43.0,18.0,29.0,418.0,72.0,56.0,15.0,10.0,53.0,4.0,11.0,178.0,3.0,4.0,4.0,239.0,12.0,55.0,9.0,22.0,11.0
2021-03-05,4.0,2.0,87.0,33.0,82.0,206.0,450.0,14.0,265.0,64.0,10.0,234.0,64.0,22.0,43.0,35.0,495.0,111.0,76.0,20.0,27.0,102.0,2.0,9.0,253.0,4.0,13.0,10.0,358.0,22.0,82.0,23.0,30.0,13.0
2021-03-08,4.0,4.0,74.0,33.0,46.0,193.0,329.0,8.0,192.0,40.0,11.0,194.0,43.0,36.0,25.0,18.0,394.0,106.0,43.0,44.0,22.0,80.0,1.0,19.0,206.0,6.0,8.0,6.0,324.0,17.0,92.0,39.0,24.0,3.0
2021-03-12,3.0,10.0,88.0,99.0,79.0,283.0,566.0,17.0,361.0,44.0,17.0,268.0,73.0,40.0,40.0,44.0,543.0,135.0,55.0,31.0,26.0,131.0,4.0,30.0,324.0,3.0,19.0,10.0,456.0,31.0,109.0,48.0,29.0,-8.0
2021-03-15,0.0,2.0,48.0,36.0,66.0,190.0,536.0,22.0,256.0,55.0,31.0,238.0,63.0,41.0,40.0,23.0,380.0,107.0,51.0,30.0,15.0,125.0,4.0,22.0,236.0,3.0,25.0,11.0,334.0,9.0,108.0,43.0,27.0,17.0
2021-03-19,2.0,8.0,86.0,84.0,103.0,205.0,638.0,3.0,309.0,54.0,16.0,314.0,77.0,57.0,70.0,36.0,516.0,119.0,77.0,40.0,27.0,149.0,6.0,25.0,352.0,1.0,24.0,38.0,465.0,19.0,116.0,41.0,45.0,5.0
2021-03-22,1.0,2.0,53.0,107.0,79.0,202.0,525.0,8.0,272.0,30.0,11.0,304.0,45.0,58.0,63.0,18.0,410.0,108.0,52.0,26.0,12.0,126.0,0.0,11.0,262.0,2.0,11.0,52.0,358.0,13.0,106.0,18.0,23.0,9.0
2021-03-26,4.0,8.0,85.0,125.0,49.0,241.0,583.0,3.0,322.0,52.0,14.0,293.0,61.0,63.0,40.0,21.0,577.0,93.0,100.0,60.0,32.0,120.0,3.0,26.0,321.0,5.0,37.0,47.0,395.0,4.0,129.0,18.0,44.0,2.0
2021-03-29,0.0,1.0,66.0,51.0,18.0,165.0,437.0,4.0,256.0,24.0,21.0,200.0,86.0,50.0,16.0,22.0,416.0,118.0,71.0,47.0,25.0,109.0,4.0,26.0,215.0,2.0,14.0,40.0,310.0,3.0,93.0,12.0,25.0,71.0
2021-04-02,2.0,5.0,107.0,98.0,33.0,215.0,524.0,1.0,322.0,29.0,23.0,300.0,59.0,74.0,30.0,17.0,592.0,117.0,91.0,99.0,14.0,123.0,11.0,27.0,258.0,6.0,19.0,38.0,405.0,7.0,72.0,27.0,43.0,-63.0
2021-04-05,6.0,8.0,59.0,71.0,17.0,100.0,326.0,4.0,192.0,23.0,17.0,174.0,52.0,43.0,14.0,25.0,406.0,80.0,90.0,75.0,13.0,80.0,4.0,20.0,180.0,16.0,9.0,22.0,220.0,0.0,63.0,10.0,48.0,-2.0
2021-04-09,5.0,7.0,113.0,123.0,37.0,216.0,573.0,1.0,290.0,49.0,31.0,301.0,79.0,94.0,32.0,27.0,705.0,100.0,101.0,84.0,33.0,130.0,11.0,46.0,331.0,6.0,23.0,31.0,409.0,3.0,80.0,18.0,49.0,14.0
2021-04-12,14.0,9.0,78.0,62.0,37.0,124.0,301.0,6.0,158.0,37.0,12.0,176.0,58.0,42.0,5.0,23.0,450.0,80.0,76.0,54.0,13.0,80.0,2.0,16.0,207.0,-1.0,12.0,19.0,258.0,1.0,58.0,30.0,16.0,45.0
2021-04-16,33.0,20.0,117.0,59.0,27.0,165.0,493.0,14.0,325.0,22.0,15.0,165.0,62.0,64.0,30.0,31.0,643.0,100.0,108.0,113.0,28.0,82.0,12.0,40.0,226.0,4.0,45.0,27.0,327.0,13.0,87.0,28.0,48.0,-36.0
2021-04-19,28.0,17.0,86.0,47.0,23.0,128.0,273.0,21.0,195.0,32.0,36.0,113.0,39.0,52.0,20.0,15.0,556.0,52.0,61.0,63.0,22.0,61.0,8.0,22.0,236.0,4.0,36.0,25.0,199.0,16.0,47.0,15.0,19.0,15.0
2021-04-23,77.0,14.0,80.0,47.0,36.0,90.0,309.0,7.0,243.0,35.0,9.0,102.0,35.0,46.0,18.0,27.0,620.0,72.0,94.0,72.0,34.0,57.0,13.0,9.0,203.0,7.0,38.0,25.0,242.0,22.0,46.0,17.0,39.0,-6.0
2021-04-26,86.0,11.0,43.0,39.0,17.0,89.0,220.0,6.0,143.0,21.0,15.0,111.0,29.0,34.0,22.0,17.0,441.0,27.0,94.0,52.0,28.0,45.0,12.0,4.0,127.0,3.0,39.0,10.0,139.0,8.0,35.0,20.0,15.0,21.0
2021-04-30,70.0,4.0,59.0,57.0,26.0,91.0,287.0,14.0,196.0,25.0,7.0,114.0,30.0,27.0,20.0,29.0,673.0,46.0,121.0,61.0,35.0,63.0,10.0,14.0,183.0,10.0,59.0,22.0,193.0,30.0,43.0,18.0,8.0,-20.0
2021-05-03,42.0,4.0,27.0,23.0,23.0,53.0,191.0,6.0,132.0,21.0,9.0,82.0,22.0,21.0,15.0,9.0,417.0,53.0,101.0,61.0,32.0,33.0,6.0,26.0,105.0,9.0,49.0,24.0,116.0,3.0,30.0,9.0,14.0,10.0
2021-05-07,32.0,3.0,31.0,31.0,37.0,78.0,239.0,19.0,162.0,30.0,8.0,96.0,25.0,47.0,17.0,35.0,487.0,58.0,115.0,43.0,41.0,61.0,8.0,23.0,135.0,1.0,60.0,36.0,166.0,6.0,56.0,14.0,29.0,1.0
2021-05-10,32.0,6.0,24.0,24.0,14.0,57.0,150.0,6.0,112.0,26.0,8.0,80.0,24.0,32.0,6.0,21.0,327.0,44.0,81.0,43.0,43.0,68.0,6.0,28.0,91.0,7.0,54.0,34.0,67.0,3.0,56.0,22.0,14.0,12.0
2021-05-14,12.0,2.0,41.0,45.0,41.0,82.0,212.0,22.0,150.0,48.0,6.0,82.0,29.0,53.0,21.0,56.0,502.0,40.0,113.0,47.0,51.0,98.0,12.0,26.0,173.0,5.0,49.0,43.0,121.0,19.0,67.0,6.0,39.0,-3.0
2021-05-17,16.0,8.0,24.0,40.0,47.0,80.0,181.0,11.0,139.0,39.0,8.0,103.0,26.0,24.0,14.0,55.0,427.0,27.0,109.0,30.0,43.0,55.0,9.0,28.0,110.0,1.0,53.0,41.0,142.0,11.0,56.0,8.0,36.0,4.0
2021-05-21,17.0,8.0,33.0,50.0,54.0,123.0,299.0,2.0,166.0,38.0,4.0,113.0,41.0,34.0,33.0,66.0,603.0,26.0,134.0,28.0,37.0,85.0,25.0,50.0,196.0,1.0,55.0,43.0,130.0,22.0,64.0,8.0,28.0,5.0
2021-05-24,16.0,3.0,23.0,24.0,32.0,95.0,206.0,13.0,116.0,27.0,1.0,73.0,32.0,23.0,15.0,35.0,391.0,25.0,88.0,49.0,13.0,49.0,9.0,39.0,149.0,2.0,26.0,29.0,78.0,3.0,49.0,1.0,30.0,2.0
2021-05-28,19.0,14.0,59.0,48.0,91.0,127.0,349.0,3.0,123.0,54.0,18.0,120.0,30.0,44.0,36.0,62.0,546.0,75.0,120.0,51.0,25.0,99.0,9.0,37.0,214.0,2.0,41.0,64.0,186.0,21.0,47.0,7.0,55.0,5.0
2021-05-31,57.0,3.0,30.0,20.0,32.0,83.0,230.0,7.0,121.0,26.0,9.0,106.0,20.0,23.0,44.0,28.0,488.0,43.0,85.0,46.0,14.0,87.0,3.0,13.0,144.0,1.0,44.0,51.0,101.0,3.0,34.0,10.0,36.0,4.0
2021-06-04,8.0,2.0,46.0,37.0,58.0,121.0,308.0,9.0,155.0,41.0,14.0,122.0,49.0,29.0,70.0,28.0,618.0,54.0,45.0,49.0,13.0,97.0,16.0,19.0,210.0,2.0,44.0,37.0,170.0,25.0,56.0,25.0,56.0,5.0
2021-06-07,34.0,0.0,57.0,41.0,64.0,101.0,258.0,6.0,111.0,35.0,11.0,109.0,31.0,43.0,66.0,22.0,406.0,65.0,42.0,35.0,17.0,62.0,10.0,12.0,118.0,1.0,36.0,23.0,167.0,10.0,76.0,14.0,32.0,4.0
2021-06-11,10.0,6.0,53.0,50.0,66.0,132.0,281.0,7.0,163.0,38.0,10.0,127.0,38.0,59.0,77.0,36.0,576.0,76.0,37.0,46.0,10.0,70.0,9.0,13.0,178.0,2.0,46.0,27.0,198.0,33.0,69.0,14.0,44.0,-15.0
2021-06-14,14.0,7.0,44.0,25.0,53.0,92.0,195.0,4.0,114.0,43.0,10.0,109.0,22.0,32.0,71.0,26.0,356.0,39.0,33.0,37.0,17.0,42.0,4.0,9.0,149.0,0.0,28.0,22.0,119.0,15.0,62.0,11.0,26.0,24.0
2021-06-18,8.0,5.0,42.0,42.0,46.0,135.0,296.0,2.0,112.0,50.0,14.0,112.0,32.0,59.0,46.0,38.0,370.0,68.0,41.0,65.0,10.0,43.0,5.0,5.0,157.0,1.0,6.0,36.0,207.0,20.0,44.0,10.0,48.0,-14.0
2021-06-21,13.0,3.0,51.0,32.0,28.0,79.0,186.0,2.0,111.0,54.0,17.0,84.0,19.0,26.0,51.0,20.0,255.0,26.0,33.0,44.0,1.0,39.0,2.0,8.0,95.0,3.0,6.0,21.0,129.0,16.0,39.0,15.0,39.0,4.0
2021-06-25,6.0,3.0,46.0,20.0,38.0,80.0,192.0,1.0,169.0,36.0,22.0,112.0,17.0,29.0,63.0,28.0,212.0,45.0,41.0,37.0,8.0,40.0,1.0,1.0,140.0,1.0,8.0,41.0,120.0,39.0,41.0,15.0,41.0,15.0
2021-06-28,12.0,5.0,32.0,16.0,31.0,49.0,153.0,0.0,107.0,46.0,16.0,69.0,13.0,20.0,43.0,22.0,170.0,22.0,29.0,46.0,9.0,25.0,1.0,5.0,136.0,3.0,5.0,52.0,85.0,19.0,47.0,7.0,17.0,3.0
2021-07-02,4.0,2.0,31.0,11.0,20.0,52.0,155.0,7.0,147.0,22.0,12.0,76.0,18.0,23.0,49.0,36.0,166.0,21.0,34.0,31.0,15.0,33.0,3.0,6.0,121.0,5.0,1.0,39.0,109.0,16.0,51.0,8.0,24.0,-5.0
2021-07-05,17.0,4.0,37.0,9.0,17.0,46.0,154.0,13.0,84.0,17.0,5.0,55.0,5.0,22.0,36.0,26.0,80.0,13.0,17.0,24.0,10.0,33.0,2.0,20.0,77.0,5.0,2.0,28.0,65.0,12.0,40.0,15.0,18.0,6.0
2021-07-09,1.0,3.0,31.0,17.0,19.0,42.0,168.0,12.0,92.0,25.0,10.0,54.0,11.0,16.0,30.0,28.0,115.0,23.0,9.0,22.0,8.0,36.0,3.0,9.0,89.0,2.0,6.0,12.0,108.0,20.0,35.0,6.0,18.0,5.0
2021-07-12,3.0,0.0,26.0,27.0,20.0,40.0,105.0,24.0,59.0,7.0,13.0,54.0,9.0,11.0,11.0,9.0,69.0,16.0,17.0,17.0,4.0,26.0,1.0,10.0,71.0,3.0,1.0,18.0,72.0,14.0,23.0,16.0,9.0,6.0
2021-07-16,3.0,1.0,35.0,18.0,14.0,30.0,128.0,12.0,63.0,10.0,6.0,36.0,14.0,1.0,16.0,17.0,29.0,17.0,1.0,6.0,3.0,21.0,9.0,3.0,87.0,1.0,5.0,3.0,44.0,23.0,37.0,11.0,4.0,-1.0
2021-07-19,0.0,1.0,23.0,11.0,6.0,28.0,51.0,6.0,65.0,7.0,5.0,39.0,12.0,3.0,7.0,4.0,43.0,9.0,12.0,9.0,1.0,14.0,1.0,0.0,57.0,4.0,1.0,5.0,67.0,7.0,5.0,4.0,5.0,2.0
2021-07-23,2.0,0.0,38.0,20.0,18.0,30.0,94.0,10.0,78.0,16.0,1.0,35.0,12.0,4.0,17.0,15.0,45.0,13.0,7.0,8.0,2.0,18.0,0.0,1.0,56.0,0.0,8.0,9.0,84.0,29.0,23.0,8.0,12.0,-4.0
2021-07-26,0.0,0.0,26.0,10.0,6.0,17.0,71.0,15.0,49.0,1.0,4.0,41.0,8.0,4.0,11.0,5.0,46.0,11.0,6.0,4.0,0.0,15.0,1.0,0.0,20.0,0.0,6.0,3.0,37.0,11.0,2.0,17.0,6.0,-1.0
2021-07-30,0.0,0.0,13.0,6.0,10.0,23.0,66.0,17.0,68.0,5.0,6.0,30.0,4.0,16.0,3.0,1.0,22.0,14.0,3.0,8.0,3.0,28.0,1.0,3.0,30.0,0.0,8.0,4.0,39.0,24.0,9.0,20.0,10.0,-4.0
2021-08-02,1.0,0.0,15.0,2.0,9.0,14.0,46.0,9.0,28.0,8.0,2.0,29.0,2.0,5.0,13.0,11.0,33.0,10.0,2.0,8.0,3.0,14.0,0.0,0.0,42.0,0.0,-1.0,2.0,19.0,6.0,3.0,9.0,9.0,4.0
2021-08-06,-1.0,1.0,8.0,-1.0,15.0,13.0,82.0,4.0,40.0,4.0,5.0,27.0,2.0,9.0,14.0,10.0,28.0,16.0,3.0,11.0,8.0,9.0,0.0,0.0,17.0,0.0,1.0,0.0,18.0,11.0,8.0,8.0,-1.0,-4.0
2021-08-09,2.0,0.0,9.0,1.0,14.0,18.0,50.0,8.0,41.0,5.0,2.0,17.0,5.0,2.0,2.0,4.0,17.0,7.0,4.0,2.0,3.0,5.0,1.0,0.0,14.0,0.0,2.0,0.0,26.0,5.0,8.0,17.0,9.0,3.0
2021-08-13,0.0,0.0,2.0,4.0,11.0,6.0,52.0,6.0,26.0,4.0,7.0,20.0,10.0,1.0,8.0,1.0,22.0,11.0,2.0,10.0,0.0,16.0,1.0,2.0,15.0,0.0,2.0,0.0,40.0,9.0,2.0,11.0,5.0,-2.0
2021-08-16,0.0,1.0,5.0,9.0,7.0,12.0,38.0,1.0,8.0,1.0,17.0,8.0,1.0,2.0,4.0,4.0,46.0,1.0,7.0,4.0,0.0,17.0,0.0,3.0,7.0,0.0,5.0,1.0,7.0,10.0,6.0,3.0,3.0,2.0
2021-08-20,0.0,3.0,13.0,2.0,14.0,11.0,46.0,3.0,9.0,7.0,7.0,8.0,7.0,4.0,2.0,8.0,44.0,3.0,14.0,3.0,0.0,34.0,0.0,0.0,17.0,4.0,1.0,2.0,26.0,13.0,5.0,1.0,2.0,-2.0
2021-08-23,0.0,1.0,9.0,4.0,17.0,10.0,32.0,4.0,9.0,1.0,2.0,9.0,3.0,1.0,3.0,3.0,25.0,3.0,5.0,3.0,0.0,18.0,0.0,1.0,10.0,2.0,2.0,0.0,32.0,3.0,2.0,2.0,2.0,-2.0
2021-08-27,-1.0,1.0,10.0,1.0,10.0,11.0,29.0,3.0,3.0,2.0,0.0,14.0,3.0,1.0,3.0,2.0,5.0,2.0,5.0,5.0,0.0,19.0,0.0,3.0,21.0,2.0,0.0,6.0,23.0,6.0,4.0,-1.0,1.0,-1.0
2021-08-30,0.0,4.0,9.0,1.0,9.0,10.0,21.0,3.0,3.0,1.0,2.0,8.0,5.0,0.0,6.0,2.0,6.0,1.0,2.0,1.0,0.0,8.0,0.0,2.0,20.0,2.0,0.0,4.0,17.0,1.0,2.0,2.0,0.0,-4.0
2021-09-03,0.0,0.0,5.0,1.0,5.0,16.0,26.0,7.0,7.0,3.0,8.0,22.0,2.0,2.0,1.0,2.0,32.0,1.0,8.0,1.0,0.0,8.0,0.0,1.0,14.0,1.0,-1.0,1.0,25.0,-1.0,5.0,2.0,2.0,-6.0
2021-09-06,0.0,1.0,1.0,0.0,8.0,13.0,23.0,4.0,2.0,2.0,1.0,14.0,0.0,1.0,0.0,2.0,37.0,0.0,1.0,0.0,-1.0,10.0,-1.0,2.0,10.0,0.0,0.0,0.0,27.0,1.0,2.0,0.0,1.0,0.0
2021-09-10,0.0,0.0,3.0,2.0,14.0,21.0,31.0,5.0,3.0,4.0,0.0,9.0,1.0,2.0,0.0,-1.0,35.0,1.0,2.0,3.0,0.0,3.0,1.0,1.0,12.0,0.0,1.0,0.0,13.0,2.0,3.0,1.0,1.0,4.0
2021-09-13,0.0,0.0,6.0,6.0,3.0,4.0,14.0,3.0,2.0,4.0,0.0,9.0,3.0,2.0,1.0,0.0,40.0,3.0,10.0,4.0,0.0,5.0,0.0,5.0,9.0,0.0,0.0,1.0,9.0,0.0,4.0,0.0,0.0,-2.0
2021-09-17,0.0,0.0,5.0,16.0,6.0,7.0,29.0,1.0,11.0,5.0,1.0,3.0,1.0,6.0,0.0,0.0,75.0,1.0,1.0,8.0,0.0,3.0,0.0,0.0,4.0,0.0,0.0,4.0,8.0,1.0,1.0,1.0,2.0,5.0
2021-09-20,0.0,0.0,4.0,7.0,5.0,2.0,15.0,8.0,2.0,3.0,1.0,5.0,0.0,2.0,1.0,1.0,58.0,1.0,5.0,10.0,0.0,2.0,0.0,0.0,5.0,1.0,0.0,0.0,2.0,0.0,0.0,0.0,2.0,-3.0
2021-09-24,0.0,0.0,7.0,6.0,11.0,4.0,8.0,8.0,17.0,4.0,0.0,12.0,8.0,16.0,0.0,3.0,97.0,2.0,1.0,13.0,0.0,5.0,0.0,3.0,8.0,1.0,0.0,1.0,5.0,0.0,2.0,5.0,4.0,0.0
2021-09-27,4.0,0.0,3.0,2.0,6.0,4.0,6.0,2.0,13.0,6.0,0.0,6.0,2.0,21.0,1.0,1.0,50.0,1.0,2.0,5.0,1.0,1.0,0.0,1.0,14.0,1.0,5.0,1.0,14.0,0.0,1.0,0.0,1.0,-2.0
2021-10-01,1.0,0.0,2.0,3.0,12.0,7.0,17.0,1.0,20.0,4.0,1.0,5.0,6.0,15.0,0.0,11.0,62.0,1.0,1.0,3.0,2.0,2.0,1.0,0.0,12.0,5.0,0.0,1.0,3.0,0.0,0.0,0.0,3.0,0.0
2021-10-04,6.0,0.0,1.0,4.0,8.0,3.0,9.0,3.0,6.0,0.0,0.0,1.0,2.0,2.0,2.0,5.0,27.0,0.0,1.0,6.0,0.0,2.0,1.0,0.0,21.0,2.0,7.0,3.0,5.0,0.0,2.0,0.0,4.0,0.0
2021-10-08,3.0,0.0,0.0,1.0,9.0,11.0,15.0,3.0,19.0,1.0,0.0,5.0,2.0,10.0,5.0,0.0,37.0,7.0,1.0,2.0,0.0,2.0,0.0,1.0,26.0,0.0,6.0,3.0,13.0,2.0,4.0,0.0,2.0,4.0
2021-10-11,7.0,0.0,1.0,3.0,13.0,5.0,16.0,0.0,9.0,-1.0,0.0,3.0,0.0,1.0,2.0,1.0,70.0,6.0,1.0,0.0,2.0,0.0,0.0,0.0,18.0,0.0,5.0,0.0,8.0,0.0,3.0,1.0,1.0,2.0
2021-10-15,8.0,0.0,3.0,-1.0,26.0,6.0,46.0,0.0,5.0,0.0,1.0,11.0,11.0,2.0,6.0,1.0,90.0,18.0,3.0,2.0,2.0,0.0,0.0,5.0,20.0,1.0,4.0,0.0,17.0,1.0,7.0,5.0,4.0,-3.0
2021-10-18,1.0,0.0,3.0,1.0,22.0,9.0,38.0,3.0,10.0,8.0,0.0,10.0,12.0,3.0,8.0,2.0,19.0,13.0,1.0,1.0,1.0,-5.0,0.0,2.0,19.0,0.0,1.0,1.0,11.0,-2.0,10.0,1.0,1.0,11.0
2021-10-22,0.0,1.0,4.0,3.0,17.0,27.0,81.0,4.0,21.0,8.0,0.0,11.0,18.0,7.0,15.0,0.0,95.0,5.0,1.0,0.0,2.0,9.0,1.0,13.0,37.0,0.0,8.0,1.0,12.0,0.0,4.0,0.0,0.0,5.0
2021-10-25,0.0,1.0,4.0,0.0,13.0,23.0,63.0,0.0,17.0,11.0,1.0,11.0,15.0,7.0,9.0,2.0,70.0,6.0,2.0,0.0,0.0,7.0,1.0,2.0,22.0,0.0,6.0,1.0,23.0,2.0,14.0,0.0,0.0,-9.0
2021-10-29,2.0,0.0,12.0,1.0,17.0,33.0,101.0,0.0,21.0,18.0,2.0,30.0,9.0,8.0,13.0,7.0,112.0,2.0,1.0,1.0,3.0,4.0,1.0,5.0,38.0,1.0,1.0,2.0,42.0,1.0,10.0,2.0,1.0,2.0
2021-11-01,3.0,0.0,3.0,0.0,7.0,25.0,112.0,0.0,16.0,10.0,1.0,23.0,18.0,6.0,14.0,12.0,106.0,7.0,9.0,1.0,2.0,5.0,1.0,1.0,48.0,0.0,1.0,1.0,32.0,3.0,9.0,2.0,4.0,9.0
2021-11-05,4.0,3.0,5.0,2.0,5.0,38.0,121.0,1.0,37.0,15.0,1.0,60.0,12.0,5.0,24.0,18.0,113.0,6.0,8.0,7.0,1.0,12.0,1.0,1.0,57.0,0.0,4.0,1.0,64.0,0.0,14.0,13.0,1.0,0.0
2021-11-08,1.0,3.0,5.0,10.0,5.0,47.0,196.0,1.0,35.0,9.0,1.0,56.0,9.0,6.0,29.0,13.0,140.0,13.0,23.0,5.0,1.0,18.0,4.0,5.0,58.0,2.0,2.0,4.0,72.0,0.0,24.0,1.0,4.0,8.0
2021-11-12,2.0,3.0,23.0,4.0,19.0,92.0,240.0,0.0,90.0,28.0,11.0,73.0,27.0,3.0,34.0,15.0,189.0,12.0,33.0,8.0,2.0,16.0,6.0,2.0,107.0,0.0,2.0,1.0,130.0,2.0,40.0,5.0,4.0,17.0
2021-11-15,2.0,5.0,25.0,8.0,12.0,77.0,208.0,3.0,79.0,27.0,11.0,89.0,16.0,2.0,15.0,17.0,145.0,17.0,12.0,11.0,1.0,15.0,9.0,4.0,60.0,-1.0,3.0,3.0,91.0,1.0,24.0,12.0,10.0,-12.0
2021-11-19,1.0,9.0,23.0,9.0,29.0,109.0,228.0,1.0,118.0,29.0,9.0,118.0,26.0,2.0,35.0,16.0,229.0,20.0,28.0,11.0,16.0,25.0,3.0,5.0,91.0,0.0,13.0,1.0,101.0,-1.0,43.0,4.0,15.0,3.0
2021-11-22,0.0,1.0,21.0,10.0,19.0,51.0,181.0,2.0,88.0,19.0,9.0,78.0,25.0,12.0,17.0,17.0,211.0,15.0,19.0,5.0,4.0,17.0,2.0,3.0,71.0,1.0,5.0,2.0,99.0,2.0,64.0,4.0,10.0,-3.0
2021-11-26,2.0,1.0,33.0,29.0,29.0,100.0,192.0,1.0,126.0,19.0,9.0,138.0,25.0,12.0,17.0,20.0,262.0,41.0,29.0,10.0,6.0,31.0,1.0,5.0,104.0,1.0,15.0,7.0,167.0,1.0,76.0,2.0,8.0,5.0
2021-11-29,0.0,1.0,25.0,14.0,21.0,45.0,125.0,1.0,106.0,9.0,7.0,60.0,23.0,8.0,12.0,18.0,189.0,41.0,27.0,4.0,4.0,27.0,0.0,1.0,68.0,1.0,5.0,4.0,55.0,0.0,54.0,0.0,14.0,6.0
2021-12-03,4.0,3.0,9.0,6.0,17.0,47.0,144.0,0.0,140.0,7.0,7.0,94.0,14.0,14.0,5.0,11.0,202.0,60.0,27.0,7.0,14.0,15.0,1.0,5.0,97.0,0.0,23.0,11.0,84.0,2.0,47.0,2.0,10.0,-20.0
2021-12-06,2.0,1.0,10.0,11.0,13.0,33.0,112.0,2.0,99.0,1.0,3.0,60.0,11.0,14.0,3.0,12.0,99.0,28.0,24.0,2.0,5.0,13.0,0.0,0.0,67.0,2.0,18.0,4.0,71.0,2.0,49.0,5.0,6.0,3.0
2021-12-10,1.0,0.0,7.0,9.0,21.0,48.0,135.0,1.0,142.0,10.0,1.0,65.0,21.0,6.0,13.0,11.0,124.0,31.0,33.0,5.0,1.0,19.0,0.0,0.0,95.0,3.0,15.0,12.0,104.0,1.0,31.0,3.0,7.0,9.0
2021-12-13,2.0,0.0,17.0,8.0,21.0,31.0,99.0,1.0,96.0,2.0,4.0,35.0,28.0,5.0,13.0,9.0,75.0,28.0,10.0,5.0,-2.0,9.0,0.0,0.0,94.0,2.0,7.0,10.0,62.0,0.0,32.0,0.0,6.0,-6.0
2021-12-17,0.0,1.0,18.0,8.0,29.0,29.0,99.0,1.0,109.0,9.0,0.0,65.0,13.0,1.0,9.0,13.0,85.0,27.0,12.0,4.0,0.0,12.0,1.0,1.0,76.0,2.0,3.0,23.0,101.0,5.0,32.0,2.0,5.0,-1.0
2021-12-20,0.0,2.0,16.0,1.0,10.0,20.0,64.0,1.0,67.0,9.0,1.0,26.0,16.0,-1.0,7.0,7.0,29.0,28.0,14.0,2.0,0.0,6.0,0.0,1.0,66.0,0.0,-2.0,6.0,61.0,3.0,17.0,1.0,14.0,-9.0
2021-12-24,0.0,2.0,15.0,8.0,37.0,44.0,90.0,1.0,97.0,20.0,3.0,34.0,19.0,1.0,6.0,9.0,36.0,30.0,22.0,1.0,1.0,9.0,1.0,0.0,55.0,0.0,0.0,10.0,66.0,6.0,15.0,0.0,7.0,23.0
2021-12-27,2.0,0.0,11.0,1.0,51.0,27.0,68.0,1.0,66.0,10.0,1.0,24.0,12.0,0.0,4.0,11.0,28.0,29.0,18.0,6.0,0.0,8.0,2.0,0.0,27.0,0.0,0.0,11.0,55.0,6.0,17.0,0.0,4.0,-7.0
2021-12-31,0.0,0.0,9.0,7.0,79.0,44.0,101.0,0.0,87.0,10.0,6.0,39.0,12.0,1.0,20.0,15.0,41.0,34.0,11.0,3.0,2.0,17.0,6.0,0.0,53.0,0.0,3.0,3.0,75.0,16.0,23.0,7.0,1.0,5.0
2022-01-03,1.0,0.0,10.0,4.0,34.0,31.0,72.0,1.0,50.0,9.0,0.0,39.0,9.0,3.0,12.0,4.0,29.0,26.0,11.0,3.0,0.0,14.0,0.0,0.0,48.0,0.0,1.0,4.0,26.0,8.0,17.0,3.0,16.0,4.0
2022-01-07,0.0,0.0,24.0,8.0,49.0,60.0,84.0,2.0,76.0,18.0,5.0,32.0,10.0,4.0,17.0,21.0,22.0,29.0,14.0,2.0,0.0,8.0,2.0,0.0,53.0,0.0,1.0,7.0,64.0,7.0,15.0,4.0,5.0,7.0
2022-01-10,0.0,0.0,30.0,5.0,57.0,35.0,111.0,1.0,65.0,19.0,4.0,34.0,3.0,4.0,22.0,16.0,38.0,27.0,3.0,2.0,0.0,8.0,0.0,1.0,67.0,0.0,0.0,6.0,38.0,16.0,14.0,2.0,3.0,-1.0
2022-01-14,2.0,3.0,16.0,11.0,68.0,49.0,183.0,1.0,98.0,13.0,2.0,39.0,21.0,6.0,12.0,20.0,81.0,30.0,19.0,6.0,7.0,11.0,1.0,9.0,85.0,0.0,0.0,2.0,89.0,13.0,24.0,2.0,4.0,7.0
2022-01-17,2.0,6.0,30.0,24.0,51.0,70.0,227.0,1.0,88.0,16.0,1.0,65.0,16.0,2.0,8.0,20.0,106.0,26.0,15.0,13.0,1.0,12.0,1.0,1.0,101.0,1.0,5.0,7.0,82.0,5.0,29.0,0.0,46.0,64.0
2022-01-21,2.0,6.0,61.0,30.0,40.0,91.0,443.0,7.0,138.0,20.0,6.0,122.0,31.0,25.0,12.0,29.0,292.0,43.0,23.0,38.0,9.0,24.0,2.0,14.0,158.0,5.0,6.0,11.0,150.0,10.0,78.0,5.0,16.0,29.0
2022-01-24,2.0,0.0,75.0,59.0,67.0,162.0,480.0,12.0,210.0,44.0,2.0,179.0,36.0,20.0,14.0,34.0,419.0,75.0,48.0,55.0,18.0,56.0,7.0,9.0,192.0,10.0,9.0,6.0,228.0,12.0,66.0,12.0,24.0,202.0
2022-01-28,7.0,17.0,155.0,114.0,109.0,298.0,1173.0,19.0,448.0,75.0,19.0,393.0,77.0,71.0,33.0,67.0,980.0,161.0,104.0,108.0,42.0,162.0,9.0,30.0,469.0,12.0,35.0,43.0,506.0,24.0,261.0,72.0,62.0,-338.0
2022-01-31,10.0,8.0,161.0,107.0,94.0,273.0,1118.0,17.0,383.0,107.0,37.0,383.0,53.0,70.0,45.0,68.0,1069.0,161.0,130.0,104.0,32.0,162.0,9.0,27.0,486.0,6.0,35.0,58.0,450.0,20.0,290.0,85.0,67.0,9.0
2022-02-04,11.0,28.0,262.0,173.0,140.0,553.0,1634.0,24.0,590.0,144.0,42.0,734.0,157.0,146.0,115.0,112.0,1517.0,273.0,241.0,146.0,50.0,321.0,38.0,62.0,730.0,26.0,102.0,91.0,880.0,24.0,512.0,172.0,147.0,4.0
2022-02-07,10.0,18.0,290.0,176.0,130.0,541.0,1609.0,41.0,548.0,179.0,43.0,483.0,124.0,112.0,156.0,145.0,1241.0,258.0,187.0,137.0,56.0,236.0,16.0,40.0,577.0,16.0,108.0,79.0,938.0,27.0,422.0,88.0,112.0,-8.0
2022-02-11,24.0,36.0,343.0,219.0,197.0,670.0,2134.0,52.0,794.0,262.0,82.0,682.0,216.0,183.0,215.0,248.0,1998.0,326.0,195.0,256.0,50.0,296.0,34.0,79.0,909.0,20.0,135.0,113.0,1251.0,44.0,772.0,140.0,150.0,-1.0
2022-02-14,26.0,40.0,221.0,295.0,189.0,564.0,1485.0,49.0,587.0,248.0,45.0,550.0,151.0,113.0,152.0,180.0,1766.0,262.0,127.0,199.0,70.0,311.0,23.0,59.0,652.0,28.0,141.0,83.0,992.0,42.0,681.0,165.0,167.0,1.0
2022-02-18,31.0,35.0,552.0,241.0,347.0,914.0,2870.0,73.0,1203.0,333.0,90.0,1531.0,278.0,134.0,256.0,247.0,1829.0,502.0,162.0,192.0,62.0,576.0,22.0,92.0,1221.0,42.0,143.0,120.0,1798.0,56.0,679.0,137.0,191.0,1.0
2022-02-21,16.0,26.0,399.0,184.0,244.0,777.0,2561.0,42.0,1045.0,297.0,132.0,1145.0,160.0,75.0,224.0,129.0,971.0,445.0,139.0,61.0,39.0,418.0,12.0,38.0,1063.0,14.0,105.0,144.0,1430.0,40.0,485.0,65.0,111.0,3.0
2022-02-25,19.0,15.0,565.0,233.0,242.0,1084.0,2709.0,72.0,1238.0,402.0,71.0,1068.0,294.0,109.0,353.0,328.0,1640.0,458.0,211.0,147.0,72.0,560.0,21.0,74.0,1308.0,29.0,100.0,138.0,1704.0,78.0,594.0,113.0,131.0,0.0
2022-02-28,11.0,15.0,498.0,214.0,183.0,620.0,1498.0,45.0,699.0,237.0,71.0,820.0,206.0,113.0,203.0,138.0,1320.0,280.0,132.0,97.0,54.0,540.0,17.0,73.0,839.0,21.0,83.0,91.0,1500.0,65.0,411.0,96.0,131.0,1.0
2022-03-04,32.0,18.0,461.0,259.0,314.0,687.0,1698.0,34.0,746.0,293.0,58.0,869.0,230.0,81.0,242.0,219.0,1881.0,277.0,200.0,146.0,83.0,422.0,23.0,93.0,949.0,32.0,84.0,111.0,1241.0,54.0,520.0,147.0,112.0,-1.0
2022-03-07,10.0,5.0,312.0,146.0,162.0,409.0,1082.0,19.0,493.0,191.0,62.0,458.0,126.0,94.0,119.0,113.0,1206.0,167.0,109.0,117.0,46.0,276.0,24.0,52.0,608.0,17.0,89.0,66.0,774.0,30.0,400.0,74.0,81.0,0.0
2022-03-11,15.0,3.0,403.0,191.0,250.0,486.0,1465.0,17.0,530.0,247.0,51.0,574.0,134.0,71.0,172.0,212.0,1484.0,203.0,105.0,104.0,66.0,340.0,19.0,59.0,793.0,5.0,55.0,57.0,980.0,53.0,446.0,96.0,70.0,5.0
2022-03-14,14.0,7.0,235.0,125.0,196.0,307.0,911.0,21.0,357.0,135.0,44.0,380.0,73.0,69.0,107.0,128.0,1017.0,109.0,71.0,85.0,31.0,264.0,14.0,53.0,495.0,5.0,41.0,57.0,687.0,26.0,253.0,67.0,69.0,2.0
2022-03-18,13.0,20.0,261.0,128.0,247.0,459.0,1226.0,43.0,381.0,130.0,48.0,497.0,107.0,40.0,135.0,175.0,1188.0,125.0,117.0,125.0,46.0,273.0,15.0,58.0,615.0,9.0,58.0,34.0,744.0,47.0,390.0,88.0,69.0,0.0
2022-03-21,4.0,12.0,127.0,56.0,111.0,222.0,643.0,24.0,249.0,73.0,38.0,293.0,75.0,22.0,54.0,81.0,718.0,61.0,46.0,56.0,28.0,112.0,12.0,35.0,376.0,7.0,33.0,29.0,484.0,36.0,219.0,39.0,41.0,0.0
2022-03-25,15.0,9.0,107.0,68.0,147.0,289.0,833.0,6.0,206.0,122.0,34.0,256.0,79.0,20.0,98.0,81.0,639.0,57.0,34.0,75.0,23.0,137.0,7.0,16.0,357.0,5.0,34.0,39.0,439.0,31.0,254.0,29.0,39.0,0.0
2022-03-28,2.0,9.0,71.0,43.0,56.0,126.0,422.0,8.0,117.0,41.0,12.0,114.0,62.0,7.0,42.0,34.0,374.0,20.0,41.0,29.0,7.0,67.0,6.0,16.0,207.0,5.0,36.0,9.0,238.0,14.0,122.0,22.0,41.0,0.0
2022-04-01,1.0,11.0,72.0,42.0,64.0,158.0,526.0,16.0,102.0,31.0,25.0,180.0,35.0,10.0,41.0,44.0,436.0,10.0,41.0,61.0,20.0,63.0,8.0,10.0,270.0,6.0,16.0,15.0,262.0,22.0,107.0,20.0,35.0,-1.0
2022-04-04,3.0,0.0,38.0,33.0,24.0,74.0,365.0,7.0,38.0,13.0,11.0,75.0,34.0,6.0,21.0,26.0,293.0,-3.0,16.0,16.0,4.0,25.0,1.0,10.0,127.0,1.0,13.0,-1.0,125.0,7.0,60.0,21.0,6.0,0.0
2022-04-08,3.0,5.0,42.0,31.0,28.0,93.0,317.0,7.0,76.0,23.0,14.0,94.0,28.0,16.0,16.0,40.0,243.0,23.0,20.0,16.0,17.0,50.0,4.0,4.0,148.0,8.0,18.0,3.0,161.0,16.0,111.0,12.0,23.0,0.0
2022-04-11,0.0,0.0,20.0,10.0,12.0,60.0,285.0,0.0,29.0,5.0,9.0,67.0,28.0,4.0,7.0,10.0,132.0,1.0,8.0,11.0,5.0,31.0,2.0,8.0,70.0,1.0,5.0,-8.0,77.0,7.0,53.0,2.0,8.0,1.0
2022-04-15,0.0,5.0,22.0,10.0,11.0,65.0,232.0,6.0,41.0,7.0,4.0,46.0,23.0,6.0,8.0,27.0,115.0,19.0,12.0,5.0,7.0,25.0,3.0,3.0,90.0,2.0,6.0,22.0,54.0,7.0,54.0,6.0,15.0,0.0
2022-04-18,0.0,2.0,11.0,8.0,5.0,33.0,115.0,1.0,15.0,4.0,1.0,20.0,11.0,2.0,1.0,7.0,62.0,2.0,6.0,9.0,2.0,19.0,2.0,3.0,36.0,0.0,1.0,1.0,27.0,3.0,13.0,1.0,3.0,0.0
2022-04-22,3.0,3.0,19.0,13.0,32.0,71.0,200.0,1.0,43.0,11.0,5.0,66.0,8.0,10.0,5.0,12.0,126.0,6.0,14.0,6.0,7.0,27.0,0.0,11.0,57.0,1.0,6.0,0.0,82.0,4.0,21.0,3.0,17.0,1.0
2022-04-25,0.0,1.0,0.0,1.0,0.0,22.0,125.0,1.0,12.0,6.0,4.0,29.0,3.0,1.0,4.0,4.0,95.0,2.0,18.0,5.0,3.0,28.0,0.0,0.0,31.0,1.0,6.0,4.0,29.0,4.0,12.0,0.0,6.0,0.0
2022-04-29,0.0,9.0,33.0,6.0,6.0,36.0,108.0,3.0,32.0,2.0,6.0,41.0,7.0,5.0,39.0,8.0,116.0,3.0,11.0,1.0,2.0,14.0,3.0,1.0,56.0,2.0,1.0,5.0,35.0,1.0,16.0,2.0,8.0,0.0
2022-05-02,0.0,6.0,9.0,1.0,4.0,25.0,48.0,5.0,13.0,7.0,0.0,25.0,3.0,3.0,2.0,3.0,44.0,3.0,7.0,2.0,1.0,9.0,0.0,0.0,53.0,1.0,9.0,2.0,30.0,1.0,8.0,-1.0,5.0,-1.0
2022-05-06,0.0,5.0,13.0,2.0,2.0,41.0,112.0,6.0,20.0,15.0,3.0,53.0,6.0,5.0,2.0,4.0,138.0,7.0,11.0,4.0,6.0,20.0,0.0,2.0,50.0,4.0,5.0,2.0,61.0,0.0,21.0,11.0,7.0,0.0
2022-05-09,2.0,4.0,7.0,5.0,2.0,26.0,99.0,5.0,21.0,1.0,-1.0,35.0,8.0,5.0,7.0,3.0,66.0,6.0,14.0,1.0,0.0,25.0,0.0,4.0,39.0,1.0,2.0,3.0,46.0,2.0,17.0,4.0,4.0,-1.0
2022-05-13,2.0,3.0,10.0,29.0,6.0,60.0,166.0,6.0,33.0,8.0,1.0,40.0,13.0,2.0,0.0,4.0,113.0,8.0,4.0,4.0,4.0,38.0,0.0,6.0,67.0,1.0,0.0,4.0,95.0,1.0,57.0,14.0,5.0,-1.0
2022-05-16,2.0,10.0,9.0,6.0,2.0,45.0,142.0,1.0,55.0,6.0,3.0,33.0,9.0,3.0,5.0,1.0,108.0,12.0,7.0,4.0,4.0,22.0,0.0,1.0,82.0,1.0,3.0,1.0,67.0,0.0,32.0,14.0,5.0,1.0
2022-05-20,3.0,21.0,21.0,18.0,5.0,104.0,298.0,19.0,57.0,10.0,14.0,78.0,15.0,8.0,1.0,3.0,219.0,23.0,11.0,8.0,15.0,30.0,5.0,6.0,132.0,0.0,1.0,6.0,139.0,0.0,113.0,13.0,12.0,0.0
2022-05-23,0.0,9.0,8.0,8.0,3.0,89.0,254.0,8.0,51.0,3.0,11.0,61.0,10.0,10.0,4.0,0.0,178.0,15.0,16.0,6.0,16.0,39.0,2.0,4.0,109.0,1.0,5.0,6.0,90.0,1.0,65.0,6.0,3.0,1.0
2022-05-27,1.0,8.0,29.0,25.0,3.0,112.0,410.0,12.0,76.0,2.0,10.0,145.0,20.0,10.0,21.0,10.0,243.0,66.0,15.0,5.0,12.0,43.0,4.0,13.0,184.0,2.0,4.0,9.0,163.0,1.0,119.0,15.0,8.0,-1.0
2022-05-30,1.0,18.0,12.0,22.0,7.0,69.0,299.0,2.0,51.0,5.0,8.0,68.0,20.0,5.0,15.0,4.0,199.0,14.0,16.0,13.0,6.0,42.0,1.0,6.0,140.0,0.0,10.0,4.0,126.0,1.0,55.0,12.0,7.0,-1.0
2022-06-03,0.0,20.0,37.0,33.0,14.0,135.0,419.0,1.0,82.0,12.0,5.0,122.0,20.0,8.0,20.0,9.0,199.0,30.0,31.0,5.0,2.0,70.0,4.0,5.0,243.0,0.0,4.0,15.0,213.0,2.0,76.0,10.0,7.0,0.0
2022-06-06,3.0,4.0,34.0,21.0,10.0,101.0,380.0,0.0,76.0,38.0,5.0,113.0,13.0,7.0,8.0,5.0,201.0,31.0,24.0,7.0,1.0,80.0,1.0,9.0,187.0,4.0,2.0,13.0,211.0,2.0,61.0,3.0,7.0,1.0
2022-06-10,5.0,4.0,76.0,38.0,17.0,178.0,756.0,4.0,138.0,63.0,25.0,189.0,40.0,10.0,26.0,16.0,179.0,33.0,16.0,4.0,2.0,85.0,7.0,7.0,330.0,2.0,4.0,14.0,312.0,7.0,100.0,4.0,19.0,-1.0
2022-06-13,-1.0,4.0,43.0,39.0,12.0,125.0,585.0,1.0,114.0,17.0,9.0,120.0,31.0,14.0,6.0,10.0,306.0,34.0,32.0,12.0,10.0,68.0,5.0,29.0,199.0,2.0,11.0,15.0,223.0,1.0,91.0,17.0,12.0,0.0
2022-06-17,4.0,7.0,119.0,39.0,21.0,175.0,751.0,5.0,143.0,33.0,30.0,200.0,65.0,23.0,9.0,12.0,368.0,48.0,32.0,16.0,10.0,117.0,1.0,19.0,297.0,1.0,16.0,26.0,390.0,6.0,136.0,13.0,13.0,0.0
2022-06-20,3.0,4.0,102.0,38.0,17.0,172.0,561.0,3.0,162.0,23.0,23.0,150.0,43.0,8.0,6.0,21.0,342.0,26.0,24.0,13.0,5.0,88.0,1.0,13.0,228.0,2.0,12.0,12.0,354.0,2.0,109.0,13.0,25.0,0.0
2022-06-24,5.0,3.0,127.0,45.0,42.0,232.0,704.0,6.0,170.0,37.0,31.0,244.0,69.0,10.0,12.0,26.0,420.0,39.0,32.0,7.0,13.0,92.0,3.0,17.0,283.0,1.0,24.0,18.0,411.0,2.0,160.0,14.0,19.0,0.0
2022-06-27,2.0,2.0,113.0,35.0,64.0,209.0,731.0,6.0,153.0,41.0,42.0,164.0,53.0,9.0,17.0,38.0,384.0,44.0,32.0,14.0,12.0,153.0,3.0,12.0,269.0,3.0,24.0,14.0,383.0,8.0,131.0,10.0,24.0,0.0
2022-07-01,3.0,12.0,97.0,58.0,53.0,230.0,819.0,5.0,140.0,49.0,38.0,233.0,40.0,17.0,10.0,48.0,364.0,28.0,32.0,16.0,9.0,123.0,1.0,8.0,312.0,12.0,12.0,28.0,413.0,3.0,189.0,28.0,43.0,0.0
2022-07-04,7.0,5.0,90.0,40.0,52.0,191.0,558.0,4.0,148.0,31.0,31.0,168.0,46.0,22.0,8.0,36.0,297.0,18.0,31.0,8.0,4.0,86.0,4.0,9.0,260.0,4.0,1.0,9.0,321.0,4.0,145.0,26.0,12.0,0.0
2022-07-08,-1.0,8.0,97.0,44.0,55.0,256.0,753.0,18.0,125.0,37.0,23.0,199.0,51.0,9.0,23.0,45.0,392.0,40.0,31.0,15.0,28.0,133.0,2.0,9.0,320.0,4.0,21.0,14.0,417.0,12.0,194.0,17.0,37.0,0.0
2022-07-11,1.0,0.0,61.0,48.0,43.0,150.0,507.0,8.0,89.0,40.0,15.0,164.0,41.0,9.0,20.0,22.0,290.0,17.0,17.0,11.0,9.0,90.0,1.0,9.0,228.0,2.0,27.0,19.0,304.0,3.0,120.0,25.0,8.0,0.0
2022-07-15,3.0,7.0,75.0,54.0,78.0,195.0,586.0,24.0,106.0,47.0,32.0,210.0,40.0,13.0,30.0,32.0,370.0,37.0,26.0,18.0,31.0,89.0,6.0,12.0,296.0,11.0,47.0,12.0,340.0,1.0,159.0,12.0,22.0,0.0
2022-07-18,0.0,6.0,48.0,19.0,42.0,101.0,392.0,15.0,69.0,41.0,16.0,140.0,16.0,8.0,22.0,16.0,269.0,18.0,16.0,15.0,7.0,62.0,2.0,2.0,156.0,2.0,24.0,9.0,230.0,6.0,82.0,13.0,19.0,0.0
2022-07-22,4.0,5.0,63.0,29.0,51.0,128.0,500.0,21.0,74.0,58.0,25.0,160.0,31.0,25.0,26.0,27.0,342.0,33.0,24.0,30.0,24.0,69.0,6.0,17.0,220.0,8.0,32.0,12.0,303.0,6.0,133.0,18.0,35.0,-2.0
2022-07-25,1.0,6.0,58.0,46.0,48.0,103.0,418.0,16.0,128.0,50.0,20.0,129.0,28.0,19.0,23.0,27.0,331.0,21.0,26.0,32.0,24.0,75.0,9.0,12.0,224.0,10.0,24.0,12.0,293.0,6.0,88.0,23.0,21.0,0.0
2022-07-29,4.0,3.0,80.0,85.0,88.0,194.0,613.0,22.0,128.0,54.0,27.0,147.0,28.0,30.0,52.0,32.0,479.0,25.0,37.0,45.0,32.0,89.0,14.0,14.0,272.0,13.0,32.0,21.0,387.0,7.0,129.0,8.0,33.0,0.0
2022-08-01,-1.0,10.0,44.0,47.0,54.0,131.0,384.0,16.0,93.0,50.0,2.0,122.0,30.0,25.0,60.0,43.0,392.0,23.0,28.0,23.0,14.0,50.0,4.0,15.0,202.0,3.0,21.0,12.0,227.0,6.0,122.0,17.0,28.0,0.0
2022-08-05,3.0,19.0,70.0,48.0,95.0,244.0,650.0,14.0,142.0,71.0,36.0,287.0,42.0,34.0,90.0,92.0,598.0,50.0,76.0,38.0,23.0,95.0,14.0,7.0,354.0,6.0,29.0,24.0,388.0,22.0,200.0,28.0,62.0,0.0
2022-08-08,3.0,11.0,54.0,34.0,69.0,191.0,452.0,9.0,128.0,62.0,23.0,206.0,45.0,14.0,58.0,90.0,467.0,30.0,39.0,37.0,15.0,70.0,4.0,6.0,254.0,1.0,21.0,25.0,290.0,18.0,123.0,21.0,26.0,0.0
2022-08-12,8.0,15.0,93.0,92.0,131.0,310.0,810.0,19.0,228.0,115.0,36.0,282.0,72.0,22.0,119.0,110.0,718.0,59.0,77.0,49.0,24.0,109.0,17.0,19.0,354.0,13.0,35.0,36.0,477.0,14.0,251.0,26.0,65.0,0.0
2022-08-15,3.0,12.0,81.0,43.0,90.0,150.0,697.0,8.0,193.0,74.0,38.0,163.0,79.0,19.0,87.0,83.0,588.0,53.0,62.0,60.0,18.0,83.0,7.0,18.0,266.0,2.0,27.0,27.0,304.0,7.0,182.0,16.0,25.0,0.0
2022-08-19,12.0,7.0,118.0,71.0,115.0,183.0,726.0,13.0,189.0,85.0,26.0,193.0,67.0,23.0,116.0,86.0,521.0,72.0,76.0,47.0,18.0,105.0,12.0,19.0,327.0,5.0,45.0,26.0,431.0,14.0,210.0,26.0,38.0,0.0
2022-08-22,15.0,3.0,88.0,51.0,63.0,156.0,533.0,19.0,121.0,50.0,35.0,175.0,50.0,18.0,115.0,66.0,455.0,50.0,28.0,25.0,12.0,95.0,5.0,17.0,242.0,2.0,36.0,16.0,316.0,13.0,152.0,25.0,34.0,0.0
2022-08-26,13.0,15.0,97.0,79.0,80.0,213.0,637.0,18.0,186.0,68.0,58.0,209.0,51.0,17.0,80.0,58.0,462.0,63.0,80.0,21.0,18.0,90.0,9.0,34.0,298.0,10.0,33.0,32.0,417.0,17.0,170.0,37.0,31.0,0.0
2022-08-29,7.0,6.0,73.0,62.0,36.0,160.0,388.0,10.0,133.0,55.0,31.0,132.0,37.0,15.0,41.0,37.0,333.0,34.0,59.0,14.0,13.0,62.0,1.0,19.0,260.0,1.0,25.0,20.0,243.0,9.0,125.0,22.0,38.0,0.0
2022-09-02,14.0,11.0,81.0,54.0,38.0,133.0,436.0,6.0,141.0,54.0,34.0,180.0,31.0,21.0,43.0,45.0,436.0,31.0,77.0,19.0,18.0,95.0,7.0,12.0,277.0,8.0,44.0,19.0,279.0,10.0,140.0,23.0,21.0,0.0
2022-09-05,3.0,2.0,47.0,30.0,18.0,82.0,273.0,4.0,95.0,21.0,25.0,133.0,18.0,16.0,21.0,18.0,315.0,20.0,35.0,19.0,9.0,54.0,7.0,15.0,163.0,8.0,22.0,15.0,195.0,3.0,100.0,12.0,7.0,0.0
2022-09-09,7.0,4.0,83.0,39.0,57.0,134.0,372.0,10.0,156.0,38.0,27.0,132.0,28.0,30.0,34.0,45.0,376.0,27.0,50.0,32.0,18.0,45.0,10.0,19.0,184.0,6.0,19.0,23.0,252.0,16.0,112.0,12.0,19.0,0.0
2022-09-12,4.0,0.0,35.0,34.0,38.0,61.0,263.0,2.0,84.0,16.0,12.0,78.0,15.0,9.0,13.0,19.0,225.0,14.0,32.0,17.0,4.0,48.0,3.0,11.0,137.0,-1.0,9.0,14.0,151.0,13.0,79.0,5.0,2.0,0.0
2022-09-19,6.0,4.0,54.0,79.0,51.0,163.0,470.0,13.0,145.0,31.0,22.0,159.0,36.0,16.0,14.0,33.0,373.0,25.0,70.0,53.0,16.0,72.0,8.0,16.0,203.0,2.0,14.0,31.0,271.0,10.0,163.0,28.0,23.0,0.0
2022-09-23,1.0,4.0,37.0,88.0,19.0,101.0,295.0,8.0,76.0,14.0,10.0,102.0,25.0,10.0,8.0,19.0,222.0,22.0,52.0,18.0,7.0,55.0,11.0,8.0,145.0,0.0,11.0,13.0,189.0,4.0,72.0,17.0,30.0,0.0
2022-09-26,1.0,4.0,36.0,50.0,20.0,83.0,235.0,27.0,87.0,12.0,17.0,83.0,19.0,11.0,18.0,20.0,222.0,25.0,32.0,17.0,11.0,55.0,2.0,7.0,128.0,4.0,12.0,11.0,115.0,9.0,68.0,20.0,23.0,-2.0
2022-10-03,2.0,38.0,76.0,101.0,28.0,153.0,470.0,17.0,138.0,36.0,17.0,154.0,40.0,19.0,27.0,18.0,402.0,40.0,72.0,54.0,18.0,63.0,7.0,10.0,231.0,7.0,30.0,30.0,254.0,1.0,195.0,24.0,27.0,1.0
2022-10-10,5.0,13.0,91.0,76.0,34.0,131.0,471.0,17.0,130.0,41.0,13.0,137.0,35.0,28.0,19.0,38.0,452.0,30.0,51.0,30.0,24.0,56.0,1.0,5.0,181.0,8.0,35.0,24.0,246.0,1.0,184.0,28.0,22.0,-1.0
2022-10-14,4.0,10.0,88.0,63.0,34.0,104.0,300.0,21.0,61.0,35.0,13.0,110.0,30.0,20.0,39.0,26.0,383.0,20.0,47.0,20.0,30.0,49.0,6.0,6.0,93.0,2.0,32.0,22.0,179.0,1.0,85.0,22.0,22.0,0.0
2022-10-17,0.0,5.0,57.0,35.0,26.0,76.0,137.0,22.0,83.0,24.0,16.0,100.0,27.0,38.0,27.0,9.0,314.0,49.0,52.0,19.0,15.0,51.0,4.0,11.0,153.0,6.0,19.0,36.0,158.0,1.0,78.0,19.0,22.0,1.0
2022-10-21,5.0,11.0,96.0,66.0,42.0,172.0,509.0,22.0,97.0,83.0,18.0,125.0,20.0,34.0,80.0,53.0,473.0,21.0,47.0,29.0,27.0,61.0,2.0,27.0,214.0,15.0,24.0,32.0,251.0,0.0,124.0,14.0,37.0,0.0
2022-10-24,4.0,15.0,69.0,31.0,23.0,124.0,382.0,8.0,71.0,52.0,20.0,112.0,30.0,19.0,52.0,25.0,350.0,37.0,29.0,22.0,19.0,51.0,4.0,20.0,153.0,7.0,20.0,13.0,218.0,1.0,101.0,16.0,26.0,0.0
2022-10-28,19.0,23.0,135.0,51.0,55.0,207.0,442.0,15.0,131.0,64.0,28.0,187.0,54.0,23.0,89.0,63.0,438.0,33.0,26.0,37.0,31.0,80.0,8.0,15.0,225.0,6.0,52.0,26.0,351.0,4.0,139.0,15.0,13.0,0.0
2022-10-31,4.0,7.0,63.0,45.0,10.0,90.0,297.0,5.0,89.0,27.0,7.0,148.0,42.0,19.0,34.0,31.0,287.0,32.0,20.0,14.0,9.0,43.0,9.0,6.0,141.0,7.0,17.0,32.0,168.0,1.0,73.0,6.0,11.0,0.0
2022-11-04,2.0,13.0,86.0,26.0,30.0,100.0,404.0,9.0,98.0,36.0,9.0,93.0,26.0,23.0,30.0,31.0,294.0,24.0,26.0,20.0,9.0,19.0,5.0,13.0,118.0,3.0,30.0,23.0,208.0,4.0,89.0,9.0,22.0,0.0
2022-11-07,6.0,1.0,74.0,33.0,39.0,81.0,414.0,4.0,84.0,35.0,11.0,141.0,37.0,20.0,34.0,39.0,367.0,31.0,22.0,30.0,22.0,52.0,2.0,23.0,150.0,3.0,32.0,14.0,274.0,3.0,82.0,10.0,8.0,0.0
2022-11-11,2.0,22.0,76.0,45.0,37.0,121.0,442.0,10.0,115.0,63.0,8.0,143.0,35.0,9.0,46.0,24.0,400.0,41.0,40.0,25.0,13.0,45.0,2.0,23.0,162.0,8.0,24.0,30.0,231.0,4.0,96.0,28.0,22.0,0.0
2022-11-14,2.0,1.0,40.0,20.0,29.0,57.0,244.0,5.0,81.0,37.0,12.0,75.0,17.0,5.0,25.0,13.0,255.0,23.0,23.0,20.0,11.0,28.0,1.0,8.0,70.0,3.0,15.0,11.0,141.0,1.0,57.0,14.0,15.0,0.0
2022-11-18,0.0,1.0,75.0,38.0,27.0,113.0,374.0,3.0,81.0,34.0,11.0,91.0,20.0,13.0,26.0,15.0,253.0,44.0,31.0,19.0,13.0,33.0,8.0,12.0,138.0,6.0,28.0,23.0,201.0,4.0,88.0,21.0,19.0,1.0
2022-11-21,1.0,1.0,33.0,18.0,14.0,58.0,234.0,0.0,66.0,12.0,4.0,99.0,13.0,4.0,19.0,13.0,240.0,23.0,32.0,13.0,6.0,33.0,5.0,9.0,99.0,4.0,14.0,10.0,151.0,1.0,39.0,12.0,10.0,0.0
2022-11-25,6.0,3.0,49.0,21.0,26.0,95.0,343.0,8.0,59.0,28.0,16.0,114.0,11.0,7.0,30.0,18.0,258.0,30.0,33.0,15.0,16.0,44.0,8.0,15.0,121.0,8.0,21.0,11.0,210.0,2.0,53.0,11.0,10.0,0.0
2022-11-28,5.0,0.0,23.0,11.0,22.0,64.0,219.0,9.0,52.0,14.0,3.0,48.0,8.0,6.0,10.0,20.0,184.0,21.0,39.0,16.0,9.0,33.0,1.0,20.0,69.0,5.0,9.0,10.0,115.0,3.0,51.0,8.0,7.0,0.0
2022-12-02,1.0,2.0,39.0,20.0,39.0,108.0,306.0,4.0,68.0,21.0,6.0,105.0,18.0,3.0,24.0,17.0,212.0,28.0,28.0,7.0,20.0,41.0,2.0,13.0,113.0,8.0,13.0,4.0,144.0,5.0,47.0,20.0,10.0,1.0
2022-12-05,1.0,2.0,18.0,11.0,19.0,63.0,184.0,1.0,45.0,14.0,6.0,41.0,19.0,5.0,19.0,13.0,183.0,17.0,23.0,15.0,4.0,29.0,3.0,7.0,57.0,2.0,17.0,2.0,102.0,3.0,30.0,8.0,2.0,-1.0
2022-12-09,1.0,1.0,17.0,37.0,32.0,79.0,233.0,8.0,84.0,18.0,5.0,78.0,17.0,2.0,13.0,21.0,243.0,19.0,26.0,9.0,6.0,35.0,5.0,12.0,80.0,0.0,16.0,2.0,127.0,4.0,44.0,21.0,2.0,0.0
2022-12-12,0.0,2.0,12.0,35.0,28.0,48.0,117.0,4.0,40.0,23.0,6.0,53.0,15.0,4.0,9.0,22.0,147.0,11.0,21.0,5.0,5.0,26.0,2.0,5.0,37.0,2.0,8.0,1.0,83.0,2.0,38.0,3.0,10.0,0.0
2022-12-16,3.0,1.0,27.0,28.0,31.0,87.0,242.0,4.0,79.0,23.0,7.0,75.0,23.0,4.0,14.0,20.0,193.0,18.0,36.0,7.0,6.0,28.0,6.0,3.0,76.0,4.0,23.0,9.0,129.0,6.0,41.0,12.0,15.0,0.0
2022-12-19,1.0,3.0,29.0,28.0,17.0,57.0,155.0,2.0,45.0,15.0,3.0,41.0,24.0,0.0,15.0,7.0,161.0,22.0,21.0,10.0,1.0,14.0,1.0,3.0,57.0,1.0,10.0,5.0,103.0,1.0,38.0,11.0,8.0,1.0
2022-12-23,6.0,1.0,38.0,31.0,28.0,111.0,265.0,6.0,73.0,22.0,7.0,93.0,36.0,9.0,16.0,7.0,201.0,31.0,32.0,19.0,10.0,22.0,3.0,13.0,120.0,2.0,30.0,5.0,155.0,5.0,50.0,9.0,16.0,0.0
2022-12-26,4.0,0.0,17.0,36.0,19.0,67.0,204.0,0.0,72.0,10.0,5.0,53.0,31.0,9.0,9.0,7.0,181.0,18.0,16.0,9.0,8.0,22.0,1.0,5.0,64.0,3.0,19.0,8.0,119.0,0.0,51.0,5.0,11.0,0.0
2022-12-30,2.0,6.0,50.0,48.0,43.0,153.0,462.0,10.0,139.0,35.0,24.0,124.0,62.0,15.0,13.0,31.0,300.0,44.0,29.0,19.0,37.0,40.0,11.0,14.0,157.0,10.0,37.0,16.0,227.0,5.0,81.0,11.0,13.0,0.0
2023-01-05,7.0,3.0,44.0,40.0,28.0,111.0,341.0,14.0,117.0,26.0,13.0,151.0,50.0,9.0,17.0,31.0,282.0,39.0,43.0,22.0,16.0,50.0,12.0,7.0,147.0,10.0,30.0,9.0,233.0,6.0,71.0,28.0,26.0,0.0
2023-01-09,4.0,5.0,30.0,25.0,36.0,73.0,139.0,5.0,40.0,9.0,7.0,62.0,18.0,5.0,12.0,10.0,118.0,21.0,23.0,11.0,8.0,27.0,2.0,11.0,84.0,5.0,19.0,2.0,105.0,4.0,37.0,24.0,21.0,0.0
