,Corral,Futrono,La Union,Lago Ranco,Lanco,Los Lagos,Mafil,Mariquina,Paillaco,Panguipulli,Rio Bueno,Valdivia,Desconocido Los Rios
2020-04-01,0.0,0.0,9.0,0.0,0.0,0.0,0.0,0.0,0.0,0.0,0.0,33.0,0.0
2020-04-03,0.0,0.0,1.0,0.0,0.0,0.0,0.0,0.0,0.0,0.0,0.0,2.0,0.0
2020-04-06,0.0,5.0,7.0,0.0,0.0,0.0,0.0,6.0,0.0,0.0,5.0,18.0,0.0
2020-04-08,0.0,0.0,1.0,0.0,0.0,0.0,0.0,2.0,0.0,0.0,0.0,7.0,0.0
2020-04-10,0.0,0.0,0.0,0.0,0.0,0.0,0.0,0.0,0.0,0.0,0.0,10.0,0.0
2020-04-13,0.0,0.0,0.0,2.0,2.0,0.0,1.0,0.0,1.0,2.0,5.0,6.0,0.0
2020-04-15,1.0,0.0,5.0,0.0,2.0,0.0,0.0,1.0,0.0,-2.0,-3.0,9.0,0.0
2020-04-17,0.0,0.0,0.0,0.0,0.0,0.0,0.0,0.0,0.0,0.0,0.0,4.0,0.0
2020-04-20,0.0,0.0,-2.0,0.0,0.0,0.0,0.0,-1.0,0.0,1.0,4.0,0.0,0.0
2020-04-24,0.0,0.0,6.0,0.0,1.0,0.0,1.0,1.0,1.0,-1.0,-1.0,4.0,0.0
2020-04-27,0.0,0.0,2.0,0.0,0.0,0.0,0.0,0.0,0.0,0.0,1.0,2.0,0.0
2020-05-01,0.0,0.0,3.0,0.0,0.0,0.0,0.0,0.0,0.0,0.0,2.0,3.0,0.0
2020-05-04,0.0,0.0,7.0,0.0,2.0,0.0,0.0,0.0,-1.0,0.0,0.0,11.0,0.0
2020-05-08,1.0,0.0,1.0,0.0,2.0,0.0,0.0,0.0,0.0,0.0,-1.0,0.0,0.0
2020-05-11,1.0,0.0,0.0,0.0,0.0,0.0,0.0,2.0,0.0,0.0,0.0,1.0,0.0
2020-05-15,8.0,0.0,0.0,0.0,0.0,0.0,0.0,1.0,0.0,0.0,0.0,2.0,0.0
2020-05-18,0.0,2.0,1.0,0.0,0.0,0.0,0.0,0.0,0.0,1.0,0.0,1.0,0.0
2020-05-22,0.0,8.0,1.0,0.0,0.0,0.0,1.0,2.0,3.0,2.0,1.0,22.0,0.0
2020-05-25,2.0,9.0,0.0,0.0,0.0,2.0,0.0,0.0,17.0,3.0,1.0,7.0,0.0
2020-05-29,0.0,6.0,1.0,0.0,0.0,16.0,0.0,1.0,1.0,2.0,0.0,6.0,0.0
2020-06-01,0.0,4.0,1.0,0.0,0.0,4.0,0.0,1.0,3.0,4.0,2.0,14.0,0.0
2020-06-05,0.0,6.0,4.0,0.0,0.0,1.0,0.0,0.0,0.0,9.0,0.0,8.0,0.0
2020-06-08,5.0,3.0,4.0,0.0,1.0,1.0,0.0,0.0,0.0,12.0,2.0,7.0,0.0
2020-06-12,2.0,10.0,7.0,0.0,5.0,14.0,5.0,0.0,0.0,0.0,0.0,11.0,0.0
2020-06-15,2.0,0.0,7.0,0.0,6.0,19.0,9.0,0.0,0.0,0.0,0.0,9.0,0.0
2020-06-19,0.0,3.0,10.0,0.0,2.0,2.0,3.0,3.0,1.0,3.0,1.0,34.0,5.0
2020-06-23,1.0,2.0,3.0,0.0,3.0,4.0,0.0,1.0,1.0,11.0,2.0,25.0,0.0
2020-06-28,1.0,2.0,8.0,4.0,2.0,0.0,0.0,2.0,2.0,8.0,3.0,35.0,1.0
2020-07-01,0.0,0.0,1.0,1.0,0.0,0.0,0.0,0.0,1.0,1.0,0.0,26.0,0.0
2020-07-05,0.0,0.0,5.0,0.0,0.0,1.0,0.0,0.0,2.0,1.0,3.0,17.0,0.0
2020-07-10,2.0,1.0,-6.0,0.0,-1.0,-1.0,0.0,-1.0,1.0,3.0,3.0,-9.0,0.0
2020-07-13,0.0,0.0,2.0,0.0,0.0,0.0,0.0,0.0,0.0,3.0,-1.0,13.0,0.0
2020-07-17,0.0,0.0,6.0,0.0,1.0,0.0,0.0,10.0,0.0,2.0,0.0,31.0,0.0
2020-07-20,0.0,0.0,3.0,0.0,0.0,0.0,0.0,2.0,0.0,0.0,0.0,20.0,0.0
2020-07-24,0.0,0.0,1.0,0.0,0.0,0.0,0.0,3.0,1.0,0.0,3.0,14.0,0.0
2020-07-27,0.0,0.0,2.0,0.0,0.0,0.0,9.0,0.0,3.0,0.0,2.0,10.0,0.0
2020-07-31,0.0,0.0,-1.0,0.0,0.0,0.0,0.0,1.0,1.0,0.0,1.0,20.0,0.0
2020-08-03,0.0,0.0,2.0,0.0,2.0,0.0,0.0,1.0,0.0,1.0,3.0,9.0,0.0
2020-08-07,0.0,0.0,4.0,0.0,0.0,0.0,0.0,0.0,0.0,1.0,5.0,15.0,1.0
2020-08-10,0.0,0.0,1.0,0.0,2.0,0.0,0.0,0.0,0.0,2.0,8.0,19.0,0.0
2020-08-14,0.0,0.0,0.0,1.0,0.0,0.0,3.0,0.0,0.0,1.0,6.0,28.0,0.0
2020-08-17,0.0,1.0,0.0,0.0,0.0,0.0,3.0,0.0,0.0,0.0,2.0,8.0,0.0
2020-08-21,0.0,0.0,-2.0,0.0,6.0,0.0,-1.0,2.0,1.0,-2.0,3.0,1.0,0.0
2020-08-24,0.0,0.0,0.0,0.0,4.0,1.0,0.0,4.0,0.0,0.0,6.0,19.0,0.0
2020-08-28,0.0,0.0,3.0,0.0,1.0,0.0,1.0,2.0,1.0,2.0,6.0,15.0,0.0
2020-08-31,0.0,0.0,0.0,0.0,5.0,0.0,1.0,0.0,0.0,11.0,1.0,6.0,1.0
2020-09-04,0.0,0.0,3.0,0.0,5.0,2.0,0.0,9.0,1.0,16.0,6.0,21.0,-1.0
2020-09-07,0.0,0.0,5.0,0.0,6.0,2.0,0.0,3.0,2.0,7.0,10.0,19.0,0.0
2020-09-11,0.0,1.0,1.0,0.0,16.0,1.0,16.0,4.0,2.0,15.0,15.0,24.0,0.0
2020-09-14,0.0,1.0,8.0,8.0,13.0,2.0,8.0,4.0,2.0,23.0,3.0,51.0,0.0
2020-09-18,0.0,2.0,3.0,1.0,12.0,0.0,3.0,-2.0,3.0,23.0,4.0,18.0,0.0
2020-09-21,1.0,0.0,8.0,1.0,5.0,2.0,1.0,0.0,2.0,24.0,7.0,18.0,0.0
2020-09-25,0.0,0.0,18.0,1.0,3.0,1.0,2.0,2.0,9.0,12.0,17.0,76.0,0.0
2020-09-28,8.0,4.0,8.0,3.0,7.0,0.0,0.0,3.0,16.0,14.0,16.0,70.0,0.0
2020-10-02,5.0,3.0,13.0,1.0,12.0,2.0,1.0,5.0,29.0,20.0,19.0,94.0,0.0
2020-10-05,3.0,3.0,10.0,0.0,10.0,2.0,3.0,6.0,3.0,18.0,11.0,63.0,0.0
2020-10-09,5.0,7.0,20.0,1.0,9.0,6.0,1.0,9.0,19.0,5.0,28.0,99.0,0.0
2020-10-12,0.0,0.0,22.0,0.0,3.0,13.0,1.0,7.0,12.0,5.0,18.0,69.0,0.0
2020-10-16,3.0,2.0,18.0,1.0,9.0,9.0,1.0,12.0,13.0,4.0,29.0,57.0,0.0
2020-10-19,4.0,4.0,19.0,9.0,9.0,9.0,1.0,15.0,11.0,5.0,16.0,76.0,0.0
2020-10-24,11.0,2.0,38.0,19.0,6.0,8.0,0.0,6.0,2.0,12.0,15.0,134.0,0.0
2020-10-26,8.0,9.0,28.0,16.0,5.0,4.0,0.0,5.0,0.0,5.0,4.0,42.0,0.0
2020-10-30,7.0,13.0,37.0,39.0,7.0,13.0,0.0,2.0,4.0,17.0,6.0,112.0,0.0
2020-11-02,0.0,21.0,61.0,26.0,7.0,20.0,1.0,2.0,9.0,9.0,8.0,142.0,0.0
2020-11-06,0.0,12.0,50.0,18.0,6.0,20.0,3.0,5.0,9.0,12.0,5.0,181.0,0.0
2020-11-09,0.0,17.0,37.0,6.0,9.0,15.0,5.0,1.0,3.0,13.0,7.0,151.0,0.0
2020-11-13,2.0,14.0,43.0,5.0,30.0,27.0,0.0,15.0,5.0,21.0,30.0,194.0,1.0
2020-11-16,0.0,16.0,36.0,4.0,8.0,28.0,4.0,2.0,7.0,26.0,22.0,161.0,-1.0
2020-11-20,0.0,8.0,48.0,10.0,8.0,31.0,2.0,4.0,13.0,34.0,17.0,197.0,0.0
2020-11-23,2.0,18.0,32.0,7.0,12.0,16.0,0.0,6.0,19.0,29.0,20.0,133.0,0.0
2020-11-27,4.0,35.0,24.0,2.0,16.0,14.0,0.0,5.0,14.0,35.0,13.0,173.0,0.0
2020-11-30,5.0,13.0,17.0,3.0,11.0,11.0,0.0,2.0,13.0,19.0,12.0,138.0,0.0
2020-12-04,0.0,1.0,29.0,3.0,10.0,7.0,1.0,8.0,29.0,14.0,26.0,227.0,3.0
2020-12-07,1.0,3.0,28.0,5.0,9.0,8.0,0.0,8.0,16.0,9.0,30.0,155.0,3.0
2020-12-11,0.0,4.0,36.0,8.0,17.0,7.0,3.0,38.0,11.0,10.0,32.0,170.0,-3.0
2020-12-14,0.0,1.0,27.0,0.0,33.0,7.0,2.0,22.0,13.0,2.0,19.0,196.0,0.0
2020-12-18,0.0,4.0,29.0,8.0,27.0,17.0,4.0,13.0,7.0,16.0,50.0,223.0,0.0
2020-12-21,0.0,5.0,22.0,7.0,13.0,30.0,2.0,9.0,8.0,25.0,24.0,150.0,0.0
2020-12-25,0.0,9.0,39.0,9.0,17.0,31.0,6.0,10.0,5.0,23.0,21.0,190.0,0.0
2020-12-28,2.0,9.0,13.0,5.0,1.0,33.0,0.0,14.0,5.0,9.0,20.0,93.0,0.0
2021-01-01,19.0,13.0,75.0,14.0,3.0,33.0,5.0,10.0,19.0,34.0,33.0,311.0,1.0
2021-01-04,12.0,16.0,70.0,9.0,2.0,15.0,3.0,6.0,11.0,19.0,32.0,193.0,0.0
2021-01-08,4.0,53.0,107.0,7.0,8.0,36.0,25.0,11.0,15.0,26.0,37.0,350.0,3.0
2021-01-11,2.0,31.0,85.0,19.0,4.0,47.0,40.0,18.0,35.0,16.0,49.0,352.0,-1.0
2021-01-15,12.0,18.0,101.0,20.0,15.0,36.0,23.0,31.0,49.0,13.0,28.0,362.0,-1.0
2021-01-18,10.0,23.0,79.0,34.0,10.0,35.0,10.0,21.0,44.0,14.0,37.0,364.0,5.0
2021-01-22,22.0,55.0,118.0,40.0,50.0,14.0,5.0,28.0,60.0,43.0,80.0,421.0,0.0
2021-01-25,11.0,16.0,64.0,18.0,44.0,23.0,13.0,25.0,42.0,50.0,61.0,330.0,0.0
2021-01-29,8.0,35.0,99.0,27.0,39.0,24.0,16.0,35.0,46.0,57.0,90.0,426.0,0.0
2021-02-01,3.0,18.0,59.0,18.0,16.0,36.0,5.0,42.0,19.0,56.0,36.0,271.0,3.0
2021-02-05,11.0,24.0,101.0,13.0,33.0,33.0,7.0,23.0,23.0,41.0,57.0,305.0,1.0
2021-02-08,6.0,35.0,65.0,25.0,20.0,36.0,19.0,24.0,15.0,48.0,46.0,214.0,2.0
2021-02-12,7.0,40.0,87.0,22.0,26.0,27.0,6.0,35.0,23.0,65.0,31.0,264.0,-2.0
2021-02-15,3.0,24.0,51.0,14.0,12.0,36.0,6.0,40.0,21.0,41.0,36.0,210.0,0.0
2021-02-19,1.0,47.0,84.0,12.0,20.0,27.0,17.0,22.0,24.0,52.0,44.0,242.0,12.0
2021-02-22,8.0,29.0,56.0,14.0,15.0,38.0,11.0,25.0,19.0,46.0,37.0,245.0,-11.0
2021-02-26,12.0,65.0,102.0,13.0,23.0,60.0,33.0,42.0,27.0,70.0,47.0,398.0,3.0
2021-03-01,3.0,70.0,67.0,20.0,46.0,74.0,25.0,26.0,19.0,95.0,28.0,343.0,-2.0
2021-03-05,13.0,75.0,134.0,27.0,56.0,50.0,27.0,57.0,78.0,99.0,60.0,453.0,1.0
2021-03-08,8.0,76.0,64.0,24.0,23.0,71.0,23.0,31.0,38.0,94.0,50.0,500.0,2.0
2021-03-12,12.0,77.0,143.0,18.0,38.0,52.0,16.0,50.0,60.0,130.0,86.0,525.0,7.0
2021-03-15,9.0,40.0,94.0,17.0,56.0,60.0,19.0,51.0,42.0,70.0,45.0,400.0,7.0
2021-03-19,30.0,46.0,163.0,11.0,65.0,50.0,31.0,87.0,79.0,156.0,115.0,623.0,-3.0
2021-03-22,19.0,35.0,125.0,8.0,67.0,56.0,22.0,66.0,62.0,72.0,86.0,484.0,18.0
2021-03-26,18.0,30.0,130.0,25.0,72.0,49.0,34.0,66.0,60.0,113.0,96.0,490.0,-11.0
2021-03-29,8.0,37.0,96.0,22.0,56.0,61.0,16.0,45.0,56.0,84.0,72.0,347.0,1.0
2021-04-02,17.0,39.0,128.0,26.0,45.0,61.0,26.0,79.0,88.0,91.0,107.0,546.0,0.0
2021-04-05,15.0,18.0,62.0,13.0,29.0,30.0,35.0,85.0,36.0,72.0,73.0,290.0,0.0
2021-04-09,9.0,32.0,107.0,14.0,64.0,43.0,45.0,122.0,64.0,109.0,100.0,414.0,3.0
2021-04-12,13.0,33.0,92.0,20.0,49.0,51.0,23.0,85.0,23.0,59.0,49.0,289.0,7.0
2021-04-16,10.0,28.0,104.0,31.0,59.0,56.0,38.0,121.0,34.0,102.0,98.0,335.0,-4.0
2021-04-19,12.0,22.0,50.0,31.0,41.0,73.0,25.0,110.0,23.0,96.0,48.0,182.0,2.0
2021-04-23,8.0,17.0,56.0,20.0,45.0,36.0,41.0,101.0,47.0,70.0,45.0,150.0,-1.0
2021-04-26,4.0,11.0,48.0,14.0,32.0,66.0,14.0,120.0,23.0,99.0,42.0,148.0,4.0
2021-04-30,27.0,21.0,31.0,34.0,38.0,54.0,16.0,128.0,19.0,89.0,50.0,214.0,-3.0
2021-05-03,9.0,20.0,30.0,12.0,22.0,54.0,12.0,90.0,27.0,64.0,23.0,141.0,3.0
2021-05-07,28.0,21.0,30.0,17.0,31.0,72.0,25.0,162.0,34.0,71.0,46.0,182.0,8.0
2021-05-10,5.0,21.0,18.0,9.0,20.0,72.0,13.0,76.0,25.0,37.0,18.0,152.0,0.0
2021-05-14,3.0,32.0,47.0,29.0,29.0,102.0,17.0,114.0,26.0,59.0,39.0,206.0,0.0
2021-05-17,7.0,24.0,34.0,30.0,15.0,81.0,6.0,80.0,30.0,32.0,28.0,193.0,5.0
2021-05-21,9.0,52.0,73.0,51.0,24.0,84.0,14.0,52.0,36.0,83.0,55.0,286.0,1.0
2021-05-24,22.0,59.0,44.0,25.0,11.0,69.0,12.0,39.0,46.0,50.0,29.0,154.0,7.0
2021-05-28,22.0,90.0,73.0,60.0,57.0,114.0,27.0,71.0,52.0,101.0,79.0,332.0,3.0
2021-05-31,17.0,62.0,69.0,43.0,51.0,88.0,6.0,62.0,46.0,92.0,51.0,217.0,-9.0
2021-06-04,23.0,73.0,54.0,19.0,52.0,112.0,22.0,44.0,54.0,112.0,57.0,262.0,7.0
2021-06-07,10.0,52.0,61.0,27.0,35.0,82.0,11.0,50.0,42.0,152.0,42.0,247.0,1.0
2021-06-11,15.0,88.0,75.0,38.0,60.0,78.0,16.0,43.0,55.0,150.0,51.0,386.0,3.0
2021-06-14,19.0,50.0,50.0,54.0,59.0,92.0,11.0,27.0,53.0,111.0,35.0,240.0,-4.0
2021-06-18,5.0,68.0,60.0,68.0,47.0,103.0,14.0,29.0,66.0,169.0,52.0,302.0,5.0
2021-06-21,4.0,47.0,43.0,34.0,44.0,66.0,16.0,17.0,34.0,102.0,18.0,214.0,-3.0
2021-06-25,6.0,41.0,62.0,57.0,32.0,37.0,25.0,40.0,42.0,152.0,48.0,240.0,-3.0
2021-06-28,4.0,65.0,47.0,40.0,29.0,82.0,18.0,15.0,33.0,126.0,35.0,197.0,0.0
2021-07-02,5.0,60.0,34.0,62.0,37.0,35.0,8.0,27.0,40.0,176.0,46.0,178.0,6.0
2021-07-05,5.0,69.0,32.0,43.0,27.0,30.0,13.0,17.0,27.0,142.0,34.0,125.0,-2.0
2021-07-09,12.0,59.0,58.0,31.0,35.0,39.0,15.0,6.0,40.0,171.0,44.0,143.0,4.0
2021-07-12,2.0,30.0,15.0,20.0,20.0,32.0,3.0,0.0,18.0,82.0,31.0,110.0,-4.0
2021-07-16,7.0,37.0,33.0,23.0,16.0,28.0,1.0,5.0,34.0,118.0,31.0,101.0,1.0
2021-07-19,1.0,22.0,15.0,17.0,8.0,22.0,0.0,7.0,15.0,78.0,14.0,61.0,-2.0
2021-07-23,5.0,46.0,32.0,21.0,22.0,20.0,0.0,2.0,12.0,85.0,20.0,160.0,1.0
2021-07-26,9.0,27.0,20.0,4.0,11.0,18.0,0.0,10.0,15.0,61.0,9.0,85.0,3.0
2021-07-30,9.0,17.0,27.0,13.0,14.0,10.0,3.0,3.0,12.0,106.0,12.0,95.0,-2.0
2021-08-02,5.0,10.0,8.0,7.0,11.0,3.0,0.0,2.0,8.0,38.0,8.0,52.0,2.0
2021-08-06,0.0,11.0,10.0,10.0,9.0,4.0,1.0,4.0,2.0,63.0,6.0,57.0,0.0
2021-08-09,0.0,11.0,5.0,5.0,8.0,5.0,0.0,2.0,1.0,24.0,6.0,31.0,0.0
2021-08-13,1.0,10.0,10.0,2.0,5.0,2.0,2.0,4.0,2.0,44.0,8.0,73.0,-1.0
2021-08-16,0.0,7.0,9.0,0.0,3.0,0.0,3.0,5.0,2.0,4.0,1.0,26.0,0.0
2021-08-20,0.0,4.0,3.0,1.0,8.0,0.0,1.0,1.0,3.0,23.0,2.0,43.0,-1.0
2021-08-23,0.0,1.0,4.0,1.0,2.0,0.0,0.0,2.0,2.0,6.0,0.0,16.0,0.0
2021-08-27,0.0,-1.0,7.0,11.0,2.0,2.0,0.0,4.0,0.0,9.0,1.0,12.0,-1.0
2021-08-30,0.0,0.0,5.0,6.0,1.0,4.0,0.0,9.0,1.0,10.0,4.0,13.0,0.0
2021-09-03,0.0,10.0,8.0,10.0,4.0,1.0,0.0,4.0,0.0,7.0,6.0,21.0,0.0
2021-09-06,0.0,3.0,2.0,2.0,0.0,1.0,0.0,1.0,0.0,6.0,4.0,14.0,-1.0
2021-09-10,0.0,5.0,0.0,1.0,1.0,1.0,1.0,0.0,1.0,14.0,-1.0,11.0,0.0
2021-09-13,0.0,1.0,0.0,1.0,0.0,1.0,0.0,0.0,0.0,8.0,4.0,3.0,0.0
2021-09-17,0.0,14.0,2.0,0.0,0.0,0.0,0.0,1.0,0.0,9.0,1.0,5.0,0.0
2021-09-20,0.0,5.0,0.0,0.0,1.0,0.0,0.0,0.0,1.0,7.0,0.0,5.0,0.0
2021-09-24,0.0,5.0,2.0,0.0,2.0,0.0,0.0,0.0,3.0,14.0,2.0,3.0,0.0
2021-09-27,0.0,0.0,6.0,1.0,0.0,1.0,0.0,0.0,14.0,3.0,2.0,5.0,0.0
2021-10-01,0.0,0.0,8.0,0.0,1.0,0.0,0.0,0.0,12.0,5.0,2.0,19.0,2.0
2021-10-04,0.0,2.0,5.0,0.0,0.0,1.0,1.0,1.0,4.0,1.0,7.0,12.0,-2.0
2021-10-08,0.0,0.0,4.0,0.0,0.0,6.0,0.0,5.0,3.0,2.0,6.0,23.0,-1.0
2021-10-11,0.0,1.0,4.0,0.0,1.0,12.0,0.0,4.0,0.0,3.0,4.0,22.0,1.0
2021-10-15,0.0,1.0,12.0,0.0,2.0,6.0,0.0,4.0,2.0,1.0,5.0,38.0,0.0
2021-10-18,0.0,0.0,14.0,0.0,2.0,1.0,8.0,3.0,3.0,0.0,1.0,32.0,-1.0
2021-10-22,0.0,1.0,24.0,2.0,4.0,5.0,6.0,5.0,6.0,1.0,12.0,62.0,0.0
2021-10-25,0.0,7.0,14.0,4.0,0.0,5.0,0.0,3.0,2.0,2.0,6.0,52.0,0.0
2021-10-29,1.0,10.0,28.0,0.0,10.0,1.0,3.0,2.0,6.0,3.0,15.0,57.0,0.0
2021-11-01,7.0,9.0,15.0,2.0,7.0,1.0,1.0,0.0,1.0,7.0,9.0,40.0,3.0
2021-11-05,6.0,10.0,14.0,9.0,24.0,0.0,2.0,2.0,3.0,17.0,14.0,53.0,-1.0
2021-11-08,2.0,15.0,14.0,1.0,23.0,0.0,2.0,4.0,6.0,19.0,15.0,52.0,0.0
2021-11-12,7.0,11.0,14.0,0.0,35.0,2.0,9.0,16.0,8.0,48.0,9.0,108.0,15.0
2021-11-15,3.0,11.0,4.0,3.0,40.0,6.0,3.0,18.0,6.0,30.0,6.0,254.0,-10.0
2021-11-19,5.0,7.0,6.0,1.0,29.0,10.0,1.0,14.0,6.0,42.0,12.0,149.0,-1.0
2021-11-22,8.0,9.0,14.0,1.0,18.0,8.0,0.0,24.0,12.0,21.0,16.0,75.0,4.0
2021-11-26,9.0,14.0,31.0,2.0,21.0,9.0,7.0,34.0,17.0,20.0,30.0,160.0,0.0
2021-11-29,2.0,5.0,10.0,2.0,8.0,7.0,5.0,-3.0,17.0,9.0,31.0,86.0,-22.0
2021-12-03,4.0,10.0,15.0,7.0,23.0,5.0,8.0,3.0,9.0,15.0,33.0,150.0,-16.0
2021-12-06,8.0,13.0,15.0,12.0,23.0,5.0,2.0,5.0,14.0,11.0,29.0,103.0,-8.0
2021-12-10,0.0,3.0,29.0,12.0,8.0,6.0,6.0,18.0,12.0,8.0,28.0,133.0,2.0
2021-12-13,4.0,5.0,12.0,7.0,6.0,2.0,3.0,12.0,9.0,11.0,21.0,99.0,-2.0
2021-12-17,5.0,12.0,4.0,8.0,15.0,2.0,2.0,9.0,14.0,9.0,17.0,102.0,2.0
2021-12-20,1.0,11.0,3.0,4.0,14.0,6.0,0.0,11.0,7.0,7.0,17.0,97.0,-1.0
2021-12-24,6.0,6.0,11.0,12.0,8.0,9.0,10.0,11.0,12.0,12.0,11.0,168.0,17.0
2021-12-27,0.0,4.0,14.0,8.0,8.0,11.0,5.0,7.0,13.0,8.0,7.0,123.0,-13.0
2021-12-31,11.0,2.0,8.0,15.0,9.0,11.0,14.0,7.0,13.0,12.0,7.0,135.0,9.0
2022-01-03,16.0,1.0,5.0,5.0,2.0,4.0,2.0,11.0,5.0,10.0,2.0,114.0,-4.0
2022-01-07,6.0,3.0,10.0,10.0,5.0,9.0,4.0,10.0,3.0,52.0,5.0,132.0,4.0
2022-01-10,3.0,12.0,12.0,7.0,14.0,15.0,0.0,11.0,3.0,79.0,9.0,105.0,1.0
2022-01-14,6.0,14.0,18.0,13.0,9.0,13.0,10.0,19.0,5.0,153.0,12.0,198.0,15.0
2022-01-17,9.0,15.0,15.0,10.0,25.0,6.0,4.0,34.0,7.0,56.0,13.0,209.0,-8.0
2022-01-21,1.0,8.0,38.0,22.0,34.0,6.0,9.0,38.0,4.0,128.0,23.0,391.0,60.0
2022-01-24,8.0,21.0,50.0,41.0,62.0,27.0,13.0,40.0,21.0,89.0,32.0,526.0,69.0
2022-01-28,13.0,43.0,115.0,73.0,90.0,52.0,17.0,96.0,60.0,162.0,92.0,1084.0,-151.0
2022-01-31,16.0,87.0,142.0,68.0,86.0,93.0,22.0,113.0,86.0,194.0,129.0,1043.0,0.0
2022-02-04,36.0,113.0,241.0,88.0,115.0,96.0,72.0,247.0,152.0,236.0,217.0,1612.0,1.0
2022-02-07,44.0,63.0,209.0,52.0,99.0,65.0,41.0,185.0,108.0,170.0,136.0,1551.0,0.0
2022-02-11,75.0,126.0,518.0,110.0,162.0,248.0,86.0,279.0,183.0,477.0,340.0,2535.0,0.0
2022-02-14,36.0,81.0,217.0,47.0,130.0,83.0,66.0,132.0,87.0,212.0,190.0,1952.0,0.0
2022-02-18,62.0,226.0,311.0,61.0,220.0,136.0,87.0,227.0,197.0,397.0,209.0,2511.0,0.0
2022-02-21,44.0,159.0,327.0,76.0,171.0,127.0,74.0,169.0,179.0,271.0,183.0,1710.0,0.0
2022-02-25,70.0,250.0,397.0,78.0,233.0,129.0,96.0,463.0,211.0,417.0,226.0,2009.0,0.0
2022-02-28,67.0,150.0,298.0,67.0,177.0,125.0,46.0,149.0,188.0,233.0,143.0,1337.0,0.0
2022-03-04,37.0,184.0,300.0,36.0,169.0,132.0,85.0,231.0,180.0,281.0,225.0,1411.0,1.0
2022-03-07,13.0,97.0,192.0,32.0,115.0,89.0,37.0,118.0,126.0,157.0,126.0,968.0,0.0
2022-03-11,25.0,93.0,188.0,76.0,123.0,165.0,59.0,130.0,103.0,224.0,145.0,945.0,0.0
2022-03-14,25.0,78.0,168.0,28.0,83.0,83.0,37.0,65.0,60.0,133.0,97.0,689.0,0.0
2022-03-18,14.0,59.0,199.0,34.0,126.0,112.0,32.0,95.0,86.0,204.0,102.0,737.0,0.0
2022-03-21,6.0,38.0,70.0,15.0,56.0,49.0,18.0,34.0,44.0,69.0,59.0,421.0,0.0
2022-03-25,7.0,24.0,76.0,21.0,31.0,99.0,7.0,62.0,68.0,100.0,64.0,410.0,-2.0
2022-03-28,2.0,13.0,32.0,10.0,26.0,24.0,11.0,26.0,30.0,43.0,36.0,204.0,0.0
2022-04-01,3.0,21.0,37.0,11.0,27.0,31.0,6.0,21.0,11.0,49.0,41.0,218.0,0.0
2022-04-04,4.0,4.0,18.0,9.0,27.0,11.0,3.0,7.0,24.0,17.0,21.0,154.0,0.0
2022-04-08,1.0,12.0,17.0,1.0,20.0,11.0,12.0,6.0,19.0,20.0,21.0,166.0,0.0
2022-04-11,1.0,4.0,17.0,2.0,9.0,9.0,2.0,5.0,11.0,6.0,11.0,106.0,0.0
2022-04-15,0.0,2.0,10.0,5.0,6.0,9.0,1.0,19.0,14.0,14.0,9.0,118.0,0.0
2022-04-18,0.0,2.0,5.0,0.0,4.0,0.0,0.0,6.0,6.0,6.0,2.0,43.0,0.0
2022-04-22,2.0,1.0,11.0,10.0,4.0,5.0,1.0,5.0,10.0,7.0,6.0,98.0,0.0
2022-04-25,0.0,2.0,2.0,0.0,6.0,4.0,1.0,6.0,2.0,2.0,2.0,48.0,0.0
2022-04-29,2.0,0.0,10.0,3.0,2.0,1.0,0.0,7.0,2.0,7.0,0.0,61.0,0.0
2022-05-02,0.0,3.0,3.0,0.0,2.0,2.0,0.0,6.0,0.0,4.0,2.0,60.0,0.0
2022-05-06,2.0,1.0,2.0,0.0,2.0,2.0,2.0,6.0,2.0,9.0,1.0,87.0,0.0
2022-05-09,2.0,1.0,5.0,0.0,0.0,5.0,2.0,9.0,2.0,1.0,3.0,83.0,0.0
2022-05-13,1.0,3.0,5.0,3.0,4.0,3.0,3.0,17.0,0.0,17.0,4.0,89.0,0.0
2022-05-16,0.0,3.0,2.0,0.0,2.0,6.0,2.0,2.0,1.0,7.0,4.0,83.0,0.0
2022-05-20,3.0,1.0,10.0,3.0,3.0,6.0,4.0,7.0,5.0,22.0,3.0,122.0,0.0
2022-05-23,1.0,2.0,8.0,0.0,3.0,4.0,4.0,6.0,4.0,19.0,8.0,102.0,0.0
2022-05-27,0.0,3.0,6.0,1.0,14.0,2.0,2.0,12.0,4.0,14.0,9.0,165.0,0.0
2022-05-30,1.0,0.0,5.0,0.0,5.0,2.0,3.0,12.0,2.0,8.0,11.0,158.0,0.0
2022-06-03,1.0,3.0,15.0,9.0,18.0,5.0,9.0,20.0,6.0,21.0,10.0,257.0,0.0
2022-06-06,1.0,0.0,16.0,1.0,4.0,-1.0,6.0,18.0,4.0,9.0,5.0,217.0,0.0
2022-06-10,0.0,9.0,16.0,2.0,19.0,12.0,15.0,19.0,10.0,30.0,10.0,328.0,0.0
2022-06-13,1.0,11.0,9.0,1.0,15.0,6.0,5.0,23.0,8.0,15.0,13.0,287.0,0.0
2022-06-17,1.0,23.0,20.0,11.0,35.0,10.0,16.0,17.0,19.0,31.0,15.0,468.0,1.0
2022-06-20,0.0,16.0,36.0,4.0,9.0,19.0,7.0,31.0,5.0,16.0,10.0,366.0,0.0
2022-06-24,6.0,16.0,50.0,3.0,25.0,12.0,15.0,38.0,13.0,19.0,11.0,437.0,0.0
2022-06-27,4.0,18.0,37.0,8.0,20.0,17.0,6.0,33.0,11.0,21.0,19.0,512.0,0.0
2022-07-01,21.0,15.0,35.0,3.0,36.0,17.0,16.0,35.0,19.0,26.0,27.0,436.0,0.0
2022-07-04,7.0,26.0,40.0,11.0,31.0,26.0,14.0,37.0,15.0,29.0,31.0,420.0,0.0
2022-07-08,5.0,29.0,51.0,19.0,25.0,18.0,15.0,34.0,33.0,32.0,33.0,491.0,0.0
2022-07-11,6.0,17.0,25.0,10.0,20.0,20.0,12.0,23.0,33.0,24.0,33.0,358.0,0.0
2022-07-15,3.0,23.0,66.0,37.0,50.0,24.0,17.0,44.0,30.0,33.0,36.0,350.0,0.0
2022-07-18,8.0,21.0,21.0,24.0,20.0,22.0,11.0,27.0,21.0,31.0,22.0,280.0,0.0
2022-07-22,13.0,25.0,55.0,22.0,19.0,16.0,15.0,36.0,16.0,42.0,42.0,384.0,0.0
2022-07-25,17.0,17.0,55.0,24.0,22.0,18.0,12.0,49.0,15.0,36.0,44.0,294.0,0.0
2022-07-29,20.0,46.0,82.0,58.0,48.0,24.0,12.0,51.0,31.0,55.0,53.0,511.0,0.0
2022-08-01,3.0,49.0,47.0,15.0,26.0,20.0,18.0,41.0,22.0,42.0,31.0,397.0,0.0
2022-08-05,15.0,97.0,80.0,31.0,41.0,21.0,25.0,74.0,71.0,134.0,93.0,605.0,0.0
2022-08-08,22.0,68.0,81.0,23.0,40.0,62.0,18.0,69.0,36.0,101.0,79.0,508.0,0.0
2022-08-12,58.0,98.0,151.0,43.0,79.0,82.0,38.0,156.0,88.0,204.0,106.0,817.0,0.0
2022-08-15,27.0,47.0,107.0,21.0,41.0,54.0,27.0,98.0,58.0,136.0,84.0,598.0,0.0
2022-08-19,35.0,53.0,127.0,17.0,49.0,40.0,16.0,96.0,73.0,129.0,69.0,557.0,0.0
2022-08-22,8.0,30.0,58.0,23.0,37.0,42.0,35.0,59.0,32.0,105.0,69.0,438.0,0.0
2022-08-26,7.0,36.0,86.0,29.0,42.0,46.0,17.0,100.0,44.0,107.0,69.0,505.0,0.0
2022-08-29,4.0,26.0,46.0,29.0,17.0,36.0,20.0,44.0,31.0,53.0,47.0,284.0,0.0
2022-09-02,1.0,23.0,59.0,23.0,32.0,42.0,17.0,46.0,29.0,54.0,54.0,313.0,0.0
2022-09-05,3.0,21.0,22.0,15.0,14.0,19.0,10.0,19.0,20.0,36.0,34.0,214.0,0.0
2022-09-09,3.0,13.0,33.0,18.0,31.0,16.0,8.0,36.0,19.0,57.0,43.0,288.0,0.0
2022-09-12,2.0,4.0,24.0,13.0,12.0,8.0,10.0,16.0,2.0,27.0,31.0,156.0,0.0
2022-09-19,3.0,21.0,39.0,31.0,29.0,16.0,15.0,43.0,17.0,64.0,37.0,324.0,0.0
2022-09-23,1.0,17.0,30.0,5.0,9.0,5.0,11.0,17.0,11.0,46.0,20.0,130.0,0.0
2022-09-26,2.0,11.0,14.0,13.0,26.0,10.0,7.0,22.0,13.0,33.0,20.0,151.0,0.0
2022-10-03,10.0,25.0,49.0,20.0,39.0,11.0,9.0,34.0,14.0,58.0,46.0,267.0,0.0
2022-10-10,3.0,16.0,20.0,15.0,17.0,23.0,17.0,33.0,13.0,51.0,48.0,284.0,0.0
2022-10-14,1.0,8.0,21.0,4.0,29.0,16.0,15.0,14.0,11.0,27.0,24.0,200.0,0.0
2022-10-17,2.0,5.0,28.0,5.0,17.0,7.0,2.0,6.0,8.0,22.0,18.0,176.0,0.0
2022-10-21,6.0,13.0,39.0,7.0,20.0,21.0,18.0,29.0,14.0,56.0,32.0,321.0,0.0
2022-10-24,4.0,9.0,18.0,4.0,14.0,13.0,6.0,24.0,18.0,35.0,21.0,312.0,0.0
2022-10-28,8.0,12.0,32.0,5.0,42.0,17.0,28.0,43.0,24.0,78.0,35.0,515.0,1.0
2022-10-31,3.0,5.0,22.0,2.0,18.0,18.0,12.0,24.0,16.0,44.0,20.0,311.0,-1.0
2022-11-04,5.0,7.0,25.0,5.0,32.0,14.0,14.0,23.0,6.0,58.0,28.0,320.0,0.0
2022-11-07,6.0,11.0,24.0,7.0,35.0,9.0,7.0,33.0,16.0,54.0,30.0,433.0,0.0
2022-11-11,10.0,19.0,26.0,5.0,29.0,29.0,26.0,44.0,9.0,72.0,46.0,501.0,0.0
2022-11-14,8.0,17.0,27.0,4.0,32.0,30.0,15.0,15.0,12.0,33.0,16.0,232.0,0.0
2022-11-18,13.0,30.0,42.0,11.0,60.0,24.0,19.0,34.0,15.0,64.0,33.0,414.0,0.0
2022-11-21,4.0,12.0,42.0,-1.0,18.0,11.0,7.0,29.0,11.0,27.0,14.0,247.0,0.0
2022-11-25,4.0,28.0,50.0,6.0,57.0,30.0,13.0,51.0,7.0,59.0,35.0,394.0,0.0
2022-11-28,3.0,18.0,32.0,9.0,24.0,7.0,10.0,37.0,14.0,32.0,27.0,197.0,1.0
2022-12-02,7.0,21.0,43.0,6.0,33.0,26.0,12.0,37.0,9.0,55.0,23.0,338.0,-1.0
2022-12-05,0.0,13.0,28.0,7.0,15.0,9.0,1.0,19.0,7.0,41.0,17.0,160.0,0.0
2022-12-09,4.0,24.0,42.0,9.0,30.0,10.0,9.0,23.0,1.0,42.0,28.0,288.0,0.0
2022-12-12,2.0,13.0,26.0,4.0,12.0,6.0,5.0,15.0,1.0,27.0,32.0,136.0,0.0
2022-12-16,3.0,20.0,49.0,7.0,21.0,26.0,10.0,28.0,4.0,42.0,48.0,276.0,0.0
2022-12-19,0.0,11.0,26.0,2.0,29.0,5.0,3.0,16.0,8.0,41.0,29.0,129.0,0.0
2022-12-23,2.0,27.0,47.0,7.0,29.0,9.0,13.0,21.0,21.0,70.0,46.0,231.0,1.0
2022-12-26,4.0,12.0,33.0,5.0,4.0,8.0,3.0,13.0,11.0,33.0,24.0,107.0,0.0
2022-12-30,7.0,69.0,70.0,26.0,37.0,26.0,8.0,34.0,19.0,63.0,50.0,272.0,0.0
2023-01-05,4.0,60.0,61.0,14.0,23.0,15.0,14.0,27.0,17.0,42.0,38.0,207.0,0.0
2023-01-09,5.0,34.0,26.0,0.0,13.0,13.0,10.0,11.0,3.0,37.0,19.0,80.0,0.0
