,Alhue,Buin,Calera de Tango,Cerrillos,Cerro Navia,Colina,Conchali,Curacavi,El Bosque,El Monte,Estacion Central,Huechuraba,Independencia,Isla de Maipo,La Cisterna,La Florida,La Granja,La Pintana,La Reina,Lampa,Las Condes,Lo Barnechea,Lo Espejo,Lo Prado,Macul,Maipu,Maria Pinto,Melipilla,Nunoa,Padre Hurtado,Paine,Pedro Aguirre Cerda,Penaflor,Penalolen,Pirque,Providencia,Pudahuel,Puente Alto,Quilicura,Quinta Normal,Recoleta,Renca,San Bernardo,San Joaquin,San Jose de Maipo,San Miguel,San Pedro,San Ramon,Santiago,Talagante,Tiltil,Vitacura,Desconocido Metropolitana,Total
2020-06-15,0.0,2.0,0.0,5.0,18.0,6.0,8.0,0.0,13.0,0.0,5.0,11.0,12.0,3.0,10.0,14.0,16.0,14.0,5.0,2.0,7.0,2.0,5.0,5.0,8.0,17.0,0.0,5.0,9.0,2.0,1.0,7.0,4.0,20.0,1.0,8.0,17.0,27.0,6.0,11.0,29.0,16.0,24.0,7.0,0.0,3.0,0.0,5.0,12.0,4.0,1.0,4.0,0.0,411.0
2020-06-19,1.0,6.0,1.0,7.0,13.0,5.0,29.0,2.0,20.0,7.0,21.0,9.0,21.0,3.0,8.0,27.0,14.0,31.0,6.0,5.0,13.0,10.0,22.0,12.0,9.0,25.0,0.0,12.0,26.0,2.0,2.0,28.0,9.0,24.0,4.0,8.0,11.0,48.0,9.0,15.0,30.0,24.0,29.0,11.0,-1.0,11.0,1.0,11.0,24.0,2.0,1.0,6.0,0.0,674.0
2020-06-23,0.0,2.0,1.0,4.0,14.0,8.0,12.0,0.0,8.0,0.0,5.0,12.0,10.0,0.0,9.0,20.0,9.0,15.0,2.0,4.0,14.0,4.0,5.0,4.0,6.0,25.0,0.0,1.0,11.0,4.0,4.0,12.0,3.0,10.0,0.0,5.0,12.0,21.0,7.0,6.0,6.0,4.0,14.0,4.0,0.0,9.0,0.0,10.0,9.0,5.0,1.0,1.0,0.0,352.0
2020-06-28,0.0,12.0,1.0,7.0,51.0,17.0,34.0,4.0,41.0,10.0,23.0,18.0,11.0,1.0,22.0,71.0,31.0,63.0,12.0,6.0,61.0,10.0,25.0,26.0,32.0,49.0,0.0,16.0,50.0,13.0,7.0,45.0,30.0,45.0,2.0,10.0,36.0,89.0,22.0,27.0,56.0,43.0,49.0,23.0,2.0,15.0,0.0,5.0,30.0,12.0,3.0,12.0,0.0,1280.0
2020-07-01,0.0,3.0,0.0,9.0,10.0,8.0,12.0,0.0,14.0,3.0,4.0,4.0,11.0,0.0,5.0,21.0,9.0,11.0,5.0,4.0,20.0,2.0,13.0,13.0,8.0,17.0,2.0,3.0,13.0,2.0,4.0,6.0,4.0,10.0,2.0,12.0,12.0,27.0,8.0,12.0,12.0,18.0,18.0,4.0,0.0,8.0,0.0,10.0,18.0,7.0,0.0,3.0,0.0,421.0
2020-07-05,1.0,5.0,2.0,2.0,11.0,11.0,11.0,1.0,12.0,4.0,14.0,7.0,16.0,0.0,2.0,31.0,8.0,30.0,5.0,5.0,23.0,7.0,10.0,6.0,10.0,20.0,1.0,13.0,8.0,1.0,2.0,9.0,8.0,24.0,11.0,11.0,18.0,48.0,11.0,6.0,15.0,12.0,19.0,9.0,1.0,2.0,0.0,12.0,24.0,3.0,0.0,7.0,0.0,529.0
2020-07-10,0.0,4.0,1.0,5.0,14.0,3.0,7.0,2.0,9.0,5.0,4.0,7.0,7.0,2.0,11.0,25.0,9.0,13.0,4.0,3.0,11.0,4.0,13.0,7.0,6.0,23.0,0.0,4.0,12.0,6.0,7.0,12.0,5.0,22.0,2.0,7.0,7.0,26.0,7.0,6.0,14.0,10.0,19.0,16.0,1.0,10.0,0.0,6.0,14.0,7.0,1.0,1.0,0.0,421.0
2020-07-13,1.0,7.0,0.0,4.0,6.0,3.0,4.0,1.0,14.0,0.0,5.0,4.0,7.0,2.0,0.0,21.0,5.0,16.0,5.0,3.0,7.0,3.0,11.0,6.0,13.0,17.0,0.0,7.0,10.0,0.0,1.0,9.0,3.0,11.0,1.0,7.0,11.0,25.0,6.0,7.0,9.0,4.0,13.0,4.0,0.0,6.0,0.0,5.0,3.0,2.0,1.0,3.0,0.0,313.0
2020-07-17,0.0,3.0,0.0,4.0,3.0,2.0,8.0,0.0,6.0,1.0,3.0,3.0,3.0,0.0,2.0,20.0,3.0,6.0,3.0,-1.0,6.0,1.0,8.0,0.0,2.0,9.0,0.0,7.0,7.0,1.0,1.0,1.0,2.0,11.0,0.0,8.0,6.0,14.0,0.0,5.0,4.0,9.0,7.0,9.0,0.0,8.0,0.0,1.0,6.0,3.0,1.0,4.0,0.0,210.0
2020-07-20,0.0,3.0,1.0,1.0,4.0,5.0,6.0,0.0,6.0,0.0,5.0,3.0,5.0,0.0,2.0,12.0,6.0,7.0,3.0,0.0,3.0,1.0,6.0,1.0,6.0,11.0,0.0,5.0,6.0,1.0,2.0,5.0,2.0,5.0,0.0,3.0,4.0,16.0,7.0,3.0,2.0,8.0,5.0,1.0,1.0,6.0,0.0,6.0,12.0,2.0,0.0,0.0,0.0,199.0
2020-07-24,0.0,1.0,0.0,2.0,4.0,1.0,6.0,0.0,4.0,2.0,3.0,0.0,5.0,0.0,2.0,8.0,1.0,2.0,3.0,0.0,6.0,1.0,4.0,2.0,2.0,8.0,0.0,9.0,9.0,1.0,2.0,5.0,5.0,11.0,2.0,1.0,10.0,11.0,3.0,6.0,5.0,7.0,12.0,5.0,1.0,1.0,0.0,8.0,5.0,0.0,0.0,2.0,0.0,188.0
2020-07-27,0.0,1.0,0.0,6.0,4.0,1.0,3.0,1.0,-1.0,0.0,5.0,1.0,6.0,0.0,1.0,4.0,2.0,3.0,1.0,0.0,9.0,2.0,2.0,1.0,0.0,15.0,0.0,2.0,7.0,0.0,3.0,4.0,5.0,6.0,0.0,5.0,8.0,15.0,4.0,3.0,2.0,4.0,6.0,0.0,0.0,4.0,1.0,2.0,8.0,2.0,0.0,3.0,0.0,161.0
2020-07-31,0.0,1.0,0.0,0.0,10.0,4.0,4.0,1.0,3.0,1.0,-1.0,2.0,6.0,0.0,2.0,12.0,4.0,8.0,3.0,1.0,2.0,2.0,2.0,1.0,3.0,10.0,1.0,3.0,3.0,0.0,0.0,3.0,6.0,10.0,0.0,5.0,3.0,11.0,3.0,4.0,2.0,8.0,6.0,2.0,0.0,2.0,0.0,1.0,5.0,1.0,0.0,1.0,0.0,161.0
2020-08-03,0.0,3.0,0.0,1.0,3.0,2.0,6.0,0.0,6.0,1.0,4.0,2.0,4.0,1.0,1.0,8.0,5.0,7.0,0.0,1.0,5.0,0.0,0.0,2.0,0.0,11.0,0.0,0.0,4.0,0.0,1.0,5.0,1.0,4.0,1.0,5.0,8.0,8.0,4.0,0.0,6.0,11.0,5.0,0.0,-1.0,-1.0,0.0,2.0,2.0,1.0,0.0,0.0,0.0,139.0
2020-08-07,0.0,1.0,0.0,2.0,8.0,2.0,3.0,0.0,5.0,1.0,3.0,2.0,3.0,1.0,5.0,9.0,2.0,3.0,1.0,1.0,9.0,2.0,3.0,5.0,0.0,6.0,0.0,3.0,2.0,2.0,2.0,2.0,2.0,5.0,1.0,1.0,5.0,16.0,3.0,2.0,2.0,2.0,6.0,2.0,2.0,3.0,0.0,5.0,1.0,2.0,1.0,0.0,0.0,149.0
2020-08-10,1.0,0.0,1.0,0.0,5.0,2.0,1.0,1.0,1.0,0.0,2.0,1.0,3.0,0.0,2.0,8.0,5.0,3.0,1.0,0.0,6.0,2.0,4.0,2.0,1.0,5.0,2.0,-1.0,1.0,0.0,0.0,5.0,1.0,3.0,1.0,3.0,5.0,9.0,0.0,3.0,1.0,3.0,0.0,1.0,0.0,2.0,0.0,2.0,2.0,0.0,0.0,0.0,0.0,100.0
2020-08-14,0.0,3.0,0.0,2.0,2.0,0.0,4.0,0.0,6.0,0.0,1.0,0.0,1.0,0.0,5.0,4.0,0.0,4.0,3.0,1.0,5.0,0.0,0.0,4.0,3.0,12.0,0.0,1.0,7.0,1.0,0.0,1.0,1.0,0.0,0.0,3.0,4.0,6.0,2.0,-1.0,0.0,4.0,5.0,2.0,0.0,3.0,0.0,0.0,0.0,1.0,0.0,0.0,0.0,100.0
2020-08-17,0.0,0.0,1.0,0.0,1.0,1.0,2.0,0.0,2.0,2.0,2.0,0.0,5.0,1.0,4.0,9.0,3.0,2.0,0.0,0.0,3.0,2.0,1.0,0.0,2.0,8.0,0.0,3.0,1.0,0.0,1.0,2.0,3.0,3.0,0.0,2.0,0.0,7.0,4.0,0.0,0.0,4.0,4.0,1.0,0.0,2.0,0.0,3.0,0.0,0.0,0.0,0.0,0.0,91.0
2020-08-21,0.0,0.0,0.0,1.0,2.0,2.0,3.0,0.0,4.0,0.0,1.0,0.0,3.0,1.0,1.0,11.0,2.0,4.0,2.0,0.0,5.0,0.0,4.0,1.0,3.0,4.0,0.0,2.0,6.0,3.0,0.0,5.0,1.0,3.0,1.0,3.0,0.0,5.0,2.0,2.0,3.0,3.0,7.0,2.0,0.0,2.0,0.0,3.0,2.0,2.0,0.0,0.0,0.0,111.0
2020-08-24,0.0,1.0,1.0,3.0,1.0,3.0,4.0,1.0,1.0,0.0,0.0,3.0,4.0,0.0,0.0,4.0,0.0,1.0,0.0,1.0,4.0,0.0,3.0,3.0,3.0,8.0,0.0,0.0,3.0,0.0,2.0,2.0,3.0,2.0,1.0,2.0,2.0,7.0,1.0,1.0,2.0,2.0,3.0,1.0,0.0,2.0,0.0,2.0,1.0,1.0,0.0,1.0,0.0,90.0
2020-08-28,0.0,2.0,0.0,1.0,6.0,1.0,6.0,1.0,4.0,0.0,1.0,1.0,5.0,0.0,3.0,8.0,1.0,4.0,0.0,0.0,5.0,0.0,2.0,4.0,3.0,8.0,0.0,2.0,6.0,4.0,1.0,4.0,8.0,1.0,0.0,1.0,4.0,8.0,2.0,3.0,3.0,3.0,2.0,2.0,0.0,4.0,0.0,2.0,2.0,0.0,0.0,0.0,0.0,128.0
2020-08-31,0.0,0.0,0.0,1.0,0.0,2.0,3.0,1.0,3.0,0.0,1.0,3.0,1.0,1.0,4.0,2.0,2.0,1.0,0.0,0.0,1.0,1.0,3.0,0.0,3.0,2.0,0.0,2.0,3.0,2.0,2.0,1.0,2.0,0.0,0.0,0.0,0.0,-1.0,4.0,2.0,7.0,0.0,6.0,1.0,1.0,3.0,0.0,0.0,3.0,1.0,0.0,1.0,0.0,75.0
2020-09-04,0.0,0.0,1.0,3.0,5.0,2.0,0.0,0.0,3.0,1.0,1.0,1.0,2.0,1.0,3.0,7.0,1.0,1.0,0.0,0.0,2.0,1.0,1.0,2.0,0.0,6.0,0.0,0.0,2.0,1.0,0.0,3.0,3.0,2.0,0.0,4.0,3.0,9.0,7.0,5.0,3.0,1.0,4.0,2.0,0.0,6.0,0.0,0.0,1.0,0.0,1.0,0.0,0.0,101.0
2020-09-07,0.0,3.0,0.0,1.0,2.0,1.0,3.0,0.0,4.0,0.0,3.0,3.0,2.0,0.0,0.0,4.0,1.0,2.0,0.0,1.0,4.0,0.0,3.0,2.0,1.0,5.0,0.0,0.0,2.0,0.0,0.0,2.0,4.0,2.0,0.0,2.0,1.0,8.0,2.0,0.0,2.0,3.0,2.0,1.0,0.0,2.0,0.0,0.0,1.0,0.0,0.0,0.0,0.0,79.0
2020-09-11,0.0,2.0,0.0,1.0,0.0,2.0,2.0,0.0,4.0,0.0,0.0,0.0,4.0,1.0,0.0,5.0,1.0,1.0,1.0,2.0,1.0,2.0,2.0,1.0,1.0,14.0,0.0,2.0,3.0,1.0,1.0,1.0,2.0,1.0,0.0,2.0,3.0,17.0,1.0,2.0,2.0,2.0,3.0,2.0,1.0,4.0,0.0,2.0,1.0,1.0,0.0,0.0,0.0,101.0
2020-09-14,1.0,1.0,0.0,1.0,1.0,1.0,1.0,0.0,0.0,0.0,1.0,2.0,1.0,0.0,0.0,6.0,1.0,4.0,1.0,0.0,0.0,0.0,0.0,2.0,0.0,5.0,0.0,1.0,2.0,2.0,2.0,3.0,1.0,1.0,0.0,1.0,3.0,14.0,1.0,3.0,6.0,2.0,1.0,2.0,0.0,0.0,0.0,1.0,1.0,0.0,0.0,1.0,0.0,77.0
2020-09-18,0.0,1.0,0.0,4.0,4.0,1.0,5.0,3.0,4.0,0.0,0.0,-1.0,4.0,0.0,-2.0,5.0,0.0,0.0,0.0,2.0,3.0,3.0,1.0,1.0,1.0,11.0,0.0,1.0,3.0,0.0,1.0,-2.0,1.0,6.0,0.0,-1.0,-3.0,5.0,0.0,2.0,2.0,3.0,3.0,5.0,0.0,4.0,0.0,3.0,0.0,1.0,0.0,0.0,0.0,84.0
2020-09-21,0.0,1.0,0.0,2.0,0.0,0.0,0.0,0.0,3.0,0.0,0.0,0.0,2.0,0.0,0.0,3.0,1.0,1.0,0.0,0.0,1.0,2.0,3.0,0.0,1.0,3.0,0.0,2.0,2.0,0.0,0.0,0.0,0.0,2.0,0.0,0.0,2.0,6.0,0.0,0.0,3.0,0.0,1.0,1.0,0.0,1.0,0.0,1.0,1.0,0.0,0.0,0.0,0.0,45.0
2020-09-25,0.0,5.0,0.0,3.0,2.0,4.0,1.0,0.0,5.0,2.0,1.0,2.0,1.0,0.0,1.0,9.0,4.0,5.0,0.0,0.0,1.0,3.0,3.0,3.0,0.0,9.0,0.0,0.0,2.0,0.0,3.0,1.0,4.0,2.0,0.0,2.0,2.0,6.0,2.0,0.0,1.0,4.0,2.0,1.0,1.0,0.0,0.0,2.0,2.0,1.0,0.0,0.0,0.0,102.0
2020-09-28,0.0,3.0,0.0,1.0,3.0,1.0,0.0,1.0,2.0,0.0,0.0,2.0,2.0,0.0,1.0,7.0,2.0,2.0,2.0,0.0,3.0,0.0,2.0,1.0,1.0,5.0,0.0,1.0,3.0,0.0,6.0,2.0,1.0,4.0,0.0,1.0,4.0,7.0,1.0,0.0,3.0,0.0,5.0,2.0,0.0,4.0,0.0,2.0,1.0,0.0,0.0,1.0,0.0,89.0
2020-10-02,0.0,1.0,0.0,2.0,2.0,1.0,1.0,0.0,1.0,1.0,1.0,0.0,2.0,0.0,1.0,5.0,3.0,5.0,2.0,0.0,9.0,1.0,3.0,0.0,1.0,13.0,0.0,0.0,3.0,0.0,1.0,2.0,0.0,2.0,0.0,0.0,1.0,4.0,0.0,2.0,0.0,2.0,2.0,-1.0,0.0,2.0,0.0,0.0,3.0,1.0,0.0,0.0,0.0,79.0
2020-10-05,0.0,0.0,0.0,1.0,1.0,0.0,3.0,0.0,4.0,0.0,2.0,2.0,0.0,0.0,0.0,5.0,1.0,1.0,1.0,1.0,4.0,0.0,1.0,1.0,0.0,4.0,1.0,2.0,4.0,1.0,1.0,2.0,1.0,2.0,0.0,0.0,1.0,10.0,1.0,0.0,2.0,0.0,2.0,0.0,2.0,3.0,0.0,0.0,1.0,0.0,0.0,0.0,0.0,68.0
2020-10-09,0.0,0.0,1.0,1.0,2.0,2.0,2.0,0.0,2.0,1.0,0.0,4.0,1.0,0.0,0.0,6.0,2.0,6.0,1.0,1.0,5.0,0.0,0.0,2.0,2.0,10.0,0.0,0.0,6.0,1.0,1.0,1.0,2.0,0.0,0.0,1.0,2.0,9.0,1.0,2.0,3.0,0.0,3.0,2.0,0.0,1.0,0.0,0.0,3.0,0.0,1.0,1.0,0.0,91.0
2020-10-12,0.0,2.0,1.0,0.0,1.0,1.0,5.0,0.0,3.0,0.0,1.0,0.0,1.0,1.0,1.0,3.0,1.0,3.0,0.0,0.0,2.0,0.0,0.0,0.0,0.0,4.0,0.0,1.0,0.0,2.0,0.0,3.0,2.0,4.0,1.0,1.0,2.0,10.0,3.0,1.0,3.0,1.0,2.0,1.0,0.0,2.0,0.0,2.0,0.0,1.0,0.0,0.0,0.0,72.0
2020-10-16,1.0,2.0,0.0,1.0,1.0,0.0,2.0,1.0,1.0,1.0,0.0,1.0,1.0,0.0,1.0,4.0,0.0,3.0,1.0,0.0,5.0,0.0,0.0,0.0,2.0,5.0,0.0,2.0,1.0,0.0,1.0,0.0,1.0,2.0,0.0,1.0,1.0,5.0,1.0,0.0,1.0,2.0,2.0,1.0,2.0,2.0,0.0,2.0,3.0,3.0,0.0,0.0,0.0,66.0
2020-10-19,0.0,1.0,0.0,0.0,2.0,0.0,3.0,0.0,1.0,1.0,1.0,1.0,1.0,0.0,3.0,1.0,1.0,2.0,1.0,-1.0,1.0,0.0,2.0,0.0,1.0,5.0,0.0,0.0,1.0,0.0,0.0,1.0,1.0,0.0,0.0,0.0,2.0,8.0,1.0,0.0,0.0,1.0,3.0,0.0,1.0,1.0,0.0,1.0,1.0,0.0,0.0,0.0,1.0,50.0
2020-10-24,0.0,2.0,1.0,0.0,1.0,0.0,2.0,0.0,4.0,1.0,0.0,1.0,-1.0,1.0,3.0,1.0,2.0,9.0,0.0,0.0,4.0,0.0,3.0,3.0,2.0,15.0,0.0,2.0,4.0,0.0,2.0,2.0,0.0,1.0,1.0,0.0,2.0,7.0,2.0,2.0,2.0,1.0,0.0,2.0,1.0,4.0,0.0,3.0,0.0,2.0,0.0,1.0,0.0,95.0
2020-10-26,0.0,0.0,0.0,0.0,2.0,2.0,1.0,0.0,0.0,0.0,0.0,0.0,0.0,0.0,0.0,3.0,0.0,0.0,0.0,0.0,7.0,0.0,1.0,2.0,1.0,7.0,0.0,0.0,2.0,0.0,0.0,0.0,2.0,1.0,0.0,0.0,1.0,3.0,2.0,1.0,2.0,0.0,1.0,1.0,1.0,0.0,0.0,1.0,5.0,0.0,0.0,0.0,0.0,49.0
2020-10-30,0.0,0.0,0.0,0.0,3.0,3.0,2.0,0.0,2.0,0.0,0.0,0.0,0.0,2.0,2.0,3.0,3.0,3.0,0.0,2.0,1.0,0.0,2.0,1.0,3.0,6.0,0.0,0.0,1.0,0.0,0.0,1.0,0.0,0.0,0.0,1.0,3.0,5.0,2.0,0.0,2.0,1.0,1.0,1.0,0.0,0.0,1.0,1.0,0.0,1.0,0.0,0.0,0.0,59.0
2020-11-02,0.0,1.0,0.0,2.0,3.0,0.0,7.0,1.0,8.0,1.0,8.0,3.0,4.0,0.0,0.0,12.0,8.0,7.0,0.0,3.0,6.0,4.0,6.0,3.0,2.0,6.0,0.0,5.0,12.0,0.0,1.0,2.0,3.0,6.0,1.0,2.0,6.0,18.0,2.0,0.0,1.0,3.0,6.0,3.0,0.0,2.0,0.0,2.0,7.0,1.0,0.0,0.0,-1.0,177.0
2020-11-06,0.0,1.0,0.0,1.0,0.0,0.0,3.0,0.0,1.0,0.0,0.0,0.0,5.0,1.0,2.0,4.0,2.0,3.0,0.0,2.0,4.0,1.0,5.0,1.0,2.0,5.0,0.0,1.0,1.0,0.0,2.0,1.0,1.0,1.0,0.0,2.0,2.0,4.0,1.0,1.0,1.0,1.0,2.0,1.0,0.0,2.0,0.0,3.0,0.0,2.0,0.0,0.0,0.0,72.0
2020-11-09,0.0,1.0,1.0,0.0,3.0,0.0,2.0,1.0,1.0,1.0,2.0,0.0,2.0,0.0,0.0,4.0,1.0,1.0,1.0,0.0,3.0,1.0,1.0,1.0,0.0,4.0,0.0,1.0,0.0,0.0,1.0,1.0,0.0,4.0,0.0,1.0,0.0,4.0,1.0,1.0,3.0,3.0,2.0,1.0,0.0,2.0,0.0,1.0,2.0,2.0,0.0,0.0,0.0,61.0
2020-11-13,0.0,1.0,0.0,1.0,2.0,1.0,2.0,0.0,0.0,0.0,3.0,1.0,4.0,0.0,3.0,4.0,0.0,2.0,1.0,0.0,2.0,0.0,2.0,1.0,0.0,11.0,0.0,2.0,4.0,0.0,1.0,1.0,2.0,2.0,0.0,0.0,1.0,3.0,3.0,0.0,0.0,2.0,3.0,2.0,1.0,3.0,0.0,1.0,3.0,0.0,0.0,0.0,0.0,75.0
2020-11-16,0.0,0.0,0.0,1.0,2.0,1.0,2.0,1.0,0.0,0.0,0.0,2.0,3.0,0.0,1.0,1.0,2.0,4.0,2.0,2.0,2.0,0.0,0.0,2.0,0.0,3.0,0.0,0.0,2.0,0.0,0.0,0.0,1.0,1.0,1.0,1.0,1.0,0.0,0.0,2.0,2.0,0.0,1.0,1.0,0.0,1.0,1.0,1.0,2.0,1.0,0.0,1.0,0.0,51.0
2020-11-20,0.0,1.0,0.0,0.0,3.0,0.0,1.0,0.0,2.0,1.0,2.0,0.0,1.0,0.0,2.0,7.0,3.0,2.0,0.0,0.0,1.0,0.0,1.0,1.0,0.0,6.0,0.0,0.0,2.0,0.0,2.0,1.0,0.0,1.0,0.0,1.0,0.0,1.0,1.0,3.0,4.0,0.0,1.0,3.0,0.0,4.0,0.0,1.0,2.0,0.0,0.0,1.0,0.0,62.0
2020-11-23,0.0,0.0,0.0,0.0,1.0,0.0,1.0,0.0,0.0,2.0,0.0,0.0,1.0,0.0,1.0,3.0,0.0,2.0,0.0,0.0,2.0,0.0,4.0,1.0,0.0,3.0,0.0,0.0,1.0,0.0,0.0,1.0,0.0,1.0,0.0,0.0,0.0,6.0,2.0,0.0,1.0,0.0,0.0,0.0,0.0,0.0,0.0,2.0,1.0,0.0,0.0,0.0,0.0,36.0
2020-11-27,0.0,0.0,0.0,0.0,0.0,0.0,3.0,0.0,2.0,0.0,0.0,2.0,1.0,0.0,1.0,4.0,2.0,2.0,0.0,0.0,1.0,0.0,2.0,2.0,2.0,7.0,0.0,0.0,4.0,1.0,3.0,0.0,1.0,2.0,0.0,1.0,0.0,2.0,3.0,1.0,2.0,1.0,5.0,2.0,2.0,1.0,0.0,4.0,0.0,1.0,0.0,1.0,0.0,68.0
2020-11-30,0.0,1.0,0.0,2.0,1.0,2.0,3.0,0.0,3.0,0.0,0.0,0.0,1.0,0.0,0.0,0.0,1.0,1.0,2.0,1.0,2.0,1.0,1.0,1.0,1.0,5.0,0.0,1.0,1.0,0.0,0.0,2.0,1.0,1.0,0.0,0.0,0.0,3.0,0.0,0.0,2.0,0.0,0.0,1.0,1.0,3.0,0.0,2.0,2.0,0.0,0.0,0.0,0.0,49.0
2020-12-04,0.0,2.0,0.0,1.0,0.0,2.0,1.0,0.0,3.0,0.0,2.0,0.0,1.0,1.0,0.0,4.0,2.0,4.0,0.0,1.0,1.0,1.0,-2.0,0.0,1.0,6.0,0.0,2.0,2.0,0.0,0.0,0.0,2.0,1.0,0.0,2.0,3.0,5.0,2.0,0.0,1.0,0.0,0.0,0.0,0.0,3.0,0.0,1.0,1.0,-1.0,0.0,0.0,0.0,55.0
2020-12-07,0.0,0.0,0.0,0.0,1.0,2.0,4.0,0.0,1.0,1.0,1.0,1.0,2.0,0.0,1.0,5.0,0.0,1.0,0.0,1.0,1.0,1.0,2.0,0.0,2.0,0.0,0.0,4.0,1.0,0.0,2.0,2.0,0.0,0.0,1.0,1.0,1.0,5.0,0.0,1.0,0.0,1.0,1.0,1.0,0.0,1.0,0.0,0.0,0.0,0.0,0.0,0.0,0.0,49.0
2020-12-11,0.0,0.0,0.0,2.0,3.0,1.0,1.0,0.0,2.0,0.0,2.0,0.0,0.0,0.0,1.0,5.0,2.0,2.0,0.0,1.0,2.0,0.0,2.0,1.0,1.0,5.0,0.0,0.0,3.0,0.0,2.0,1.0,0.0,0.0,0.0,1.0,2.0,3.0,0.0,2.0,0.0,3.0,1.0,0.0,2.0,1.0,0.0,0.0,3.0,0.0,0.0,1.0,0.0,58.0
2020-12-14,0.0,1.0,0.0,1.0,2.0,1.0,2.0,0.0,1.0,0.0,2.0,3.0,0.0,1.0,0.0,6.0,1.0,1.0,1.0,0.0,4.0,0.0,1.0,0.0,1.0,3.0,0.0,0.0,0.0,0.0,0.0,2.0,1.0,0.0,0.0,1.0,0.0,6.0,1.0,1.0,1.0,0.0,2.0,2.0,0.0,3.0,0.0,0.0,1.0,0.0,1.0,0.0,0.0,54.0
2020-12-18,0.0,1.0,0.0,1.0,0.0,0.0,2.0,0.0,0.0,0.0,2.0,0.0,1.0,0.0,0.0,4.0,1.0,4.0,1.0,0.0,2.0,0.0,2.0,1.0,0.0,1.0,0.0,0.0,2.0,0.0,0.0,4.0,2.0,2.0,0.0,1.0,2.0,6.0,0.0,0.0,2.0,0.0,0.0,2.0,0.0,1.0,0.0,1.0,2.0,0.0,0.0,0.0,0.0,50.0
2020-12-21,0.0,1.0,0.0,0.0,2.0,0.0,2.0,0.0,0.0,0.0,2.0,0.0,3.0,0.0,0.0,5.0,1.0,0.0,1.0,0.0,1.0,0.0,3.0,0.0,1.0,2.0,0.0,0.0,4.0,0.0,0.0,0.0,0.0,4.0,0.0,0.0,3.0,7.0,0.0,0.0,1.0,0.0,1.0,2.0,2.0,4.0,0.0,0.0,1.0,2.0,0.0,1.0,0.0,56.0
2020-12-25,0.0,0.0,0.0,0.0,0.0,1.0,1.0,0.0,0.0,0.0,1.0,0.0,2.0,0.0,0.0,3.0,0.0,2.0,1.0,0.0,0.0,1.0,1.0,1.0,3.0,7.0,0.0,1.0,2.0,0.0,1.0,3.0,2.0,6.0,0.0,0.0,3.0,5.0,4.0,1.0,3.0,0.0,1.0,3.0,0.0,3.0,0.0,0.0,3.0,0.0,0.0,0.0,0.0,65.0
2020-12-28,0.0,1.0,0.0,1.0,3.0,0.0,0.0,0.0,2.0,0.0,0.0,0.0,1.0,0.0,2.0,2.0,1.0,0.0,1.0,0.0,0.0,0.0,0.0,3.0,0.0,2.0,0.0,1.0,2.0,0.0,0.0,1.0,1.0,0.0,0.0,1.0,0.0,1.0,0.0,0.0,1.0,0.0,0.0,0.0,0.0,2.0,0.0,1.0,2.0,0.0,0.0,0.0,0.0,32.0
2021-01-01,0.0,0.0,0.0,2.0,2.0,1.0,1.0,0.0,1.0,0.0,-1.0,1.0,2.0,1.0,0.0,7.0,0.0,6.0,0.0,0.0,3.0,1.0,1.0,0.0,0.0,7.0,0.0,1.0,3.0,0.0,3.0,3.0,0.0,2.0,0.0,2.0,2.0,13.0,4.0,2.0,2.0,1.0,4.0,2.0,1.0,2.0,0.0,1.0,0.0,2.0,1.0,0.0,0.0,86.0
2021-01-04,0.0,0.0,0.0,0.0,0.0,0.0,2.0,0.0,0.0,0.0,0.0,0.0,0.0,0.0,1.0,5.0,0.0,3.0,0.0,0.0,0.0,0.0,0.0,1.0,0.0,3.0,0.0,2.0,1.0,0.0,0.0,1.0,0.0,0.0,1.0,1.0,1.0,5.0,0.0,0.0,1.0,0.0,0.0,0.0,0.0,2.0,0.0,1.0,2.0,1.0,0.0,2.0,0.0,36.0
2021-01-08,0.0,0.0,0.0,2.0,3.0,0.0,2.0,0.0,1.0,0.0,2.0,0.0,3.0,0.0,2.0,6.0,3.0,2.0,0.0,2.0,4.0,0.0,2.0,1.0,1.0,5.0,0.0,2.0,4.0,0.0,0.0,3.0,2.0,2.0,0.0,1.0,1.0,8.0,3.0,1.0,1.0,2.0,3.0,0.0,0.0,1.0,0.0,3.0,3.0,1.0,0.0,1.0,0.0,83.0
2021-01-11,0.0,0.0,0.0,2.0,1.0,1.0,2.0,0.0,3.0,0.0,1.0,1.0,0.0,0.0,1.0,10.0,0.0,2.0,1.0,1.0,1.0,0.0,1.0,0.0,2.0,1.0,0.0,3.0,1.0,0.0,0.0,1.0,1.0,1.0,0.0,0.0,1.0,6.0,1.0,2.0,2.0,0.0,2.0,1.0,0.0,3.0,0.0,2.0,3.0,0.0,0.0,1.0,0.0,62.0
2021-01-15,0.0,0.0,0.0,0.0,3.0,2.0,0.0,0.0,1.0,1.0,0.0,0.0,0.0,1.0,1.0,3.0,1.0,1.0,3.0,0.0,2.0,2.0,0.0,2.0,1.0,3.0,0.0,0.0,1.0,0.0,1.0,1.0,0.0,3.0,0.0,2.0,1.0,6.0,1.0,1.0,3.0,0.0,1.0,0.0,0.0,0.0,0.0,2.0,4.0,2.0,0.0,1.0,0.0,57.0
2021-01-18,0.0,1.0,0.0,0.0,0.0,1.0,1.0,0.0,1.0,0.0,0.0,0.0,0.0,0.0,0.0,0.0,2.0,2.0,0.0,2.0,1.0,0.0,2.0,2.0,1.0,4.0,0.0,0.0,3.0,1.0,1.0,0.0,1.0,1.0,0.0,2.0,1.0,5.0,2.0,3.0,4.0,2.0,2.0,1.0,0.0,1.0,0.0,0.0,3.0,0.0,0.0,2.0,1.0,56.0
2021-01-22,0.0,0.0,0.0,2.0,2.0,1.0,2.0,0.0,3.0,0.0,0.0,1.0,4.0,0.0,2.0,3.0,0.0,0.0,0.0,1.0,3.0,0.0,2.0,1.0,2.0,1.0,0.0,3.0,3.0,0.0,0.0,1.0,0.0,2.0,0.0,4.0,3.0,6.0,1.0,0.0,2.0,0.0,3.0,1.0,0.0,0.0,0.0,4.0,2.0,1.0,0.0,1.0,0.0,67.0
2021-01-25,0.0,2.0,0.0,0.0,2.0,0.0,4.0,0.0,2.0,0.0,2.0,0.0,3.0,0.0,1.0,5.0,3.0,2.0,1.0,4.0,7.0,1.0,2.0,4.0,1.0,2.0,0.0,0.0,1.0,4.0,2.0,0.0,2.0,3.0,1.0,0.0,1.0,6.0,0.0,5.0,1.0,3.0,2.0,1.0,0.0,1.0,0.0,0.0,1.0,0.0,0.0,1.0,1.0,84.0
2021-01-29,0.0,1.0,0.0,0.0,3.0,3.0,1.0,0.0,1.0,0.0,0.0,0.0,1.0,0.0,1.0,5.0,3.0,1.0,1.0,3.0,2.0,0.0,1.0,1.0,1.0,3.0,0.0,1.0,1.0,0.0,0.0,1.0,1.0,2.0,0.0,0.0,4.0,8.0,2.0,1.0,2.0,0.0,3.0,0.0,0.0,3.0,0.0,0.0,3.0,0.0,0.0,1.0,0.0,65.0
2021-02-01,0.0,0.0,0.0,1.0,3.0,1.0,5.0,1.0,2.0,0.0,3.0,0.0,5.0,0.0,1.0,6.0,1.0,5.0,0.0,1.0,1.0,0.0,1.0,1.0,2.0,6.0,0.0,1.0,1.0,0.0,0.0,1.0,0.0,4.0,0.0,1.0,2.0,6.0,0.0,0.0,2.0,3.0,3.0,4.0,0.0,3.0,0.0,1.0,0.0,0.0,0.0,1.0,0.0,79.0
2021-02-05,0.0,1.0,0.0,0.0,0.0,1.0,1.0,0.0,1.0,0.0,1.0,2.0,3.0,0.0,1.0,0.0,3.0,3.0,0.0,1.0,3.0,1.0,3.0,0.0,1.0,4.0,0.0,0.0,1.0,1.0,0.0,0.0,1.0,0.0,0.0,1.0,3.0,10.0,1.0,0.0,2.0,2.0,2.0,1.0,1.0,2.0,0.0,1.0,1.0,2.0,0.0,0.0,0.0,62.0
2021-02-08,0.0,0.0,1.0,1.0,0.0,2.0,5.0,0.0,1.0,0.0,3.0,1.0,2.0,1.0,1.0,3.0,0.0,2.0,0.0,0.0,4.0,1.0,3.0,1.0,2.0,5.0,0.0,1.0,4.0,1.0,0.0,2.0,0.0,1.0,0.0,0.0,0.0,8.0,2.0,1.0,2.0,2.0,2.0,1.0,0.0,2.0,0.0,1.0,1.0,0.0,0.0,0.0,1.0,71.0
2021-02-12,0.0,1.0,0.0,0.0,4.0,0.0,5.0,0.0,2.0,0.0,0.0,1.0,4.0,4.0,0.0,6.0,0.0,3.0,0.0,0.0,1.0,1.0,0.0,3.0,1.0,10.0,0.0,1.0,1.0,2.0,0.0,2.0,1.0,2.0,0.0,2.0,3.0,11.0,2.0,2.0,2.0,2.0,5.0,1.0,0.0,0.0,0.0,6.0,2.0,1.0,0.0,1.0,2.0,97.0
2021-02-15,0.0,1.0,1.0,2.0,2.0,1.0,1.0,0.0,2.0,0.0,3.0,1.0,1.0,1.0,2.0,4.0,0.0,2.0,0.0,1.0,3.0,0.0,1.0,2.0,0.0,8.0,0.0,0.0,3.0,1.0,1.0,0.0,0.0,3.0,0.0,2.0,2.0,9.0,2.0,3.0,1.0,4.0,3.0,2.0,1.0,3.0,0.0,0.0,5.0,2.0,1.0,1.0,0.0,88.0
2021-02-19,0.0,0.0,0.0,2.0,6.0,0.0,5.0,1.0,4.0,2.0,0.0,0.0,0.0,0.0,1.0,3.0,1.0,1.0,0.0,1.0,2.0,0.0,5.0,2.0,1.0,5.0,0.0,0.0,3.0,1.0,0.0,2.0,2.0,2.0,1.0,2.0,0.0,7.0,0.0,2.0,4.0,3.0,3.0,4.0,1.0,1.0,0.0,2.0,4.0,1.0,2.0,2.0,0.0,91.0
2021-02-22,0.0,1.0,1.0,2.0,3.0,0.0,1.0,0.0,5.0,0.0,1.0,2.0,0.0,0.0,1.0,6.0,2.0,1.0,0.0,1.0,3.0,0.0,4.0,1.0,1.0,2.0,0.0,1.0,1.0,0.0,0.0,3.0,1.0,1.0,0.0,1.0,3.0,6.0,2.0,0.0,2.0,0.0,5.0,0.0,0.0,3.0,0.0,2.0,4.0,0.0,0.0,0.0,1.0,74.0
2021-02-26,0.0,2.0,0.0,0.0,3.0,1.0,3.0,0.0,4.0,1.0,2.0,1.0,0.0,1.0,2.0,9.0,3.0,0.0,1.0,0.0,2.0,0.0,4.0,1.0,1.0,4.0,0.0,3.0,2.0,0.0,1.0,2.0,0.0,0.0,0.0,1.0,1.0,9.0,3.0,1.0,0.0,0.0,4.0,1.0,0.0,2.0,0.0,0.0,6.0,2.0,1.0,0.0,1.0,85.0
2021-03-01,0.0,5.0,0.0,3.0,2.0,0.0,6.0,0.0,4.0,1.0,2.0,8.0,3.0,5.0,3.0,10.0,1.0,5.0,0.0,2.0,6.0,0.0,4.0,4.0,1.0,15.0,2.0,3.0,4.0,0.0,0.0,5.0,2.0,2.0,2.0,5.0,7.0,9.0,2.0,0.0,5.0,3.0,12.0,6.0,2.0,5.0,0.0,3.0,6.0,3.0,1.0,0.0,1.0,180.0
2021-03-05,0.0,3.0,0.0,2.0,4.0,5.0,1.0,0.0,1.0,0.0,-1.0,2.0,1.0,1.0,2.0,7.0,1.0,7.0,2.0,0.0,10.0,0.0,6.0,-2.0,2.0,14.0,0.0,4.0,6.0,1.0,0.0,2.0,3.0,2.0,0.0,5.0,4.0,9.0,2.0,2.0,2.0,2.0,4.0,2.0,3.0,3.0,0.0,1.0,2.0,3.0,0.0,0.0,0.0,130.0
2021-03-08,0.0,3.0,1.0,3.0,3.0,1.0,4.0,0.0,1.0,2.0,4.0,2.0,2.0,1.0,1.0,12.0,3.0,4.0,1.0,3.0,3.0,0.0,1.0,1.0,2.0,11.0,2.0,2.0,4.0,1.0,0.0,4.0,2.0,3.0,0.0,5.0,1.0,8.0,6.0,3.0,5.0,3.0,1.0,2.0,0.0,2.0,0.0,2.0,6.0,2.0,0.0,3.0,2.0,138.0
2021-03-12,0.0,6.0,0.0,4.0,4.0,2.0,5.0,1.0,5.0,1.0,3.0,1.0,2.0,2.0,2.0,9.0,1.0,5.0,1.0,2.0,7.0,3.0,4.0,1.0,4.0,15.0,0.0,6.0,10.0,0.0,0.0,5.0,2.0,4.0,0.0,3.0,4.0,8.0,1.0,1.0,6.0,2.0,6.0,2.0,2.0,0.0,0.0,1.0,11.0,2.0,0.0,1.0,-4.0,163.0
2021-03-15,0.0,2.0,0.0,2.0,2.0,0.0,3.0,1.0,0.0,2.0,2.0,2.0,1.0,2.0,2.0,12.0,5.0,5.0,0.0,2.0,1.0,0.0,-1.0,2.0,4.0,6.0,0.0,0.0,2.0,-1.0,1.0,5.0,-2.0,3.0,0.0,2.0,3.0,16.0,5.0,5.0,4.0,4.0,10.0,4.0,2.0,2.0,0.0,0.0,3.0,2.0,1.0,1.0,0.0,129.0
2021-03-19,1.0,3.0,0.0,2.0,0.0,1.0,6.0,1.0,8.0,1.0,4.0,5.0,6.0,0.0,3.0,14.0,6.0,3.0,1.0,3.0,10.0,1.0,0.0,0.0,5.0,11.0,0.0,5.0,6.0,3.0,1.0,3.0,3.0,3.0,0.0,4.0,5.0,15.0,2.0,4.0,3.0,6.0,10.0,2.0,1.0,3.0,1.0,4.0,0.0,1.0,2.0,0.0,0.0,182.0
2021-03-22,0.0,-2.0,0.0,0.0,3.0,5.0,4.0,0.0,4.0,0.0,6.0,4.0,6.0,0.0,3.0,12.0,6.0,9.0,2.0,3.0,8.0,2.0,3.0,3.0,-1.0,10.0,0.0,0.0,6.0,0.0,1.0,3.0,4.0,3.0,0.0,3.0,2.0,19.0,4.0,4.0,6.0,3.0,6.0,4.0,1.0,4.0,0.0,2.0,9.0,5.0,0.0,2.0,2.0,183.0
2021-03-26,0.0,3.0,0.0,2.0,0.0,4.0,9.0,0.0,3.0,0.0,2.0,0.0,1.0,1.0,0.0,6.0,5.0,5.0,2.0,2.0,2.0,2.0,1.0,2.0,2.0,11.0,0.0,1.0,2.0,2.0,0.0,0.0,0.0,4.0,0.0,0.0,2.0,10.0,1.0,4.0,5.0,0.0,7.0,-1.0,1.0,1.0,0.0,-1.0,5.0,1.0,0.0,1.0,0.0,110.0
2021-03-29,0.0,2.0,2.0,3.0,6.0,4.0,3.0,0.0,4.0,0.0,4.0,1.0,4.0,0.0,3.0,9.0,1.0,7.0,2.0,1.0,3.0,4.0,3.0,4.0,5.0,17.0,0.0,5.0,5.0,1.0,2.0,5.0,0.0,4.0,0.0,3.0,5.0,14.0,5.0,2.0,1.0,3.0,8.0,0.0,0.0,6.0,0.0,2.0,10.0,3.0,1.0,1.0,0.0,178.0
2021-04-02,0.0,3.0,0.0,1.0,2.0,0.0,1.0,2.0,-1.0,0.0,4.0,0.0,5.0,1.0,6.0,9.0,1.0,6.0,0.0,4.0,4.0,1.0,4.0,5.0,1.0,6.0,0.0,4.0,1.0,1.0,1.0,3.0,0.0,4.0,1.0,1.0,5.0,15.0,3.0,2.0,5.0,5.0,6.0,3.0,1.0,0.0,1.0,2.0,6.0,3.0,1.0,1.0,0.0,140.0
2021-04-05,1.0,3.0,1.0,3.0,3.0,2.0,6.0,1.0,7.0,1.0,3.0,1.0,4.0,-1.0,4.0,9.0,0.0,7.0,2.0,4.0,4.0,0.0,3.0,2.0,5.0,9.0,0.0,6.0,6.0,1.0,0.0,5.0,0.0,1.0,2.0,1.0,3.0,12.0,8.0,0.0,8.0,9.0,9.0,4.0,2.0,2.0,0.0,9.0,8.0,1.0,0.0,1.0,0.0,182.0
2021-04-09,1.0,2.0,2.0,2.0,7.0,3.0,2.0,2.0,1.0,0.0,7.0,1.0,4.0,1.0,2.0,11.0,4.0,-1.0,5.0,1.0,1.0,1.0,3.0,2.0,0.0,22.0,0.0,5.0,10.0,1.0,4.0,5.0,2.0,8.0,0.0,3.0,8.0,14.0,4.0,4.0,5.0,4.0,11.0,2.0,2.0,4.0,0.0,5.0,4.0,1.0,2.0,1.0,0.0,195.0
2021-04-12,-1.0,3.0,1.0,0.0,2.0,2.0,3.0,2.0,9.0,0.0,-5.0,2.0,6.0,1.0,5.0,8.0,2.0,7.0,0.0,0.0,3.0,7.0,4.0,2.0,4.0,11.0,0.0,4.0,4.0,1.0,1.0,2.0,-1.0,7.0,0.0,1.0,5.0,19.0,1.0,5.0,2.0,2.0,9.0,1.0,0.0,2.0,1.0,2.0,8.0,3.0,0.0,2.0,2.0,161.0
2021-04-16,0.0,6.0,0.0,1.0,10.0,1.0,7.0,0.0,7.0,0.0,8.0,0.0,4.0,2.0,5.0,7.0,5.0,4.0,2.0,2.0,8.0,3.0,6.0,5.0,3.0,13.0,0.0,3.0,4.0,2.0,3.0,5.0,3.0,6.0,0.0,2.0,6.0,10.0,6.0,2.0,5.0,5.0,11.0,7.0,0.0,4.0,0.0,1.0,6.0,3.0,1.0,2.0,1.0,207.0
2021-04-19,0.0,2.0,1.0,2.0,8.0,1.0,5.0,1.0,4.0,4.0,7.0,3.0,6.0,0.0,3.0,14.0,8.0,12.0,4.0,2.0,10.0,2.0,2.0,3.0,2.0,13.0,0.0,12.0,9.0,-2.0,4.0,8.0,2.0,14.0,4.0,5.0,10.0,24.0,7.0,8.0,5.0,8.0,11.0,2.0,2.0,3.0,1.0,5.0,4.0,2.0,0.0,0.0,2.0,269.0
2021-04-23,-1.0,-8.0,1.0,-2.0,-4.0,5.0,-9.0,-3.0,7.0,-3.0,2.0,0.0,-7.0,-6.0,6.0,3.0,-1.0,-9.0,1.0,-1.0,-4.0,-1.0,5.0,1.0,-2.0,-17.0,0.0,-9.0,0.0,0.0,-4.0,4.0,1.0,5.0,1.0,-2.0,-4.0,6.0,-8.0,0.0,-4.0,-1.0,-6.0,6.0,-3.0,4.0,1.0,-1.0,-1.0,-10.0,-1.0,0.0,-1.0,-74.0
2021-04-26,0.0,4.0,0.0,0.0,1.0,5.0,6.0,0.0,6.0,0.0,3.0,3.0,5.0,0.0,4.0,13.0,5.0,4.0,0.0,8.0,2.0,3.0,4.0,0.0,5.0,8.0,0.0,5.0,2.0,1.0,5.0,2.0,2.0,5.0,0.0,3.0,9.0,14.0,3.0,4.0,1.0,2.0,14.0,1.0,0.0,4.0,0.0,3.0,4.0,1.0,0.0,-1.0,1.0,174.0
2021-04-30,0.0,3.0,1.0,3.0,5.0,2.0,8.0,0.0,12.0,0.0,5.0,4.0,4.0,1.0,4.0,11.0,6.0,7.0,0.0,4.0,4.0,1.0,6.0,7.0,3.0,13.0,0.0,5.0,5.0,2.0,1.0,3.0,5.0,13.0,2.0,2.0,9.0,20.0,6.0,6.0,6.0,7.0,12.0,1.0,0.0,4.0,0.0,4.0,10.0,2.0,0.0,0.0,0.0,239.0
2021-05-03,0.0,0.0,0.0,1.0,2.0,0.0,1.0,3.0,4.0,0.0,2.0,3.0,4.0,2.0,0.0,10.0,2.0,4.0,2.0,2.0,4.0,0.0,4.0,1.0,2.0,16.0,0.0,2.0,1.0,2.0,1.0,6.0,3.0,10.0,1.0,2.0,8.0,14.0,2.0,2.0,4.0,6.0,12.0,4.0,0.0,2.0,0.0,4.0,6.0,3.0,0.0,0.0,0.0,164.0
2021-05-07,1.0,0.0,1.0,2.0,14.0,2.0,5.0,1.0,3.0,3.0,6.0,3.0,1.0,0.0,7.0,9.0,4.0,9.0,0.0,4.0,6.0,0.0,1.0,0.0,2.0,16.0,1.0,4.0,5.0,2.0,1.0,5.0,4.0,6.0,2.0,2.0,9.0,17.0,8.0,3.0,6.0,7.0,13.0,2.0,2.0,8.0,0.0,4.0,5.0,0.0,0.0,1.0,-1.0,216.0
2021-05-10,0.0,4.0,3.0,3.0,7.0,0.0,6.0,0.0,8.0,1.0,5.0,-1.0,1.0,1.0,1.0,9.0,6.0,3.0,1.0,3.0,3.0,0.0,5.0,2.0,-1.0,16.0,1.0,5.0,2.0,1.0,5.0,6.0,0.0,9.0,1.0,3.0,7.0,20.0,6.0,3.0,7.0,5.0,10.0,5.0,0.0,4.0,1.0,4.0,2.0,2.0,1.0,3.0,1.0,200.0
2021-05-14,0.0,-1.0,0.0,3.0,11.0,2.0,5.0,1.0,8.0,2.0,5.0,0.0,3.0,1.0,3.0,8.0,2.0,6.0,2.0,2.0,2.0,1.0,7.0,5.0,1.0,15.0,0.0,3.0,2.0,2.0,1.0,6.0,7.0,3.0,2.0,4.0,6.0,18.0,4.0,3.0,4.0,4.0,7.0,4.0,1.0,7.0,0.0,5.0,6.0,2.0,0.0,0.0,2.0,197.0
2021-05-17,0.0,1.0,0.0,3.0,6.0,2.0,1.0,0.0,5.0,1.0,1.0,3.0,3.0,0.0,4.0,14.0,6.0,7.0,0.0,1.0,1.0,3.0,4.0,4.0,3.0,13.0,0.0,10.0,3.0,3.0,1.0,3.0,4.0,6.0,1.0,0.0,4.0,10.0,5.0,4.0,1.0,2.0,8.0,0.0,1.0,3.0,0.0,6.0,6.0,4.0,1.0,0.0,0.0,172.0
2021-05-21,0.0,0.0,3.0,4.0,5.0,4.0,5.0,2.0,12.0,2.0,3.0,5.0,3.0,1.0,4.0,17.0,4.0,7.0,1.0,1.0,8.0,0.0,6.0,0.0,4.0,7.0,0.0,0.0,2.0,3.0,1.0,10.0,5.0,10.0,2.0,3.0,6.0,21.0,6.0,2.0,7.0,9.0,11.0,4.0,1.0,8.0,0.0,5.0,11.0,1.0,2.0,1.0,0.0,239.0
2021-05-24,0.0,1.0,0.0,2.0,8.0,2.0,4.0,3.0,4.0,2.0,0.0,1.0,4.0,1.0,1.0,12.0,4.0,6.0,3.0,2.0,7.0,1.0,4.0,4.0,4.0,9.0,1.0,9.0,2.0,0.0,3.0,7.0,1.0,6.0,1.0,2.0,6.0,17.0,2.0,4.0,4.0,7.0,5.0,2.0,1.0,3.0,1.0,3.0,9.0,0.0,0.0,4.0,0.0,189.0
2021-05-28,2.0,2.0,1.0,4.0,8.0,6.0,11.0,1.0,5.0,2.0,3.0,9.0,2.0,0.0,6.0,13.0,5.0,9.0,0.0,2.0,6.0,1.0,5.0,5.0,1.0,11.0,0.0,5.0,7.0,1.0,1.0,9.0,3.0,11.0,1.0,2.0,6.0,13.0,4.0,6.0,5.0,7.0,14.0,4.0,1.0,10.0,2.0,10.0,6.0,3.0,2.0,0.0,1.0,254.0
2021-05-31,0.0,4.0,0.0,1.0,6.0,5.0,4.0,2.0,12.0,0.0,2.0,2.0,3.0,2.0,1.0,11.0,7.0,6.0,1.0,3.0,6.0,1.0,5.0,2.0,4.0,13.0,1.0,4.0,6.0,2.0,1.0,7.0,2.0,10.0,1.0,4.0,5.0,9.0,7.0,6.0,5.0,7.0,12.0,5.0,3.0,7.0,0.0,5.0,11.0,2.0,1.0,0.0,0.0,226.0
2021-06-04,1.0,0.0,1.0,4.0,11.0,3.0,8.0,1.0,10.0,4.0,3.0,3.0,5.0,2.0,10.0,14.0,6.0,13.0,1.0,5.0,4.0,2.0,3.0,4.0,7.0,9.0,1.0,4.0,4.0,2.0,0.0,9.0,5.0,13.0,2.0,5.0,8.0,24.0,4.0,9.0,7.0,5.0,9.0,9.0,0.0,6.0,2.0,7.0,11.0,0.0,0.0,2.0,0.0,282.0
2021-06-07,0.0,1.0,1.0,2.0,4.0,1.0,8.0,2.0,14.0,1.0,7.0,1.0,8.0,2.0,2.0,10.0,2.0,10.0,4.0,4.0,5.0,3.0,5.0,5.0,5.0,13.0,0.0,7.0,4.0,2.0,1.0,5.0,5.0,7.0,1.0,4.0,2.0,18.0,5.0,3.0,4.0,5.0,11.0,7.0,2.0,4.0,1.0,7.0,9.0,2.0,1.0,1.0,1.0,239.0
2021-06-11,0.0,6.0,1.0,1.0,8.0,1.0,8.0,0.0,7.0,2.0,11.0,1.0,4.0,1.0,4.0,21.0,6.0,12.0,1.0,0.0,8.0,0.0,4.0,5.0,7.0,14.0,0.0,7.0,8.0,2.0,1.0,7.0,8.0,14.0,0.0,3.0,9.0,19.0,5.0,2.0,9.0,13.0,15.0,5.0,2.0,4.0,1.0,7.0,10.0,3.0,0.0,1.0,2.0,290.0
2021-06-14,0.0,3.0,0.0,1.0,4.0,3.0,8.0,0.0,8.0,0.0,4.0,3.0,4.0,0.0,2.0,15.0,8.0,13.0,2.0,5.0,8.0,3.0,9.0,5.0,7.0,13.0,0.0,6.0,7.0,0.0,1.0,6.0,3.0,7.0,0.0,2.0,6.0,12.0,5.0,6.0,5.0,4.0,16.0,8.0,3.0,4.0,2.0,2.0,9.0,1.0,1.0,2.0,0.0,246.0
2021-06-18,0.0,5.0,1.0,3.0,10.0,7.0,6.0,1.0,5.0,1.0,7.0,4.0,3.0,1.0,10.0,14.0,15.0,13.0,1.0,2.0,7.0,2.0,5.0,5.0,9.0,21.0,1.0,3.0,12.0,4.0,3.0,13.0,6.0,17.0,0.0,1.0,7.0,20.0,5.0,8.0,2.0,13.0,14.0,8.0,2.0,5.0,0.0,6.0,11.0,3.0,1.0,1.0,0.0,324.0
2021-06-21,0.0,-1.0,1.0,3.0,-1.0,6.0,4.0,1.0,12.0,1.0,5.0,6.0,2.0,1.0,5.0,17.0,11.0,11.0,1.0,1.0,12.0,2.0,8.0,7.0,1.0,9.0,0.0,2.0,4.0,0.0,0.0,7.0,6.0,11.0,0.0,3.0,7.0,20.0,4.0,3.0,5.0,2.0,19.0,4.0,0.0,4.0,0.0,5.0,9.0,3.0,0.0,0.0,1.0,244.0
2021-06-25,1.0,4.0,0.0,2.0,8.0,3.0,7.0,0.0,4.0,1.0,8.0,4.0,7.0,0.0,4.0,14.0,7.0,5.0,4.0,3.0,5.0,2.0,5.0,6.0,1.0,10.0,1.0,10.0,7.0,3.0,2.0,6.0,5.0,9.0,1.0,4.0,7.0,24.0,7.0,7.0,11.0,7.0,20.0,0.0,2.0,8.0,1.0,4.0,12.0,1.0,1.0,-1.0,0.0,274.0
2021-06-28,0.0,4.0,2.0,1.0,12.0,5.0,5.0,2.0,9.0,2.0,4.0,6.0,2.0,1.0,6.0,15.0,2.0,7.0,4.0,5.0,9.0,4.0,4.0,4.0,4.0,13.0,0.0,6.0,3.0,3.0,2.0,6.0,4.0,13.0,0.0,0.0,10.0,14.0,8.0,8.0,6.0,7.0,7.0,8.0,2.0,4.0,0.0,3.0,6.0,2.0,1.0,2.0,0.0,257.0
2021-07-02,0.0,3.0,2.0,6.0,10.0,5.0,5.0,0.0,4.0,1.0,6.0,4.0,6.0,1.0,9.0,10.0,5.0,11.0,3.0,1.0,11.0,2.0,7.0,3.0,5.0,21.0,1.0,7.0,3.0,3.0,2.0,5.0,9.0,10.0,0.0,2.0,6.0,23.0,9.0,9.0,8.0,7.0,17.0,4.0,4.0,4.0,0.0,6.0,8.0,1.0,1.0,0.0,0.0,290.0
2021-07-05,0.0,6.0,0.0,7.0,2.0,5.0,7.0,2.0,4.0,1.0,7.0,7.0,3.0,2.0,6.0,14.0,9.0,4.0,5.0,3.0,7.0,3.0,5.0,5.0,4.0,21.0,0.0,5.0,6.0,3.0,5.0,3.0,1.0,9.0,2.0,2.0,3.0,19.0,2.0,4.0,6.0,11.0,14.0,4.0,4.0,6.0,0.0,6.0,11.0,6.0,1.0,0.0,1.0,273.0
2021-07-09,1.0,3.0,0.0,4.0,8.0,6.0,2.0,2.0,9.0,3.0,6.0,5.0,4.0,2.0,7.0,10.0,6.0,7.0,2.0,3.0,2.0,1.0,3.0,7.0,4.0,15.0,0.0,3.0,8.0,4.0,4.0,5.0,2.0,9.0,0.0,7.0,7.0,26.0,4.0,6.0,11.0,3.0,5.0,4.0,0.0,11.0,0.0,2.0,12.0,2.0,0.0,1.0,1.0,259.0
2021-07-12,0.0,1.0,1.0,2.0,4.0,5.0,5.0,1.0,5.0,2.0,7.0,3.0,1.0,2.0,1.0,11.0,3.0,7.0,2.0,3.0,-1.0,2.0,4.0,3.0,3.0,9.0,1.0,6.0,10.0,2.0,2.0,1.0,5.0,9.0,1.0,4.0,4.0,14.0,10.0,4.0,8.0,7.0,19.0,2.0,1.0,2.0,0.0,3.0,9.0,0.0,0.0,3.0,1.0,214.0
2021-07-16,0.0,3.0,0.0,2.0,4.0,3.0,9.0,1.0,1.0,3.0,5.0,3.0,8.0,0.0,3.0,13.0,4.0,1.0,5.0,3.0,4.0,0.0,4.0,6.0,0.0,14.0,0.0,3.0,5.0,0.0,4.0,1.0,3.0,12.0,-1.0,6.0,5.0,14.0,4.0,5.0,2.0,8.0,13.0,4.0,1.0,2.0,1.0,2.0,14.0,1.0,2.0,0.0,-1.0,209.0
2021-07-19,0.0,2.0,0.0,1.0,6.0,2.0,6.0,1.0,7.0,1.0,3.0,0.0,0.0,2.0,0.0,13.0,2.0,6.0,3.0,1.0,9.0,0.0,4.0,7.0,3.0,7.0,0.0,5.0,4.0,3.0,1.0,6.0,2.0,8.0,1.0,5.0,9.0,15.0,3.0,2.0,4.0,13.0,7.0,5.0,1.0,7.0,0.0,2.0,8.0,2.0,0.0,2.0,1.0,202.0
2021-07-23,0.0,6.0,0.0,1.0,3.0,1.0,3.0,0.0,1.0,0.0,4.0,0.0,3.0,5.0,1.0,12.0,1.0,9.0,3.0,4.0,2.0,3.0,2.0,3.0,1.0,14.0,-1.0,2.0,4.0,1.0,4.0,6.0,0.0,9.0,0.0,3.0,4.0,12.0,2.0,1.0,2.0,4.0,6.0,3.0,1.0,8.0,0.0,3.0,5.0,1.0,0.0,1.0,0.0,163.0
2021-07-26,0.0,3.0,1.0,2.0,5.0,1.0,3.0,2.0,3.0,0.0,7.0,1.0,1.0,0.0,5.0,7.0,3.0,6.0,1.0,2.0,4.0,0.0,3.0,2.0,5.0,11.0,0.0,3.0,3.0,2.0,0.0,1.0,2.0,2.0,0.0,3.0,3.0,11.0,1.0,6.0,4.0,4.0,7.0,1.0,1.0,2.0,0.0,4.0,5.0,1.0,0.0,2.0,0.0,146.0
2021-07-30,0.0,2.0,1.0,3.0,7.0,0.0,6.0,0.0,7.0,1.0,0.0,2.0,4.0,1.0,1.0,3.0,3.0,2.0,2.0,4.0,7.0,2.0,2.0,4.0,4.0,14.0,0.0,3.0,5.0,4.0,5.0,2.0,0.0,12.0,0.0,5.0,2.0,9.0,3.0,9.0,4.0,5.0,11.0,7.0,1.0,4.0,0.0,3.0,5.0,2.0,0.0,0.0,0.0,183.0
2021-08-02,0.0,-1.0,0.0,1.0,2.0,2.0,3.0,0.0,2.0,0.0,2.0,2.0,2.0,0.0,3.0,10.0,4.0,3.0,0.0,4.0,3.0,0.0,0.0,4.0,2.0,8.0,0.0,5.0,2.0,1.0,-1.0,0.0,4.0,3.0,0.0,0.0,4.0,7.0,2.0,3.0,3.0,5.0,2.0,1.0,0.0,3.0,0.0,1.0,4.0,1.0,0.0,2.0,0.0,108.0
2021-08-06,2.0,1.0,1.0,1.0,5.0,3.0,2.0,2.0,5.0,0.0,1.0,1.0,5.0,3.0,2.0,12.0,0.0,3.0,2.0,4.0,3.0,0.0,8.0,3.0,1.0,14.0,0.0,6.0,4.0,3.0,0.0,4.0,2.0,5.0,0.0,0.0,4.0,6.0,1.0,3.0,5.0,10.0,9.0,0.0,1.0,3.0,0.0,1.0,11.0,1.0,1.0,0.0,0.0,164.0
2021-08-09,0.0,1.0,0.0,1.0,5.0,1.0,0.0,3.0,2.0,0.0,3.0,0.0,2.0,1.0,2.0,10.0,3.0,5.0,1.0,3.0,6.0,0.0,4.0,0.0,2.0,11.0,0.0,3.0,5.0,2.0,0.0,2.0,3.0,5.0,0.0,0.0,4.0,11.0,1.0,1.0,3.0,6.0,6.0,4.0,2.0,5.0,1.0,2.0,3.0,0.0,1.0,0.0,0.0,136.0
2021-08-13,1.0,1.0,1.0,1.0,3.0,3.0,1.0,1.0,5.0,1.0,1.0,3.0,2.0,0.0,1.0,7.0,5.0,8.0,1.0,10.0,2.0,2.0,1.0,5.0,2.0,10.0,0.0,2.0,7.0,1.0,2.0,2.0,3.0,4.0,0.0,2.0,2.0,15.0,2.0,7.0,6.0,4.0,6.0,3.0,2.0,2.0,0.0,3.0,2.0,2.0,0.0,2.0,0.0,159.0
2021-08-16,0.0,0.0,0.0,1.0,3.0,0.0,5.0,3.0,4.0,0.0,2.0,1.0,2.0,3.0,0.0,10.0,4.0,1.0,3.0,3.0,5.0,1.0,2.0,2.0,1.0,10.0,0.0,2.0,1.0,1.0,1.0,2.0,3.0,6.0,0.0,1.0,1.0,10.0,2.0,2.0,3.0,4.0,1.0,4.0,0.0,2.0,0.0,1.0,6.0,1.0,0.0,1.0,0.0,121.0
2021-08-20,0.0,1.0,1.0,0.0,0.0,0.0,1.0,0.0,1.0,0.0,1.0,0.0,1.0,0.0,3.0,9.0,2.0,4.0,2.0,0.0,0.0,1.0,2.0,2.0,3.0,8.0,0.0,4.0,3.0,0.0,0.0,3.0,5.0,2.0,0.0,2.0,1.0,16.0,0.0,3.0,1.0,5.0,6.0,2.0,1.0,4.0,0.0,4.0,2.0,2.0,0.0,0.0,0.0,108.0
2021-08-23,1.0,1.0,0.0,2.0,3.0,3.0,3.0,0.0,3.0,0.0,3.0,3.0,2.0,0.0,3.0,6.0,3.0,3.0,0.0,1.0,5.0,1.0,1.0,3.0,6.0,7.0,1.0,3.0,2.0,1.0,0.0,7.0,1.0,6.0,0.0,1.0,3.0,12.0,2.0,1.0,1.0,2.0,6.0,1.0,0.0,4.0,0.0,2.0,4.0,2.0,0.0,0.0,0.0,125.0
2021-08-27,2.0,2.0,0.0,1.0,4.0,1.0,2.0,0.0,3.0,0.0,1.0,0.0,1.0,2.0,0.0,5.0,4.0,0.0,7.0,0.0,2.0,2.0,2.0,3.0,0.0,10.0,1.0,2.0,4.0,0.0,1.0,4.0,1.0,0.0,0.0,3.0,5.0,5.0,2.0,2.0,4.0,2.0,4.0,3.0,0.0,7.0,0.0,4.0,10.0,0.0,0.0,0.0,-23.0,95.0
2021-08-30,0.0,2.0,0.0,2.0,1.0,2.0,2.0,0.0,3.0,1.0,3.0,2.0,4.0,0.0,4.0,5.0,3.0,4.0,2.0,0.0,3.0,0.0,4.0,2.0,3.0,3.0,0.0,4.0,6.0,2.0,4.0,1.0,1.0,3.0,0.0,4.0,4.0,5.0,3.0,2.0,3.0,2.0,2.0,5.0,2.0,3.0,0.0,2.0,7.0,1.0,0.0,2.0,0.0,123.0
2021-09-03,1.0,1.0,0.0,0.0,1.0,2.0,1.0,1.0,0.0,2.0,4.0,1.0,-1.0,1.0,1.0,4.0,1.0,3.0,0.0,1.0,2.0,0.0,1.0,1.0,2.0,5.0,0.0,3.0,3.0,0.0,1.0,2.0,1.0,0.0,1.0,1.0,1.0,4.0,2.0,5.0,1.0,2.0,3.0,2.0,1.0,1.0,0.0,1.0,3.0,0.0,0.0,1.0,0.0,74.0
2021-09-06,0.0,0.0,0.0,0.0,0.0,1.0,2.0,0.0,4.0,0.0,1.0,1.0,3.0,0.0,1.0,4.0,3.0,4.0,0.0,0.0,3.0,1.0,3.0,1.0,1.0,4.0,0.0,1.0,2.0,1.0,1.0,3.0,1.0,0.0,0.0,0.0,2.0,6.0,1.0,2.0,3.0,1.0,0.0,3.0,0.0,2.0,0.0,1.0,5.0,1.0,0.0,0.0,0.0,73.0
2021-09-10,0.0,2.0,0.0,0.0,2.0,2.0,2.0,0.0,2.0,2.0,5.0,4.0,1.0,0.0,2.0,8.0,1.0,2.0,1.0,2.0,0.0,0.0,3.0,2.0,0.0,11.0,0.0,4.0,1.0,0.0,1.0,1.0,2.0,6.0,0.0,0.0,3.0,2.0,2.0,3.0,4.0,1.0,3.0,2.0,0.0,2.0,0.0,1.0,2.0,0.0,2.0,1.0,0.0,97.0
2021-09-13,0.0,1.0,0.0,1.0,2.0,1.0,1.0,0.0,4.0,0.0,1.0,1.0,3.0,0.0,1.0,4.0,2.0,3.0,0.0,1.0,1.0,1.0,0.0,0.0,1.0,7.0,0.0,0.0,1.0,0.0,0.0,1.0,1.0,1.0,1.0,1.0,2.0,4.0,0.0,1.0,3.0,3.0,1.0,4.0,1.0,3.0,0.0,2.0,4.0,0.0,0.0,0.0,0.0,70.0
2021-09-17,0.0,0.0,0.0,0.0,3.0,2.0,2.0,0.0,1.0,1.0,1.0,0.0,2.0,0.0,1.0,5.0,0.0,2.0,1.0,0.0,3.0,1.0,4.0,2.0,0.0,4.0,0.0,0.0,2.0,1.0,2.0,1.0,3.0,1.0,0.0,1.0,2.0,7.0,1.0,1.0,1.0,3.0,1.0,3.0,0.0,2.0,0.0,1.0,6.0,0.0,0.0,0.0,0.0,74.0
2021-09-20,0.0,0.0,0.0,0.0,1.0,0.0,2.0,0.0,2.0,0.0,2.0,1.0,2.0,0.0,0.0,5.0,2.0,4.0,1.0,0.0,5.0,0.0,1.0,0.0,3.0,5.0,0.0,2.0,4.0,0.0,0.0,0.0,2.0,2.0,0.0,0.0,1.0,6.0,1.0,3.0,2.0,2.0,3.0,3.0,0.0,1.0,0.0,2.0,5.0,1.0,1.0,2.0,0.0,79.0
2021-09-24,1.0,0.0,0.0,0.0,3.0,0.0,2.0,1.0,6.0,0.0,1.0,0.0,4.0,0.0,1.0,9.0,2.0,4.0,0.0,0.0,1.0,0.0,1.0,3.0,1.0,5.0,0.0,4.0,3.0,0.0,3.0,0.0,2.0,1.0,0.0,-1.0,3.0,5.0,2.0,3.0,0.0,3.0,4.0,-1.0,1.0,3.0,0.0,1.0,1.0,1.0,1.0,1.0,0.0,85.0
2021-09-27,0.0,1.0,0.0,-1.0,2.0,1.0,2.0,0.0,3.0,0.0,0.0,2.0,2.0,0.0,0.0,2.0,1.0,3.0,1.0,0.0,1.0,0.0,1.0,1.0,0.0,3.0,0.0,2.0,1.0,0.0,1.0,1.0,1.0,3.0,0.0,1.0,2.0,10.0,0.0,0.0,1.0,3.0,3.0,0.0,0.0,1.0,0.0,0.0,1.0,1.0,0.0,2.0,0.0,59.0
2021-10-01,0.0,0.0,0.0,1.0,2.0,0.0,0.0,2.0,1.0,1.0,2.0,1.0,5.0,0.0,2.0,3.0,4.0,4.0,0.0,0.0,1.0,0.0,0.0,1.0,2.0,2.0,0.0,1.0,1.0,0.0,0.0,4.0,5.0,1.0,0.0,0.0,1.0,7.0,1.0,2.0,0.0,3.0,7.0,1.0,0.0,3.0,0.0,3.0,1.0,1.0,0.0,1.0,0.0,77.0
2021-10-04,0.0,0.0,0.0,0.0,0.0,1.0,0.0,0.0,1.0,0.0,1.0,2.0,2.0,0.0,2.0,1.0,2.0,3.0,0.0,0.0,1.0,0.0,1.0,3.0,0.0,4.0,0.0,0.0,0.0,0.0,0.0,0.0,0.0,2.0,0.0,2.0,1.0,6.0,3.0,0.0,1.0,4.0,1.0,2.0,0.0,3.0,0.0,0.0,1.0,1.0,0.0,0.0,0.0,51.0
2021-10-08,0.0,3.0,0.0,1.0,1.0,0.0,0.0,0.0,1.0,0.0,1.0,0.0,3.0,0.0,0.0,6.0,0.0,3.0,1.0,0.0,3.0,1.0,4.0,4.0,2.0,7.0,0.0,4.0,0.0,0.0,0.0,0.0,1.0,2.0,1.0,3.0,3.0,4.0,3.0,1.0,5.0,3.0,3.0,0.0,0.0,1.0,0.0,1.0,2.0,0.0,1.0,1.0,0.0,80.0
2021-10-11,0.0,0.0,0.0,2.0,2.0,0.0,1.0,0.0,3.0,0.0,1.0,0.0,2.0,0.0,2.0,1.0,3.0,2.0,0.0,0.0,3.0,1.0,1.0,1.0,2.0,2.0,2.0,1.0,1.0,1.0,0.0,0.0,0.0,1.0,1.0,1.0,2.0,4.0,1.0,2.0,1.0,0.0,1.0,2.0,1.0,1.0,0.0,1.0,2.0,0.0,0.0,0.0,0.0,55.0
2021-10-15,0.0,1.0,1.0,0.0,4.0,0.0,0.0,1.0,2.0,1.0,1.0,2.0,3.0,1.0,0.0,8.0,1.0,0.0,0.0,1.0,1.0,1.0,3.0,1.0,0.0,5.0,0.0,0.0,2.0,0.0,1.0,3.0,1.0,4.0,1.0,6.0,6.0,10.0,1.0,0.0,2.0,1.0,6.0,1.0,1.0,0.0,0.0,2.0,4.0,1.0,0.0,2.0,0.0,93.0
2021-10-18,0.0,0.0,0.0,1.0,3.0,0.0,0.0,0.0,0.0,1.0,2.0,1.0,0.0,0.0,0.0,1.0,0.0,3.0,2.0,1.0,0.0,0.0,2.0,5.0,1.0,6.0,0.0,0.0,0.0,1.0,0.0,2.0,0.0,3.0,0.0,2.0,1.0,4.0,2.0,2.0,0.0,1.0,5.0,2.0,0.0,3.0,0.0,0.0,1.0,0.0,0.0,0.0,0.0,58.0
2021-10-22,0.0,0.0,0.0,0.0,3.0,3.0,3.0,0.0,1.0,0.0,5.0,2.0,3.0,0.0,2.0,8.0,0.0,4.0,0.0,2.0,6.0,2.0,0.0,1.0,0.0,7.0,0.0,0.0,0.0,1.0,0.0,0.0,2.0,3.0,0.0,1.0,2.0,4.0,0.0,6.0,1.0,0.0,5.0,0.0,1.0,1.0,0.0,3.0,2.0,1.0,0.0,2.0,0.0,87.0
2021-10-25,0.0,2.0,1.0,3.0,1.0,0.0,1.0,0.0,0.0,0.0,3.0,0.0,1.0,0.0,1.0,1.0,1.0,1.0,1.0,1.0,2.0,2.0,0.0,2.0,2.0,3.0,0.0,3.0,0.0,1.0,0.0,0.0,3.0,3.0,0.0,1.0,1.0,2.0,1.0,0.0,2.0,2.0,5.0,1.0,0.0,0.0,0.0,2.0,2.0,0.0,0.0,0.0,0.0,58.0
2021-10-29,0.0,1.0,2.0,2.0,3.0,0.0,3.0,0.0,3.0,2.0,1.0,3.0,1.0,0.0,0.0,7.0,2.0,0.0,1.0,1.0,6.0,0.0,3.0,1.0,2.0,4.0,0.0,1.0,1.0,1.0,0.0,6.0,0.0,2.0,0.0,1.0,6.0,4.0,1.0,4.0,0.0,3.0,2.0,2.0,0.0,1.0,0.0,0.0,6.0,0.0,0.0,1.0,0.0,90.0
2021-11-01,0.0,0.0,0.0,1.0,3.0,2.0,2.0,0.0,1.0,0.0,0.0,1.0,1.0,0.0,0.0,2.0,0.0,1.0,0.0,0.0,2.0,0.0,2.0,2.0,3.0,7.0,0.0,3.0,1.0,0.0,0.0,1.0,1.0,3.0,0.0,0.0,2.0,8.0,1.0,3.0,1.0,1.0,2.0,1.0,0.0,2.0,1.0,1.0,2.0,2.0,1.0,1.0,0.0,68.0
2021-11-05,0.0,1.0,0.0,1.0,1.0,3.0,2.0,0.0,4.0,1.0,3.0,1.0,0.0,0.0,3.0,6.0,3.0,1.0,1.0,0.0,3.0,0.0,2.0,0.0,0.0,6.0,0.0,1.0,3.0,0.0,2.0,0.0,2.0,6.0,0.0,4.0,3.0,3.0,3.0,3.0,1.0,3.0,2.0,2.0,0.0,1.0,0.0,1.0,6.0,1.0,0.0,1.0,0.0,90.0
2021-11-08,0.0,3.0,0.0,2.0,1.0,0.0,3.0,1.0,0.0,0.0,1.0,3.0,3.0,0.0,1.0,3.0,3.0,4.0,2.0,1.0,1.0,0.0,2.0,0.0,1.0,7.0,0.0,1.0,4.0,0.0,1.0,4.0,1.0,3.0,0.0,2.0,2.0,4.0,1.0,2.0,2.0,2.0,6.0,1.0,0.0,2.0,1.0,3.0,4.0,0.0,0.0,2.0,0.0,90.0
2021-11-12,0.0,2.0,0.0,1.0,2.0,2.0,2.0,0.0,3.0,1.0,2.0,0.0,1.0,0.0,4.0,2.0,1.0,6.0,3.0,0.0,6.0,0.0,1.0,2.0,1.0,8.0,0.0,1.0,3.0,0.0,0.0,1.0,0.0,3.0,0.0,3.0,3.0,7.0,1.0,1.0,4.0,5.0,4.0,1.0,1.0,1.0,0.0,1.0,5.0,2.0,1.0,0.0,0.0,98.0
2021-11-15,0.0,2.0,0.0,2.0,2.0,1.0,4.0,0.0,0.0,0.0,1.0,4.0,3.0,0.0,1.0,2.0,2.0,2.0,0.0,1.0,2.0,0.0,1.0,0.0,3.0,6.0,0.0,2.0,5.0,1.0,0.0,2.0,3.0,2.0,0.0,4.0,1.0,5.0,1.0,3.0,0.0,1.0,3.0,2.0,1.0,3.0,1.0,0.0,4.0,1.0,0.0,2.0,0.0,86.0
2021-11-19,0.0,0.0,1.0,0.0,5.0,1.0,4.0,0.0,2.0,2.0,1.0,5.0,1.0,0.0,6.0,9.0,2.0,2.0,0.0,1.0,8.0,1.0,1.0,2.0,1.0,9.0,0.0,0.0,2.0,0.0,2.0,5.0,0.0,3.0,1.0,1.0,2.0,3.0,4.0,3.0,1.0,4.0,3.0,1.0,0.0,2.0,1.0,4.0,5.0,0.0,0.0,3.0,0.0,114.0
2021-11-22,0.0,0.0,0.0,2.0,1.0,0.0,1.0,0.0,1.0,1.0,1.0,0.0,2.0,1.0,1.0,3.0,1.0,3.0,0.0,1.0,1.0,0.0,0.0,1.0,1.0,8.0,0.0,2.0,2.0,0.0,0.0,1.0,1.0,3.0,0.0,3.0,2.0,5.0,2.0,1.0,3.0,1.0,2.0,3.0,0.0,2.0,0.0,0.0,8.0,1.0,0.0,2.0,0.0,74.0
2021-11-26,-1.0,2.0,1.0,7.0,1.0,4.0,2.0,1.0,7.0,0.0,5.0,3.0,4.0,1.0,1.0,6.0,4.0,10.0,2.0,-1.0,8.0,2.0,3.0,4.0,0.0,34.0,0.0,-1.0,-1.0,1.0,3.0,6.0,0.0,2.0,2.0,2.0,0.0,14.0,0.0,-6.0,2.0,4.0,6.0,6.0,0.0,5.0,-1.0,-1.0,1.0,0.0,0.0,0.0,0.0,154.0
2021-11-29,0.0,0.0,1.0,2.0,5.0,2.0,6.0,1.0,7.0,2.0,1.0,5.0,2.0,0.0,1.0,7.0,3.0,3.0,0.0,0.0,5.0,0.0,2.0,3.0,0.0,8.0,1.0,2.0,4.0,1.0,2.0,2.0,1.0,5.0,0.0,3.0,7.0,5.0,3.0,2.0,1.0,7.0,6.0,0.0,4.0,2.0,0.0,3.0,8.0,0.0,1.0,0.0,0.0,136.0
2021-12-03,0.0,2.0,1.0,0.0,1.0,-2.0,4.0,1.0,1.0,0.0,0.0,1.0,4.0,1.0,0.0,2.0,1.0,0.0,0.0,0.0,2.0,1.0,3.0,1.0,0.0,-1.0,1.0,2.0,0.0,1.0,0.0,0.0,0.0,3.0,0.0,2.0,5.0,5.0,0.0,2.0,2.0,2.0,3.0,-1.0,1.0,0.0,0.0,2.0,-1.0,0.0,0.0,0.0,0.0,52.0
2021-12-06,0.0,1.0,0.0,-1.0,-1.0,1.0,4.0,1.0,2.0,1.0,1.0,0.0,-1.0,1.0,2.0,2.0,2.0,2.0,0.0,0.0,0.0,-1.0,-1.0,2.0,1.0,-11.0,0.0,0.0,1.0,1.0,0.0,1.0,1.0,2.0,0.0,1.0,5.0,7.0,-1.0,0.0,3.0,1.0,2.0,-3.0,-1.0,1.0,0.0,-1.0,0.0,-1.0,0.0,0.0,0.0,26.0
2021-12-10,0.0,1.0,1.0,-2.0,1.0,1.0,1.0,0.0,1.0,0.0,0.0,0.0,2.0,0.0,1.0,3.0,1.0,0.0,1.0,2.0,5.0,2.0,2.0,2.0,2.0,-3.0,0.0,0.0,2.0,0.0,1.0,0.0,1.0,3.0,0.0,2.0,2.0,6.0,3.0,7.0,2.0,4.0,9.0,1.0,1.0,-2.0,0.0,1.0,2.0,0.0,2.0,0.0,0.0,71.0
2021-12-13,0.0,0.0,0.0,2.0,4.0,1.0,3.0,0.0,3.0,0.0,1.0,0.0,0.0,0.0,0.0,3.0,3.0,2.0,1.0,0.0,5.0,0.0,0.0,0.0,0.0,3.0,0.0,-1.0,1.0,0.0,2.0,1.0,1.0,1.0,1.0,2.0,2.0,5.0,2.0,2.0,4.0,0.0,2.0,3.0,1.0,0.0,0.0,1.0,0.0,0.0,0.0,1.0,0.0,62.0
2021-12-17,0.0,3.0,1.0,-2.0,3.0,2.0,2.0,0.0,2.0,0.0,0.0,0.0,0.0,-1.0,3.0,8.0,1.0,5.0,0.0,0.0,3.0,1.0,0.0,5.0,1.0,-2.0,0.0,0.0,3.0,0.0,1.0,-1.0,2.0,1.0,0.0,2.0,0.0,6.0,3.0,2.0,0.0,6.0,1.0,3.0,1.0,3.0,0.0,0.0,2.0,0.0,1.0,0.0,0.0,71.0
2021-12-20,0.0,2.0,0.0,0.0,5.0,0.0,1.0,0.0,3.0,0.0,3.0,1.0,0.0,1.0,1.0,5.0,0.0,4.0,0.0,2.0,0.0,-1.0,3.0,0.0,1.0,11.0,0.0,3.0,6.0,0.0,0.0,0.0,2.0,5.0,0.0,7.0,3.0,4.0,1.0,0.0,4.0,4.0,4.0,4.0,0.0,1.0,0.0,1.0,2.0,0.0,1.0,2.0,0.0,96.0
2021-12-24,0.0,1.0,-1.0,1.0,3.0,0.0,1.0,0.0,-1.0,0.0,3.0,1.0,0.0,1.0,1.0,4.0,1.0,2.0,1.0,1.0,2.0,0.0,0.0,0.0,2.0,5.0,0.0,3.0,2.0,0.0,1.0,0.0,1.0,3.0,1.0,4.0,1.0,3.0,1.0,4.0,0.0,2.0,5.0,1.0,0.0,1.0,0.0,0.0,1.0,0.0,0.0,0.0,0.0,62.0
2021-12-27,0.0,2.0,0.0,2.0,2.0,0.0,3.0,0.0,4.0,0.0,0.0,0.0,2.0,0.0,1.0,7.0,1.0,1.0,0.0,1.0,2.0,1.0,0.0,6.0,3.0,5.0,0.0,1.0,1.0,0.0,1.0,0.0,2.0,0.0,0.0,1.0,2.0,5.0,0.0,1.0,1.0,3.0,1.0,1.0,0.0,0.0,1.0,0.0,3.0,0.0,0.0,0.0,0.0,67.0
2021-12-31,0.0,2.0,0.0,1.0,3.0,1.0,4.0,0.0,8.0,0.0,0.0,1.0,2.0,0.0,5.0,5.0,1.0,2.0,0.0,1.0,1.0,2.0,1.0,0.0,2.0,6.0,1.0,2.0,4.0,0.0,2.0,2.0,0.0,1.0,0.0,0.0,3.0,7.0,4.0,1.0,3.0,2.0,2.0,-1.0,0.0,3.0,0.0,1.0,3.0,1.0,1.0,0.0,0.0,90.0
2022-01-03,0.0,0.0,0.0,1.0,2.0,0.0,1.0,0.0,1.0,0.0,0.0,0.0,4.0,1.0,2.0,4.0,1.0,0.0,0.0,1.0,1.0,0.0,0.0,0.0,2.0,6.0,0.0,1.0,3.0,1.0,0.0,1.0,0.0,5.0,0.0,0.0,1.0,5.0,1.0,0.0,1.0,2.0,1.0,2.0,1.0,0.0,0.0,1.0,2.0,0.0,0.0,1.0,0.0,56.0
2022-01-07,0.0,1.0,0.0,2.0,5.0,3.0,4.0,0.0,2.0,2.0,0.0,1.0,0.0,0.0,1.0,7.0,3.0,0.0,0.0,0.0,1.0,1.0,2.0,2.0,1.0,6.0,1.0,1.0,0.0,1.0,2.0,2.0,0.0,3.0,0.0,2.0,2.0,3.0,0.0,4.0,1.0,1.0,2.0,1.0,0.0,2.0,0.0,1.0,3.0,1.0,0.0,1.0,0.0,78.0
2022-01-10,0.0,0.0,0.0,0.0,-1.0,0.0,0.0,0.0,0.0,0.0,0.0,0.0,-1.0,0.0,0.0,0.0,0.0,0.0,0.0,0.0,0.0,0.0,0.0,0.0,0.0,0.0,0.0,0.0,0.0,0.0,0.0,0.0,0.0,-1.0,0.0,0.0,0.0,0.0,0.0,0.0,0.0,-1.0,-1.0,0.0,0.0,0.0,0.0,0.0,0.0,0.0,0.0,0.0,0.0,-5.0
2022-01-14,0.0,2.0,1.0,1.0,7.0,6.0,2.0,1.0,4.0,0.0,2.0,0.0,1.0,0.0,2.0,6.0,3.0,2.0,1.0,1.0,1.0,2.0,3.0,4.0,5.0,5.0,0.0,2.0,5.0,0.0,0.0,3.0,1.0,6.0,0.0,3.0,7.0,11.0,0.0,1.0,4.0,2.0,4.0,1.0,1.0,3.0,0.0,1.0,2.0,2.0,0.0,2.0,0.0,123.0
2022-01-17,0.0,2.0,0.0,0.0,1.0,0.0,1.0,1.0,3.0,0.0,1.0,0.0,4.0,1.0,3.0,2.0,2.0,2.0,1.0,3.0,4.0,0.0,1.0,1.0,0.0,3.0,0.0,3.0,2.0,0.0,1.0,2.0,1.0,2.0,1.0,0.0,3.0,1.0,1.0,1.0,1.0,1.0,7.0,3.0,1.0,2.0,0.0,0.0,4.0,1.0,2.0,1.0,0.0,77.0
2022-01-21,0.0,0.0,0.0,2.0,2.0,1.0,3.0,0.0,0.0,0.0,3.0,0.0,1.0,0.0,1.0,4.0,0.0,2.0,1.0,1.0,2.0,3.0,0.0,1.0,1.0,3.0,0.0,1.0,2.0,0.0,1.0,1.0,1.0,1.0,0.0,4.0,2.0,5.0,3.0,1.0,1.0,1.0,1.0,1.0,0.0,1.0,0.0,0.0,5.0,0.0,0.0,0.0,0.0,63.0
2022-01-24,0.0,1.0,0.0,2.0,1.0,2.0,-1.0,0.0,1.0,0.0,1.0,2.0,0.0,0.0,0.0,-2.0,1.0,1.0,-1.0,0.0,2.0,0.0,2.0,1.0,2.0,11.0,0.0,4.0,-1.0,2.0,1.0,1.0,-1.0,0.0,0.0,-2.0,2.0,5.0,0.0,0.0,0.0,2.0,2.0,-3.0,1.0,-1.0,0.0,1.0,5.0,0.0,2.0,0.0,0.0,46.0
2022-01-28,0.0,1.0,0.0,5.0,5.0,0.0,0.0,0.0,4.0,0.0,3.0,1.0,2.0,0.0,3.0,3.0,0.0,1.0,0.0,1.0,1.0,3.0,1.0,1.0,1.0,8.0,0.0,1.0,4.0,1.0,0.0,1.0,2.0,3.0,0.0,3.0,-1.0,6.0,1.0,1.0,1.0,2.0,0.0,-1.0,1.0,8.0,0.0,-1.0,3.0,0.0,0.0,1.0,0.0,80.0
2022-01-31,0.0,1.0,0.0,1.0,3.0,1.0,1.0,2.0,1.0,0.0,1.0,1.0,4.0,0.0,0.0,3.0,1.0,4.0,2.0,1.0,2.0,0.0,1.0,1.0,0.0,2.0,0.0,3.0,4.0,0.0,0.0,2.0,0.0,5.0,0.0,1.0,3.0,5.0,2.0,0.0,5.0,2.0,1.0,0.0,0.0,2.0,0.0,3.0,4.0,1.0,0.0,0.0,0.0,76.0
2022-02-04,0.0,0.0,0.0,0.0,5.0,2.0,1.0,0.0,5.0,1.0,2.0,1.0,3.0,0.0,0.0,7.0,3.0,4.0,4.0,1.0,6.0,1.0,4.0,1.0,1.0,8.0,0.0,3.0,4.0,0.0,0.0,2.0,1.0,1.0,0.0,0.0,3.0,7.0,2.0,2.0,1.0,4.0,4.0,2.0,0.0,5.0,0.0,5.0,3.0,0.0,0.0,1.0,0.0,110.0
2022-02-07,0.0,2.0,1.0,2.0,2.0,2.0,1.0,2.0,4.0,0.0,3.0,2.0,1.0,0.0,1.0,7.0,3.0,3.0,2.0,2.0,6.0,1.0,0.0,5.0,1.0,2.0,0.0,0.0,3.0,1.0,1.0,3.0,3.0,4.0,1.0,2.0,2.0,6.0,3.0,2.0,3.0,2.0,1.0,2.0,1.0,1.0,0.0,-1.0,4.0,1.0,0.0,0.0,0.0,100.0
2022-02-11,1.0,4.0,1.0,2.0,3.0,1.0,6.0,0.0,5.0,1.0,4.0,5.0,5.0,3.0,4.0,12.0,4.0,9.0,0.0,1.0,11.0,4.0,7.0,3.0,1.0,11.0,1.0,3.0,4.0,3.0,1.0,2.0,1.0,7.0,2.0,5.0,10.0,14.0,6.0,3.0,5.0,1.0,6.0,2.0,2.0,5.0,0.0,5.0,9.0,4.0,0.0,4.0,0.0,213.0
2022-02-14,0.0,3.0,1.0,1.0,1.0,0.0,6.0,0.0,3.0,1.0,1.0,1.0,7.0,1.0,4.0,11.0,6.0,8.0,2.0,0.0,9.0,2.0,4.0,4.0,5.0,10.0,0.0,7.0,2.0,1.0,1.0,0.0,0.0,7.0,0.0,5.0,6.0,14.0,4.0,0.0,3.0,4.0,4.0,0.0,0.0,6.0,0.0,1.0,9.0,0.0,1.0,2.0,0.0,168.0
2022-02-18,0.0,4.0,0.0,1.0,9.0,3.0,8.0,2.0,9.0,0.0,5.0,1.0,7.0,1.0,9.0,16.0,6.0,5.0,6.0,0.0,6.0,2.0,4.0,3.0,3.0,6.0,0.0,6.0,12.0,3.0,1.0,6.0,5.0,6.0,2.0,6.0,4.0,14.0,3.0,9.0,3.0,9.0,9.0,5.0,2.0,3.0,0.0,4.0,11.0,4.0,2.0,1.0,0.0,246.0
2022-02-21,0.0,2.0,0.0,2.0,7.0,2.0,5.0,0.0,2.0,0.0,0.0,0.0,2.0,1.0,5.0,16.0,3.0,6.0,3.0,1.0,4.0,1.0,3.0,4.0,3.0,5.0,0.0,6.0,4.0,2.0,1.0,1.0,1.0,5.0,0.0,3.0,4.0,15.0,2.0,5.0,5.0,4.0,5.0,3.0,1.0,6.0,0.0,6.0,1.0,0.0,1.0,2.0,0.0,160.0
2022-02-25,1.0,4.0,0.0,5.0,2.0,4.0,8.0,1.0,13.0,2.0,6.0,4.0,7.0,2.0,7.0,15.0,3.0,5.0,3.0,2.0,9.0,2.0,6.0,6.0,7.0,18.0,0.0,4.0,5.0,1.0,2.0,4.0,1.0,6.0,0.0,3.0,6.0,17.0,3.0,6.0,3.0,11.0,9.0,8.0,3.0,6.0,0.0,2.0,7.0,2.0,1.0,2.0,0.0,254.0
2022-02-28,0.0,2.0,0.0,0.0,5.0,1.0,6.0,2.0,7.0,1.0,6.0,3.0,2.0,0.0,3.0,17.0,1.0,5.0,3.0,3.0,7.0,1.0,4.0,3.0,5.0,13.0,0.0,1.0,5.0,3.0,4.0,3.0,3.0,5.0,0.0,1.0,3.0,13.0,5.0,6.0,2.0,7.0,12.0,1.0,1.0,4.0,1.0,3.0,9.0,1.0,1.0,1.0,0.0,195.0
2022-03-04,1.0,2.0,2.0,2.0,4.0,6.0,5.0,0.0,4.0,1.0,3.0,4.0,3.0,1.0,1.0,21.0,6.0,4.0,5.0,2.0,3.0,5.0,0.0,4.0,0.0,14.0,1.0,2.0,7.0,2.0,3.0,4.0,1.0,8.0,2.0,3.0,5.0,19.0,5.0,7.0,4.0,6.0,6.0,4.0,0.0,3.0,0.0,5.0,7.0,1.0,0.0,1.0,0.0,209.0
2022-03-07,0.0,2.0,1.0,0.0,3.0,4.0,4.0,1.0,5.0,2.0,7.0,1.0,2.0,0.0,4.0,6.0,6.0,3.0,3.0,2.0,6.0,0.0,5.0,2.0,3.0,9.0,0.0,2.0,7.0,2.0,1.0,4.0,1.0,3.0,0.0,2.0,4.0,7.0,1.0,4.0,5.0,5.0,6.0,3.0,1.0,6.0,0.0,4.0,5.0,3.0,0.0,1.0,0.0,158.0
2022-03-11,0.0,3.0,0.0,1.0,6.0,0.0,5.0,2.0,6.0,2.0,4.0,4.0,1.0,1.0,6.0,14.0,2.0,6.0,4.0,1.0,7.0,2.0,1.0,2.0,6.0,15.0,0.0,5.0,4.0,2.0,1.0,3.0,4.0,3.0,0.0,10.0,5.0,12.0,2.0,3.0,6.0,6.0,7.0,3.0,0.0,6.0,0.0,2.0,11.0,2.0,0.0,4.0,0.0,202.0
2022-03-14,0.0,1.0,0.0,2.0,4.0,1.0,3.0,2.0,2.0,0.0,2.0,2.0,3.0,1.0,1.0,7.0,1.0,4.0,0.0,1.0,5.0,1.0,0.0,1.0,1.0,13.0,0.0,7.0,7.0,2.0,1.0,6.0,2.0,7.0,1.0,2.0,7.0,10.0,4.0,4.0,0.0,5.0,10.0,0.0,0.0,6.0,0.0,2.0,7.0,1.0,2.0,1.0,0.0,152.0
2022-03-18,0.0,2.0,0.0,0.0,4.0,0.0,2.0,0.0,7.0,0.0,3.0,0.0,4.0,1.0,0.0,9.0,3.0,3.0,1.0,5.0,4.0,0.0,1.0,6.0,3.0,15.0,0.0,5.0,6.0,2.0,1.0,6.0,4.0,3.0,1.0,3.0,9.0,19.0,4.0,5.0,4.0,3.0,7.0,5.0,1.0,8.0,2.0,6.0,14.0,3.0,0.0,0.0,0.0,194.0
2022-03-21,1.0,2.0,1.0,0.0,6.0,0.0,5.0,1.0,1.0,0.0,1.0,2.0,3.0,0.0,3.0,13.0,1.0,4.0,2.0,0.0,5.0,1.0,4.0,1.0,2.0,10.0,0.0,3.0,2.0,2.0,3.0,2.0,2.0,7.0,0.0,2.0,9.0,10.0,2.0,3.0,5.0,2.0,5.0,1.0,0.0,1.0,-1.0,1.0,9.0,1.0,0.0,1.0,0.0,141.0
2022-03-25,2.0,3.0,0.0,4.0,6.0,0.0,7.0,0.0,4.0,4.0,3.0,1.0,0.0,2.0,5.0,5.0,4.0,0.0,3.0,1.0,5.0,2.0,3.0,1.0,3.0,1.0,0.0,2.0,0.0,0.0,2.0,1.0,2.0,2.0,1.0,2.0,3.0,15.0,1.0,1.0,6.0,2.0,5.0,2.0,0.0,1.0,0.0,2.0,2.0,3.0,0.0,2.0,0.0,126.0
2022-03-28,0.0,2.0,0.0,3.0,3.0,1.0,3.0,0.0,0.0,2.0,3.0,2.0,1.0,1.0,2.0,6.0,3.0,0.0,2.0,3.0,2.0,3.0,1.0,4.0,1.0,8.0,1.0,2.0,2.0,2.0,2.0,4.0,3.0,4.0,2.0,4.0,1.0,14.0,3.0,5.0,3.0,1.0,6.0,4.0,0.0,4.0,0.0,0.0,8.0,2.0,0.0,1.0,0.0,134.0
2022-04-01,0.0,2.0,0.0,2.0,4.0,4.0,3.0,0.0,2.0,0.0,4.0,3.0,3.0,1.0,4.0,11.0,0.0,6.0,2.0,0.0,9.0,2.0,1.0,2.0,4.0,11.0,1.0,2.0,6.0,1.0,1.0,6.0,1.0,4.0,0.0,8.0,3.0,9.0,2.0,1.0,3.0,2.0,9.0,3.0,1.0,3.0,0.0,2.0,8.0,1.0,1.0,0.0,0.0,158.0
2022-04-04,0.0,0.0,0.0,0.0,1.0,3.0,4.0,0.0,3.0,1.0,1.0,0.0,1.0,4.0,3.0,14.0,1.0,2.0,1.0,1.0,2.0,2.0,0.0,5.0,2.0,9.0,0.0,5.0,5.0,1.0,2.0,0.0,3.0,5.0,0.0,3.0,2.0,13.0,0.0,4.0,2.0,2.0,4.0,0.0,2.0,1.0,0.0,0.0,4.0,2.0,0.0,3.0,0.0,123.0
2022-04-08,0.0,2.0,0.0,0.0,3.0,2.0,3.0,0.0,6.0,0.0,4.0,0.0,2.0,1.0,0.0,8.0,1.0,10.0,2.0,1.0,3.0,1.0,2.0,3.0,3.0,2.0,0.0,1.0,4.0,2.0,2.0,5.0,2.0,4.0,0.0,4.0,4.0,13.0,1.0,7.0,5.0,3.0,6.0,4.0,0.0,1.0,0.0,1.0,3.0,1.0,1.0,0.0,0.0,133.0
2022-04-11,0.0,1.0,0.0,0.0,3.0,1.0,2.0,2.0,4.0,0.0,1.0,2.0,4.0,0.0,4.0,6.0,0.0,3.0,0.0,1.0,5.0,1.0,2.0,3.0,1.0,11.0,0.0,3.0,3.0,0.0,3.0,2.0,2.0,2.0,1.0,2.0,5.0,7.0,1.0,1.0,2.0,3.0,5.0,0.0,2.0,3.0,1.0,2.0,6.0,2.0,0.0,0.0,0.0,115.0
2022-04-15,0.0,2.0,1.0,0.0,2.0,2.0,2.0,1.0,5.0,0.0,2.0,2.0,2.0,0.0,4.0,9.0,2.0,2.0,2.0,2.0,3.0,1.0,4.0,5.0,4.0,9.0,1.0,1.0,5.0,0.0,1.0,2.0,7.0,5.0,0.0,3.0,4.0,6.0,3.0,2.0,5.0,2.0,3.0,2.0,0.0,2.0,1.0,4.0,1.0,0.0,1.0,0.0,0.0,129.0
2022-04-18,0.0,1.0,0.0,2.0,0.0,1.0,1.0,1.0,3.0,0.0,0.0,1.0,0.0,0.0,0.0,5.0,1.0,3.0,0.0,0.0,3.0,1.0,1.0,0.0,0.0,4.0,0.0,1.0,1.0,0.0,1.0,2.0,0.0,1.0,0.0,2.0,3.0,7.0,0.0,0.0,1.0,3.0,1.0,0.0,0.0,4.0,0.0,2.0,1.0,0.0,0.0,1.0,0.0,59.0
2022-04-22,0.0,3.0,1.0,1.0,1.0,1.0,2.0,0.0,2.0,1.0,0.0,2.0,2.0,1.0,6.0,8.0,1.0,3.0,3.0,4.0,2.0,1.0,3.0,1.0,5.0,7.0,0.0,1.0,2.0,1.0,2.0,3.0,3.0,5.0,0.0,4.0,7.0,15.0,4.0,1.0,4.0,6.0,8.0,1.0,0.0,3.0,0.0,1.0,5.0,0.0,0.0,0.0,0.0,137.0
2022-04-25,0.0,0.0,0.0,0.0,4.0,0.0,0.0,0.0,1.0,1.0,2.0,0.0,0.0,0.0,0.0,1.0,0.0,1.0,1.0,0.0,2.0,0.0,0.0,2.0,4.0,3.0,0.0,1.0,0.0,1.0,0.0,0.0,1.0,0.0,0.0,0.0,0.0,5.0,0.0,0.0,2.0,0.0,0.0,1.0,0.0,3.0,0.0,1.0,2.0,0.0,0.0,2.0,0.0,41.0
2022-04-29,0.0,3.0,1.0,2.0,3.0,2.0,2.0,1.0,2.0,1.0,1.0,4.0,2.0,1.0,0.0,9.0,2.0,4.0,0.0,3.0,6.0,2.0,4.0,4.0,5.0,12.0,1.0,4.0,9.0,0.0,2.0,2.0,1.0,5.0,0.0,6.0,6.0,8.0,0.0,2.0,6.0,1.0,8.0,1.0,0.0,0.0,0.0,5.0,5.0,1.0,0.0,0.0,0.0,149.0
2022-05-02,0.0,3.0,0.0,0.0,4.0,2.0,1.0,0.0,2.0,0.0,0.0,2.0,3.0,0.0,2.0,6.0,1.0,1.0,0.0,0.0,1.0,0.0,0.0,2.0,4.0,7.0,0.0,1.0,3.0,1.0,1.0,2.0,2.0,5.0,0.0,2.0,3.0,5.0,2.0,1.0,2.0,2.0,5.0,1.0,3.0,0.0,0.0,2.0,5.0,1.0,0.0,2.0,0.0,92.0
2022-05-06,0.0,0.0,0.0,2.0,3.0,3.0,2.0,1.0,1.0,0.0,4.0,1.0,2.0,0.0,1.0,7.0,1.0,2.0,0.0,2.0,6.0,1.0,1.0,1.0,0.0,5.0,0.0,4.0,1.0,0.0,1.0,4.0,6.0,7.0,1.0,4.0,5.0,8.0,1.0,0.0,2.0,3.0,3.0,1.0,0.0,1.0,1.0,1.0,6.0,0.0,0.0,2.0,0.0,108.0
2022-05-09,0.0,1.0,0.0,2.0,4.0,1.0,2.0,0.0,2.0,0.0,2.0,2.0,1.0,0.0,1.0,4.0,0.0,3.0,0.0,1.0,5.0,1.0,1.0,0.0,4.0,4.0,0.0,3.0,2.0,0.0,1.0,2.0,2.0,3.0,0.0,3.0,3.0,7.0,1.0,2.0,0.0,1.0,5.0,0.0,1.0,6.0,0.0,0.0,6.0,0.0,0.0,1.0,0.0,90.0
2022-05-13,0.0,3.0,0.0,0.0,5.0,1.0,3.0,1.0,5.0,0.0,3.0,0.0,1.0,1.0,4.0,7.0,2.0,5.0,1.0,0.0,1.0,0.0,2.0,0.0,1.0,9.0,0.0,3.0,0.0,1.0,4.0,1.0,1.0,6.0,0.0,4.0,6.0,6.0,2.0,1.0,3.0,3.0,7.0,3.0,0.0,4.0,0.0,4.0,3.0,1.0,0.0,1.0,0.0,119.0
2022-05-16,0.0,0.0,2.0,1.0,1.0,1.0,0.0,1.0,3.0,0.0,0.0,2.0,2.0,1.0,3.0,10.0,5.0,1.0,0.0,0.0,8.0,0.0,1.0,0.0,1.0,3.0,0.0,2.0,3.0,0.0,2.0,5.0,3.0,2.0,0.0,2.0,1.0,6.0,1.0,1.0,2.0,5.0,2.0,1.0,1.0,2.0,0.0,1.0,5.0,1.0,1.0,2.0,0.0,97.0
2022-05-20,0.0,1.0,0.0,0.0,6.0,2.0,1.0,0.0,2.0,1.0,3.0,2.0,3.0,0.0,4.0,10.0,4.0,2.0,1.0,0.0,4.0,1.0,1.0,3.0,3.0,11.0,0.0,0.0,2.0,1.0,1.0,1.0,1.0,4.0,1.0,4.0,4.0,8.0,1.0,4.0,3.0,2.0,6.0,0.0,0.0,2.0,0.0,1.0,6.0,2.0,0.0,3.0,0.0,122.0
2022-05-23,0.0,0.0,0.0,0.0,3.0,0.0,2.0,0.0,3.0,4.0,1.0,1.0,0.0,0.0,5.0,4.0,1.0,2.0,1.0,1.0,3.0,1.0,0.0,0.0,1.0,7.0,1.0,1.0,0.0,0.0,1.0,1.0,0.0,2.0,0.0,2.0,2.0,7.0,1.0,0.0,1.0,7.0,4.0,0.0,0.0,2.0,0.0,1.0,5.0,1.0,0.0,0.0,0.0,79.0
2022-05-27,0.0,1.0,0.0,2.0,2.0,3.0,2.0,0.0,3.0,1.0,1.0,1.0,1.0,1.0,2.0,6.0,4.0,2.0,2.0,2.0,4.0,1.0,1.0,3.0,1.0,3.0,0.0,1.0,3.0,2.0,1.0,1.0,1.0,4.0,0.0,2.0,2.0,7.0,4.0,2.0,1.0,1.0,3.0,0.0,0.0,3.0,0.0,0.0,6.0,0.0,0.0,1.0,0.0,94.0
2022-05-30,0.0,0.0,1.0,0.0,2.0,0.0,1.0,2.0,1.0,0.0,2.0,0.0,2.0,1.0,0.0,6.0,2.0,3.0,1.0,1.0,0.0,2.0,1.0,4.0,0.0,2.0,1.0,1.0,2.0,2.0,1.0,0.0,1.0,6.0,0.0,4.0,0.0,8.0,0.0,3.0,1.0,2.0,2.0,1.0,0.0,4.0,0.0,1.0,3.0,3.0,0.0,1.0,0.0,81.0
2022-06-03,0.0,0.0,0.0,1.0,3.0,2.0,2.0,1.0,3.0,1.0,2.0,1.0,7.0,0.0,0.0,3.0,1.0,3.0,1.0,3.0,5.0,1.0,2.0,0.0,1.0,6.0,0.0,3.0,3.0,1.0,2.0,4.0,1.0,4.0,0.0,3.0,2.0,8.0,2.0,4.0,3.0,3.0,2.0,3.0,0.0,2.0,0.0,4.0,3.0,1.0,0.0,1.0,0.0,108.0
2022-06-06,0.0,0.0,0.0,1.0,2.0,0.0,3.0,2.0,2.0,4.0,3.0,3.0,5.0,1.0,2.0,9.0,2.0,2.0,1.0,1.0,3.0,2.0,1.0,1.0,2.0,5.0,0.0,3.0,2.0,1.0,0.0,3.0,1.0,6.0,1.0,3.0,4.0,7.0,0.0,0.0,1.0,1.0,7.0,0.0,0.0,2.0,0.0,0.0,6.0,0.0,1.0,1.0,0.0,107.0
2022-06-10,0.0,1.0,0.0,0.0,3.0,2.0,3.0,0.0,2.0,0.0,1.0,0.0,2.0,0.0,5.0,8.0,4.0,4.0,0.0,3.0,5.0,1.0,2.0,1.0,4.0,8.0,0.0,2.0,5.0,0.0,1.0,5.0,1.0,3.0,0.0,1.0,6.0,11.0,4.0,3.0,6.0,8.0,3.0,3.0,0.0,3.0,0.0,2.0,5.0,4.0,0.0,1.0,0.0,136.0
2022-06-13,1.0,2.0,0.0,0.0,4.0,3.0,1.0,0.0,4.0,1.0,1.0,1.0,0.0,2.0,2.0,5.0,2.0,3.0,1.0,0.0,2.0,0.0,0.0,0.0,1.0,8.0,0.0,2.0,6.0,2.0,1.0,1.0,3.0,6.0,1.0,2.0,5.0,10.0,6.0,4.0,3.0,0.0,9.0,2.0,0.0,1.0,0.0,2.0,4.0,0.0,0.0,1.0,0.0,115.0
2022-06-17,0.0,5.0,0.0,1.0,3.0,3.0,2.0,0.0,7.0,0.0,1.0,1.0,2.0,0.0,3.0,7.0,2.0,2.0,2.0,3.0,3.0,0.0,4.0,4.0,2.0,9.0,1.0,4.0,4.0,1.0,1.0,5.0,1.0,7.0,0.0,4.0,2.0,9.0,6.0,8.0,3.0,3.0,5.0,3.0,1.0,1.0,1.0,2.0,4.0,0.0,2.0,3.0,0.0,147.0
2022-06-20,0.0,4.0,1.0,4.0,3.0,4.0,1.0,0.0,2.0,0.0,1.0,2.0,4.0,0.0,0.0,7.0,2.0,3.0,0.0,3.0,2.0,1.0,1.0,1.0,1.0,4.0,0.0,1.0,2.0,0.0,2.0,4.0,1.0,6.0,0.0,3.0,7.0,4.0,1.0,1.0,5.0,3.0,9.0,1.0,0.0,2.0,0.0,1.0,3.0,1.0,0.0,2.0,0.0,110.0
2022-06-24,1.0,1.0,0.0,1.0,4.0,1.0,4.0,0.0,9.0,0.0,3.0,0.0,1.0,0.0,5.0,9.0,2.0,6.0,3.0,2.0,9.0,4.0,2.0,1.0,3.0,11.0,0.0,2.0,5.0,0.0,0.0,1.0,1.0,4.0,2.0,2.0,7.0,9.0,3.0,2.0,0.0,0.0,6.0,3.0,0.0,6.0,0.0,3.0,7.0,2.0,1.0,0.0,0.0,148.0
2022-06-27,0.0,2.0,0.0,1.0,3.0,0.0,1.0,1.0,1.0,1.0,3.0,3.0,1.0,1.0,2.0,6.0,3.0,6.0,2.0,2.0,4.0,1.0,1.0,2.0,2.0,5.0,1.0,1.0,8.0,1.0,1.0,0.0,1.0,2.0,1.0,7.0,3.0,9.0,7.0,2.0,8.0,4.0,4.0,1.0,0.0,3.0,0.0,3.0,10.0,1.0,0.0,3.0,0.0,135.0
2022-07-01,0.0,1.0,0.0,1.0,2.0,0.0,3.0,0.0,6.0,1.0,5.0,2.0,3.0,1.0,1.0,8.0,2.0,4.0,1.0,0.0,4.0,2.0,3.0,3.0,2.0,10.0,0.0,0.0,5.0,0.0,0.0,2.0,1.0,7.0,0.0,3.0,4.0,14.0,5.0,5.0,8.0,3.0,7.0,1.0,1.0,5.0,1.0,3.0,11.0,1.0,2.0,2.0,0.0,156.0
2022-07-04,0.0,1.0,0.0,2.0,4.0,0.0,4.0,0.0,3.0,0.0,2.0,1.0,2.0,2.0,2.0,11.0,4.0,2.0,0.0,2.0,6.0,3.0,3.0,4.0,4.0,7.0,0.0,2.0,0.0,1.0,2.0,3.0,2.0,3.0,0.0,3.0,4.0,5.0,7.0,2.0,5.0,8.0,2.0,0.0,0.0,2.0,0.0,3.0,9.0,0.0,0.0,0.0,0.0,132.0
2022-07-08,0.0,2.0,1.0,1.0,3.0,4.0,6.0,0.0,3.0,3.0,4.0,2.0,4.0,1.0,2.0,19.0,3.0,6.0,4.0,1.0,8.0,1.0,2.0,2.0,0.0,5.0,1.0,0.0,4.0,3.0,2.0,3.0,4.0,6.0,2.0,5.0,0.0,13.0,2.0,5.0,4.0,3.0,8.0,3.0,1.0,3.0,0.0,2.0,9.0,2.0,4.0,5.0,0.0,181.0
2022-07-11,0.0,2.0,0.0,2.0,2.0,1.0,2.0,0.0,2.0,1.0,1.0,3.0,3.0,0.0,1.0,8.0,0.0,1.0,4.0,1.0,4.0,0.0,1.0,2.0,6.0,7.0,0.0,3.0,5.0,1.0,2.0,2.0,2.0,6.0,0.0,4.0,0.0,10.0,5.0,2.0,1.0,4.0,1.0,0.0,1.0,10.0,0.0,1.0,6.0,2.0,0.0,2.0,0.0,124.0
2022-07-15,0.0,2.0,0.0,2.0,5.0,1.0,5.0,0.0,5.0,0.0,2.0,0.0,5.0,2.0,3.0,9.0,4.0,2.0,5.0,1.0,5.0,0.0,2.0,2.0,1.0,11.0,0.0,4.0,9.0,1.0,1.0,3.0,4.0,7.0,0.0,5.0,4.0,8.0,6.0,5.0,4.0,1.0,6.0,3.0,0.0,6.0,0.0,3.0,9.0,4.0,0.0,3.0,0.0,170.0
2022-07-18,0.0,2.0,0.0,1.0,4.0,0.0,7.0,1.0,3.0,0.0,0.0,3.0,4.0,1.0,3.0,11.0,2.0,2.0,1.0,3.0,3.0,0.0,3.0,4.0,2.0,7.0,0.0,1.0,5.0,0.0,2.0,3.0,0.0,5.0,1.0,8.0,1.0,15.0,1.0,6.0,2.0,2.0,4.0,3.0,0.0,5.0,0.0,2.0,10.0,2.0,0.0,1.0,0.0,146.0
2022-07-22,0.0,2.0,0.0,1.0,5.0,3.0,2.0,1.0,5.0,1.0,3.0,3.0,1.0,3.0,1.0,16.0,2.0,4.0,3.0,1.0,10.0,1.0,6.0,4.0,2.0,6.0,1.0,2.0,7.0,1.0,4.0,1.0,1.0,6.0,1.0,9.0,6.0,11.0,3.0,3.0,4.0,5.0,5.0,3.0,1.0,5.0,0.0,2.0,9.0,0.0,1.0,1.0,0.0,178.0
2022-07-25,1.0,4.0,0.0,1.0,5.0,0.0,10.0,2.0,1.0,2.0,7.0,2.0,6.0,0.0,3.0,7.0,5.0,4.0,5.0,1.0,4.0,2.0,0.0,2.0,3.0,8.0,1.0,3.0,6.0,2.0,1.0,4.0,2.0,3.0,0.0,10.0,1.0,12.0,0.0,2.0,3.0,2.0,7.0,1.0,0.0,5.0,0.0,0.0,11.0,0.0,0.0,2.0,0.0,163.0
2022-07-29,0.0,1.0,0.0,1.0,1.0,3.0,3.0,0.0,0.0,1.0,4.0,1.0,2.0,0.0,2.0,13.0,3.0,5.0,5.0,0.0,5.0,2.0,5.0,6.0,3.0,10.0,0.0,4.0,12.0,2.0,2.0,3.0,3.0,7.0,0.0,4.0,5.0,14.0,3.0,2.0,3.0,4.0,5.0,3.0,0.0,6.0,0.0,5.0,7.0,4.0,0.0,5.0,0.0,179.0
2022-08-01,0.0,4.0,0.0,0.0,4.0,2.0,5.0,0.0,1.0,0.0,2.0,1.0,2.0,0.0,1.0,4.0,0.0,6.0,2.0,0.0,4.0,2.0,1.0,3.0,1.0,6.0,0.0,3.0,5.0,1.0,1.0,1.0,2.0,7.0,0.0,2.0,3.0,7.0,2.0,1.0,2.0,0.0,4.0,2.0,2.0,5.0,0.0,1.0,6.0,1.0,1.0,2.0,0.0,112.0
2022-08-05,0.0,2.0,1.0,0.0,6.0,4.0,5.0,0.0,2.0,1.0,2.0,2.0,10.0,1.0,0.0,7.0,4.0,2.0,4.0,0.0,9.0,1.0,5.0,2.0,1.0,13.0,0.0,1.0,4.0,1.0,0.0,0.0,1.0,8.0,0.0,5.0,4.0,11.0,1.0,3.0,4.0,4.0,7.0,3.0,1.0,4.0,0.0,0.0,5.0,1.0,1.0,1.0,0.0,154.0
2022-08-08,0.0,1.0,1.0,0.0,3.0,2.0,3.0,0.0,1.0,1.0,2.0,0.0,8.0,1.0,0.0,6.0,3.0,1.0,2.0,2.0,2.0,3.0,3.0,2.0,0.0,5.0,0.0,0.0,4.0,2.0,1.0,2.0,0.0,12.0,1.0,4.0,1.0,11.0,6.0,4.0,2.0,3.0,7.0,0.0,2.0,5.0,0.0,0.0,3.0,1.0,0.0,0.0,0.0,123.0
2022-08-12,0.0,0.0,0.0,2.0,1.0,2.0,3.0,0.0,7.0,0.0,4.0,2.0,1.0,0.0,3.0,10.0,2.0,6.0,1.0,0.0,3.0,0.0,1.0,2.0,4.0,9.0,1.0,2.0,4.0,1.0,1.0,2.0,2.0,2.0,0.0,6.0,4.0,13.0,3.0,4.0,7.0,3.0,4.0,1.0,0.0,3.0,0.0,2.0,5.0,3.0,0.0,2.0,0.0,138.0
2022-08-15,0.0,1.0,1.0,1.0,3.0,2.0,2.0,1.0,4.0,0.0,3.0,5.0,3.0,0.0,3.0,3.0,1.0,3.0,1.0,0.0,5.0,2.0,0.0,4.0,2.0,10.0,0.0,3.0,3.0,1.0,1.0,2.0,2.0,2.0,0.0,6.0,5.0,8.0,2.0,1.0,2.0,3.0,8.0,3.0,1.0,1.0,0.0,2.0,2.0,4.0,0.0,2.0,0.0,124.0
2022-08-19,0.0,1.0,1.0,2.0,2.0,1.0,2.0,0.0,4.0,0.0,3.0,1.0,1.0,0.0,0.0,9.0,3.0,6.0,2.0,1.0,9.0,4.0,4.0,1.0,2.0,12.0,0.0,5.0,4.0,1.0,0.0,6.0,3.0,7.0,0.0,7.0,5.0,10.0,2.0,0.0,2.0,2.0,4.0,3.0,0.0,6.0,0.0,3.0,10.0,1.0,0.0,2.0,0.0,154.0
2022-08-22,0.0,2.0,1.0,0.0,0.0,1.0,5.0,0.0,2.0,3.0,1.0,2.0,3.0,1.0,2.0,8.0,5.0,3.0,1.0,0.0,2.0,0.0,2.0,2.0,2.0,6.0,0.0,2.0,6.0,1.0,0.0,2.0,0.0,1.0,1.0,5.0,2.0,10.0,1.0,1.0,0.0,2.0,3.0,1.0,0.0,3.0,0.0,2.0,6.0,0.0,0.0,0.0,0.0,103.0
2022-08-26,0.0,4.0,1.0,2.0,4.0,1.0,9.0,3.0,4.0,1.0,1.0,3.0,6.0,1.0,8.0,7.0,2.0,1.0,0.0,2.0,6.0,0.0,2.0,4.0,5.0,10.0,0.0,3.0,8.0,1.0,0.0,9.0,5.0,5.0,0.0,5.0,6.0,10.0,4.0,4.0,3.0,5.0,1.0,1.0,0.0,3.0,0.0,4.0,8.0,4.0,0.0,3.0,0.0,179.0
2022-08-29,0.0,3.0,0.0,1.0,10.0,2.0,3.0,2.0,3.0,0.0,3.0,1.0,3.0,0.0,3.0,4.0,1.0,2.0,1.0,0.0,5.0,0.0,1.0,2.0,2.0,7.0,0.0,0.0,3.0,0.0,4.0,1.0,1.0,3.0,0.0,3.0,1.0,7.0,6.0,3.0,2.0,3.0,3.0,1.0,0.0,3.0,0.0,1.0,7.0,1.0,0.0,1.0,0.0,113.0
2022-09-02,0.0,4.0,1.0,1.0,3.0,1.0,4.0,0.0,3.0,2.0,2.0,3.0,4.0,1.0,0.0,4.0,1.0,4.0,2.0,0.0,7.0,1.0,2.0,4.0,5.0,8.0,0.0,2.0,1.0,0.0,0.0,7.0,4.0,1.0,0.0,6.0,5.0,13.0,3.0,1.0,2.0,2.0,7.0,2.0,0.0,2.0,0.0,1.0,4.0,0.0,0.0,1.0,0.0,131.0
2022-09-05,0.0,2.0,1.0,1.0,2.0,0.0,3.0,1.0,3.0,0.0,2.0,6.0,3.0,3.0,5.0,10.0,3.0,8.0,5.0,3.0,3.0,1.0,4.0,1.0,4.0,9.0,1.0,1.0,3.0,4.0,7.0,2.0,3.0,3.0,0.0,5.0,4.0,17.0,3.0,2.0,2.0,2.0,9.0,3.0,0.0,8.0,0.0,0.0,4.0,0.0,1.0,1.0,0.0,168.0
2022-09-09,0.0,1.0,0.0,2.0,4.0,3.0,3.0,2.0,4.0,1.0,4.0,1.0,0.0,0.0,4.0,13.0,5.0,2.0,2.0,0.0,6.0,0.0,4.0,6.0,2.0,11.0,1.0,5.0,4.0,1.0,1.0,4.0,1.0,7.0,0.0,4.0,3.0,6.0,4.0,4.0,1.0,1.0,2.0,0.0,1.0,3.0,1.0,2.0,3.0,1.0,0.0,3.0,0.0,143.0
2022-09-12,0.0,3.0,0.0,0.0,4.0,1.0,4.0,1.0,1.0,1.0,1.0,0.0,2.0,0.0,0.0,7.0,2.0,2.0,2.0,1.0,3.0,1.0,4.0,2.0,2.0,5.0,0.0,2.0,2.0,2.0,1.0,0.0,3.0,2.0,1.0,7.0,3.0,11.0,4.0,0.0,3.0,1.0,3.0,2.0,0.0,5.0,0.0,0.0,2.0,0.0,0.0,1.0,0.0,104.0
2022-09-19,0.0,3.0,0.0,4.0,3.0,4.0,4.0,0.0,2.0,0.0,5.0,0.0,4.0,0.0,3.0,13.0,2.0,2.0,1.0,1.0,10.0,5.0,1.0,5.0,2.0,10.0,0.0,5.0,10.0,1.0,0.0,2.0,3.0,4.0,2.0,5.0,1.0,15.0,0.0,4.0,7.0,2.0,9.0,1.0,0.0,4.0,0.0,0.0,9.0,1.0,2.0,2.0,0.0,173.0
2022-09-23,0.0,0.0,4.0,0.0,8.0,3.0,4.0,0.0,5.0,1.0,3.0,1.0,4.0,0.0,2.0,8.0,9.0,5.0,7.0,2.0,7.0,2.0,5.0,8.0,5.0,9.0,3.0,3.0,10.0,3.0,0.0,2.0,1.0,4.0,0.0,7.0,8.0,21.0,3.0,4.0,7.0,4.0,5.0,3.0,3.0,1.0,0.0,2.0,9.0,3.0,1.0,1.0,0.0,210.0
2022-09-26,0.0,1.0,0.0,1.0,5.0,3.0,2.0,2.0,4.0,3.0,1.0,0.0,1.0,2.0,1.0,13.0,2.0,2.0,2.0,1.0,5.0,0.0,3.0,2.0,2.0,7.0,0.0,5.0,3.0,1.0,2.0,6.0,2.0,2.0,1.0,2.0,2.0,8.0,3.0,5.0,3.0,3.0,9.0,0.0,0.0,2.0,1.0,3.0,11.0,2.0,0.0,1.0,0.0,142.0
2022-10-03,0.0,3.0,1.0,6.0,3.0,5.0,10.0,1.0,6.0,2.0,6.0,3.0,3.0,2.0,5.0,20.0,2.0,3.0,2.0,2.0,12.0,0.0,3.0,6.0,3.0,14.0,0.0,3.0,12.0,2.0,4.0,10.0,3.0,5.0,1.0,10.0,10.0,21.0,4.0,0.0,5.0,2.0,8.0,3.0,1.0,3.0,0.0,7.0,9.0,4.0,1.0,2.0,0.0,253.0
2022-10-10,1.0,2.0,0.0,3.0,7.0,1.0,10.0,2.0,2.0,1.0,4.0,2.0,5.0,3.0,3.0,23.0,2.0,8.0,0.0,4.0,8.0,2.0,3.0,10.0,8.0,16.0,0.0,4.0,10.0,1.0,5.0,5.0,4.0,17.0,2.0,12.0,14.0,11.0,2.0,4.0,7.0,8.0,11.0,9.0,2.0,6.0,0.0,6.0,13.0,1.0,1.0,3.0,0.0,288.0
2022-10-14,1.0,1.0,0.0,1.0,1.0,3.0,4.0,0.0,2.0,2.0,1.0,1.0,3.0,0.0,2.0,5.0,0.0,2.0,1.0,0.0,8.0,3.0,2.0,2.0,4.0,6.0,2.0,3.0,3.0,1.0,0.0,4.0,3.0,7.0,0.0,2.0,4.0,9.0,3.0,4.0,4.0,2.0,6.0,1.0,1.0,6.0,0.0,1.0,2.0,1.0,0.0,1.0,0.0,125.0
2022-10-17,0.0,0.0,0.0,1.0,2.0,1.0,2.0,1.0,2.0,1.0,0.0,3.0,1.0,1.0,1.0,4.0,4.0,1.0,2.0,1.0,6.0,2.0,2.0,3.0,1.0,2.0,0.0,3.0,4.0,0.0,1.0,0.0,0.0,4.0,0.0,2.0,2.0,9.0,1.0,0.0,3.0,1.0,5.0,5.0,0.0,5.0,0.0,1.0,7.0,1.0,1.0,0.0,0.0,99.0
2022-10-21,0.0,0.0,1.0,2.0,6.0,4.0,2.0,0.0,3.0,0.0,2.0,0.0,4.0,2.0,2.0,14.0,3.0,7.0,0.0,1.0,8.0,2.0,4.0,4.0,0.0,6.0,0.0,2.0,5.0,0.0,1.0,9.0,1.0,1.0,1.0,5.0,2.0,8.0,3.0,3.0,1.0,3.0,6.0,1.0,0.0,1.0,0.0,2.0,9.0,1.0,0.0,0.0,0.0,142.0
2022-10-24,0.0,1.0,0.0,1.0,1.0,0.0,2.0,0.0,0.0,0.0,1.0,0.0,0.0,0.0,1.0,5.0,3.0,0.0,0.0,1.0,3.0,0.0,0.0,1.0,0.0,8.0,1.0,2.0,1.0,2.0,0.0,1.0,0.0,2.0,0.0,2.0,2.0,7.0,1.0,0.0,1.0,1.0,1.0,2.0,0.0,3.0,0.0,0.0,5.0,1.0,0.0,2.0,0.0,65.0
2022-10-28,0.0,4.0,0.0,0.0,2.0,0.0,3.0,1.0,3.0,0.0,0.0,4.0,4.0,4.0,5.0,11.0,7.0,4.0,1.0,2.0,4.0,2.0,5.0,1.0,1.0,15.0,0.0,4.0,5.0,2.0,2.0,3.0,1.0,6.0,0.0,5.0,6.0,10.0,3.0,4.0,3.0,1.0,3.0,2.0,0.0,5.0,1.0,1.0,6.0,0.0,2.0,2.0,0.0,160.0
2022-10-31,0.0,0.0,2.0,0.0,3.0,0.0,0.0,0.0,1.0,0.0,1.0,1.0,1.0,0.0,2.0,4.0,2.0,1.0,4.0,0.0,3.0,0.0,0.0,0.0,3.0,2.0,1.0,1.0,4.0,1.0,0.0,0.0,1.0,7.0,0.0,4.0,2.0,0.0,2.0,2.0,2.0,0.0,1.0,0.0,0.0,2.0,0.0,1.0,0.0,1.0,0.0,2.0,0.0,64.0
2022-11-04,0.0,1.0,1.0,2.0,2.0,3.0,4.0,0.0,6.0,1.0,5.0,3.0,5.0,2.0,1.0,10.0,5.0,7.0,2.0,1.0,7.0,2.0,2.0,4.0,2.0,11.0,0.0,1.0,9.0,2.0,1.0,4.0,5.0,3.0,0.0,4.0,1.0,14.0,2.0,5.0,4.0,4.0,5.0,3.0,0.0,4.0,0.0,6.0,1.0,1.0,0.0,1.0,0.0,169.0
2022-11-07,1.0,0.0,0.0,2.0,1.0,3.0,4.0,3.0,6.0,0.0,2.0,0.0,4.0,2.0,1.0,4.0,1.0,3.0,2.0,2.0,7.0,2.0,1.0,1.0,3.0,8.0,0.0,7.0,6.0,0.0,5.0,4.0,3.0,2.0,0.0,4.0,7.0,8.0,2.0,4.0,3.0,3.0,1.0,2.0,0.0,2.0,1.0,0.0,7.0,2.0,0.0,5.0,0.0,141.0
2022-11-11,0.0,1.0,0.0,1.0,2.0,0.0,3.0,5.0,5.0,2.0,3.0,2.0,3.0,1.0,1.0,10.0,3.0,0.0,5.0,2.0,11.0,0.0,3.0,4.0,5.0,10.0,0.0,2.0,6.0,2.0,1.0,2.0,3.0,4.0,1.0,7.0,6.0,9.0,3.0,3.0,4.0,8.0,9.0,1.0,0.0,7.0,0.0,1.0,5.0,4.0,0.0,4.0,0.0,174.0
2022-11-14,0.0,0.0,0.0,1.0,4.0,3.0,2.0,1.0,4.0,0.0,2.0,1.0,0.0,2.0,2.0,6.0,1.0,1.0,0.0,0.0,7.0,2.0,4.0,4.0,2.0,8.0,1.0,0.0,7.0,1.0,2.0,4.0,2.0,4.0,1.0,2.0,1.0,8.0,5.0,1.0,1.0,2.0,7.0,2.0,0.0,0.0,0.0,3.0,7.0,3.0,0.0,1.0,0.0,122.0
2022-11-18,0.0,2.0,1.0,2.0,0.0,3.0,5.0,0.0,7.0,0.0,2.0,2.0,3.0,1.0,2.0,7.0,1.0,0.0,3.0,1.0,6.0,2.0,0.0,4.0,1.0,9.0,0.0,2.0,3.0,2.0,1.0,2.0,5.0,4.0,0.0,2.0,2.0,14.0,4.0,2.0,4.0,5.0,4.0,1.0,1.0,1.0,1.0,3.0,8.0,1.0,0.0,1.0,0.0,137.0
2022-11-21,0.0,1.0,0.0,3.0,4.0,1.0,5.0,2.0,6.0,3.0,4.0,3.0,1.0,1.0,0.0,4.0,1.0,4.0,0.0,1.0,3.0,2.0,3.0,2.0,2.0,10.0,0.0,6.0,5.0,3.0,0.0,1.0,0.0,3.0,1.0,5.0,0.0,9.0,1.0,3.0,4.0,3.0,3.0,4.0,0.0,5.0,0.0,1.0,5.0,2.0,1.0,2.0,0.0,133.0
2022-11-25,1.0,0.0,0.0,3.0,5.0,3.0,6.0,1.0,2.0,1.0,4.0,1.0,5.0,0.0,1.0,10.0,3.0,2.0,1.0,1.0,10.0,4.0,2.0,1.0,1.0,7.0,0.0,3.0,9.0,5.0,2.0,7.0,0.0,5.0,2.0,2.0,4.0,15.0,1.0,6.0,5.0,1.0,3.0,4.0,0.0,1.0,0.0,0.0,9.0,0.0,0.0,1.0,0.0,160.0
2022-11-28,0.0,0.0,1.0,2.0,3.0,6.0,4.0,3.0,2.0,1.0,1.0,1.0,2.0,0.0,3.0,9.0,2.0,1.0,5.0,2.0,6.0,2.0,3.0,1.0,4.0,6.0,0.0,0.0,1.0,1.0,1.0,4.0,0.0,2.0,0.0,3.0,2.0,5.0,4.0,4.0,2.0,2.0,2.0,1.0,2.0,1.0,1.0,1.0,8.0,0.0,0.0,0.0,0.0,117.0
2022-12-02,2.0,2.0,1.0,1.0,4.0,1.0,4.0,0.0,6.0,2.0,2.0,1.0,2.0,0.0,1.0,7.0,1.0,2.0,6.0,4.0,11.0,4.0,2.0,2.0,4.0,9.0,0.0,1.0,10.0,2.0,0.0,2.0,1.0,5.0,1.0,4.0,6.0,15.0,2.0,3.0,4.0,2.0,8.0,0.0,3.0,2.0,0.0,0.0,4.0,0.0,2.0,3.0,0.0,161.0
2022-12-05,0.0,0.0,1.0,5.0,4.0,1.0,1.0,1.0,8.0,0.0,2.0,1.0,1.0,0.0,6.0,10.0,1.0,3.0,4.0,1.0,2.0,2.0,5.0,4.0,5.0,6.0,0.0,1.0,3.0,1.0,2.0,2.0,3.0,10.0,1.0,6.0,4.0,6.0,3.0,5.0,3.0,3.0,4.0,2.0,1.0,5.0,0.0,2.0,12.0,0.0,0.0,1.0,0.0,154.0
2022-12-09,0.0,1.0,0.0,1.0,3.0,1.0,2.0,0.0,6.0,0.0,1.0,3.0,4.0,0.0,2.0,3.0,3.0,2.0,2.0,3.0,7.0,0.0,2.0,0.0,0.0,5.0,0.0,1.0,4.0,1.0,1.0,2.0,2.0,7.0,0.0,0.0,9.0,2.0,2.0,2.0,2.0,4.0,1.0,3.0,0.0,3.0,0.0,4.0,5.0,0.0,0.0,1.0,0.0,107.0
2022-12-12,0.0,6.0,0.0,0.0,3.0,0.0,1.0,3.0,2.0,0.0,2.0,3.0,2.0,0.0,1.0,7.0,4.0,2.0,2.0,0.0,6.0,0.0,0.0,0.0,2.0,10.0,0.0,2.0,5.0,0.0,0.0,4.0,3.0,1.0,0.0,2.0,3.0,12.0,2.0,3.0,2.0,2.0,3.0,3.0,0.0,7.0,0.0,1.0,3.0,0.0,0.0,2.0,0.0,116.0
2022-12-16,0.0,1.0,0.0,2.0,0.0,2.0,6.0,2.0,2.0,0.0,3.0,2.0,4.0,1.0,2.0,16.0,3.0,1.0,2.0,1.0,11.0,0.0,0.0,2.0,2.0,8.0,0.0,1.0,2.0,0.0,1.0,3.0,3.0,6.0,0.0,5.0,4.0,8.0,2.0,8.0,8.0,4.0,7.0,4.0,0.0,3.0,0.0,1.0,8.0,1.0,1.0,2.0,0.0,155.0
2022-12-19,0.0,1.0,1.0,1.0,3.0,3.0,1.0,1.0,3.0,0.0,4.0,3.0,3.0,2.0,2.0,6.0,0.0,6.0,1.0,1.0,5.0,1.0,0.0,3.0,2.0,9.0,0.0,5.0,5.0,0.0,3.0,0.0,1.0,5.0,1.0,3.0,6.0,17.0,0.0,4.0,2.0,2.0,5.0,2.0,1.0,4.0,0.0,0.0,8.0,0.0,1.0,2.0,0.0,139.0
2022-12-23,0.0,1.0,0.0,3.0,3.0,3.0,5.0,0.0,0.0,1.0,5.0,4.0,6.0,0.0,2.0,5.0,2.0,1.0,3.0,1.0,5.0,3.0,4.0,3.0,3.0,9.0,0.0,1.0,6.0,2.0,4.0,6.0,3.0,7.0,1.0,2.0,1.0,11.0,3.0,7.0,5.0,6.0,10.0,1.0,1.0,2.0,0.0,0.0,9.0,1.0,0.0,3.0,0.0,164.0
2022-12-26,0.0,2.0,1.0,0.0,1.0,0.0,2.0,0.0,4.0,2.0,3.0,1.0,2.0,0.0,1.0,2.0,2.0,0.0,1.0,0.0,1.0,0.0,0.0,1.0,1.0,6.0,0.0,1.0,6.0,0.0,0.0,3.0,3.0,4.0,0.0,4.0,3.0,9.0,4.0,2.0,2.0,1.0,4.0,1.0,0.0,2.0,0.0,3.0,4.0,2.0,0.0,0.0,0.0,91.0
2022-12-30,0.0,6.0,0.0,2.0,4.0,6.0,7.0,0.0,3.0,1.0,3.0,2.0,5.0,0.0,6.0,14.0,2.0,7.0,3.0,3.0,7.0,1.0,2.0,4.0,6.0,15.0,0.0,5.0,4.0,1.0,2.0,5.0,2.0,3.0,2.0,7.0,4.0,20.0,1.0,6.0,11.0,3.0,12.0,2.0,0.0,5.0,0.0,0.0,5.0,0.0,1.0,2.0,0.0,212.0
2023-01-05,0.0,0.0,0.0,0.0,1.0,0.0,0.0,0.0,1.0,0.0,0.0,1.0,0.0,0.0,3.0,3.0,0.0,0.0,1.0,1.0,1.0,0.0,2.0,2.0,0.0,2.0,0.0,0.0,0.0,0.0,3.0,1.0,2.0,2.0,0.0,0.0,2.0,1.0,1.0,1.0,3.0,0.0,3.0,0.0,0.0,0.0,0.0,0.0,5.0,0.0,0.0,0.0,0.0,42.0
2023-01-09,0.0,0.0,0.0,0.0,0.0,0.0,0.0,0.0,0.0,0.0,0.0,0.0,0.0,0.0,0.0,0.0,0.0,0.0,0.0,0.0,0.0,0.0,0.0,0.0,0.0,0.0,0.0,0.0,0.0,0.0,0.0,0.0,0.0,0.0,0.0,0.0,0.0,0.0,0.0,0.0,0.0,0.0,0.0,0.0,0.0,0.0,0.0,0.0,0.0,0.0,0.0,0.0,0.0,0.0
