,Cauquenes,Chanco,Colbun,Constitucion,Curepto,Curico,Empedrado,Hualane,Licanten,Linares,Longavi,Maule,Molina,Parral,Pelarco,Pelluhue,Pencahue,Rauco,Retiro,Rio Claro,Romeral,Sagrada Familia,San Clemente,San Javier,San Rafael,Talca,Teno,Vichuquen,Villa Alegre,Yerbas Buenas,Desconocido Maule
2020-04-01,0.0,0.0,4.0,0.0,0.0,2.0,0.0,0.0,0.0,2.0,0.0,0.0,0.0,-4.0,0.0,0.0,0.0,0.0,0.0,0.0,0.0,0.0,0.0,0.0,0.0,3.0,0.0,0.0,0.0,0.0,0.0
2020-04-03,0.0,0.0,0.0,0.0,0.0,3.0,0.0,0.0,0.0,4.0,0.0,0.0,0.0,0.0,0.0,0.0,0.0,0.0,0.0,0.0,0.0,0.0,0.0,0.0,0.0,5.0,0.0,0.0,0.0,0.0,0.0
2020-04-06,4.0,0.0,1.0,0.0,0.0,2.0,0.0,0.0,0.0,1.0,0.0,0.0,0.0,0.0,0.0,0.0,0.0,0.0,0.0,0.0,0.0,0.0,0.0,7.0,0.0,6.0,0.0,0.0,0.0,0.0,0.0
2020-04-08,0.0,0.0,0.0,5.0,0.0,0.0,0.0,0.0,0.0,1.0,0.0,0.0,0.0,4.0,0.0,0.0,0.0,0.0,0.0,0.0,0.0,0.0,0.0,0.0,0.0,3.0,0.0,0.0,0.0,0.0,0.0
2020-04-10,0.0,0.0,0.0,0.0,0.0,4.0,0.0,0.0,0.0,1.0,0.0,0.0,0.0,1.0,0.0,0.0,0.0,0.0,0.0,0.0,0.0,0.0,0.0,1.0,0.0,0.0,0.0,0.0,0.0,0.0,0.0
2020-04-13,0.0,0.0,0.0,0.0,3.0,3.0,0.0,0.0,0.0,0.0,2.0,4.0,3.0,1.0,3.0,1.0,0.0,2.0,1.0,3.0,3.0,1.0,0.0,0.0,2.0,0.0,1.0,0.0,0.0,0.0,0.0
2020-04-15,0.0,0.0,0.0,-1.0,0.0,3.0,0.0,0.0,0.0,0.0,0.0,1.0,0.0,0.0,0.0,0.0,0.0,0.0,0.0,0.0,1.0,0.0,0.0,1.0,0.0,6.0,0.0,0.0,0.0,0.0,0.0
2020-04-17,4.0,0.0,1.0,7.0,0.0,1.0,0.0,0.0,1.0,2.0,1.0,5.0,1.0,0.0,2.0,0.0,1.0,0.0,1.0,3.0,1.0,0.0,4.0,2.0,0.0,34.0,0.0,0.0,0.0,0.0,0.0
2020-04-20,2.0,2.0,-1.0,0.0,4.0,7.0,0.0,0.0,1.0,7.0,0.0,3.0,1.0,0.0,0.0,0.0,1.0,0.0,0.0,0.0,7.0,0.0,3.0,5.0,0.0,42.0,1.0,0.0,1.0,1.0,0.0
2020-04-24,2.0,0.0,1.0,7.0,1.0,0.0,0.0,0.0,0.0,0.0,1.0,9.0,2.0,3.0,0.0,1.0,1.0,0.0,-1.0,1.0,1.0,1.0,2.0,4.0,1.0,12.0,0.0,0.0,0.0,0.0,0.0
2020-04-27,1.0,1.0,0.0,1.0,0.0,6.0,0.0,0.0,0.0,2.0,0.0,0.0,0.0,0.0,0.0,0.0,0.0,0.0,0.0,0.0,0.0,0.0,0.0,0.0,0.0,4.0,0.0,0.0,1.0,0.0,0.0
2020-05-01,0.0,0.0,0.0,2.0,0.0,8.0,0.0,0.0,0.0,3.0,0.0,1.0,0.0,0.0,0.0,0.0,0.0,0.0,0.0,1.0,0.0,0.0,1.0,3.0,0.0,11.0,2.0,0.0,0.0,1.0,0.0
2020-05-04,0.0,0.0,0.0,2.0,0.0,0.0,0.0,0.0,0.0,0.0,0.0,0.0,0.0,0.0,0.0,0.0,0.0,0.0,0.0,1.0,0.0,0.0,0.0,0.0,0.0,2.0,0.0,0.0,0.0,0.0,0.0
2020-05-08,0.0,0.0,0.0,0.0,0.0,6.0,0.0,0.0,0.0,4.0,2.0,1.0,1.0,0.0,1.0,0.0,0.0,0.0,1.0,0.0,0.0,0.0,4.0,2.0,1.0,1.0,1.0,0.0,0.0,1.0,0.0
2020-05-11,1.0,0.0,3.0,0.0,1.0,5.0,0.0,0.0,0.0,3.0,1.0,0.0,1.0,0.0,2.0,0.0,0.0,0.0,0.0,0.0,0.0,0.0,5.0,2.0,0.0,3.0,2.0,0.0,0.0,0.0,0.0
2020-05-15,6.0,0.0,1.0,3.0,0.0,7.0,0.0,0.0,0.0,12.0,3.0,4.0,-1.0,2.0,5.0,3.0,0.0,0.0,0.0,2.0,0.0,0.0,4.0,7.0,2.0,25.0,1.0,0.0,1.0,2.0,0.0
2020-05-18,3.0,0.0,3.0,1.0,1.0,20.0,0.0,0.0,0.0,3.0,3.0,1.0,0.0,2.0,0.0,2.0,0.0,1.0,0.0,0.0,0.0,0.0,2.0,0.0,6.0,12.0,0.0,0.0,0.0,3.0,0.0
2020-05-22,3.0,0.0,6.0,1.0,2.0,33.0,0.0,1.0,0.0,11.0,6.0,7.0,2.0,8.0,4.0,3.0,0.0,1.0,1.0,2.0,0.0,1.0,11.0,7.0,17.0,44.0,1.0,0.0,1.0,7.0,0.0
2020-05-25,6.0,0.0,1.0,3.0,2.0,47.0,0.0,6.0,0.0,5.0,1.0,9.0,3.0,13.0,2.0,0.0,2.0,2.0,3.0,1.0,2.0,0.0,8.0,4.0,12.0,36.0,2.0,0.0,1.0,3.0,0.0
2020-05-29,12.0,0.0,12.0,2.0,-2.0,68.0,0.0,11.0,0.0,10.0,7.0,5.0,7.0,22.0,0.0,0.0,7.0,4.0,7.0,0.0,3.0,3.0,11.0,4.0,4.0,28.0,1.0,0.0,1.0,6.0,0.0
2020-06-01,19.0,1.0,1.0,2.0,1.0,48.0,0.0,3.0,0.0,9.0,4.0,2.0,3.0,16.0,2.0,0.0,0.0,2.0,6.0,2.0,14.0,0.0,5.0,5.0,3.0,18.0,0.0,0.0,0.0,4.0,0.0
2020-06-05,28.0,0.0,9.0,4.0,0.0,150.0,0.0,25.0,0.0,19.0,13.0,26.0,10.0,24.0,2.0,2.0,2.0,5.0,30.0,3.0,12.0,4.0,18.0,12.0,7.0,63.0,3.0,0.0,6.0,18.0,0.0
2020-06-08,52.0,2.0,4.0,3.0,0.0,105.0,1.0,17.0,0.0,4.0,5.0,12.0,13.0,10.0,3.0,0.0,0.0,0.0,10.0,3.0,9.0,4.0,10.0,16.0,4.0,41.0,7.0,0.0,5.0,2.0,0.0
2020-06-12,-2.0,5.0,7.0,8.0,0.0,143.0,0.0,13.0,6.0,22.0,19.0,15.0,9.0,24.0,7.0,18.0,3.0,3.0,9.0,3.0,17.0,9.0,23.0,22.0,6.0,97.0,9.0,0.0,6.0,11.0,0.0
2020-06-15,23.0,2.0,7.0,12.0,1.0,103.0,2.0,5.0,0.0,33.0,26.0,6.0,7.0,13.0,0.0,2.0,1.0,8.0,10.0,1.0,6.0,9.0,18.0,16.0,6.0,77.0,3.0,0.0,7.0,3.0,0.0
2020-06-19,52.0,4.0,24.0,19.0,1.0,218.0,4.0,21.0,5.0,62.0,43.0,35.0,21.0,29.0,1.0,15.0,5.0,7.0,22.0,2.0,28.0,6.0,29.0,44.0,8.0,155.0,23.0,0.0,12.0,25.0,59.0
2020-06-23,34.0,9.0,14.0,37.0,8.0,192.0,12.0,2.0,2.0,56.0,23.0,16.0,21.0,25.0,2.0,4.0,2.0,4.0,8.0,7.0,37.0,6.0,36.0,19.0,3.0,177.0,24.0,0.0,5.0,5.0,-28.0
2020-06-28,21.0,3.0,14.0,25.0,6.0,125.0,4.0,8.0,3.0,62.0,15.0,47.0,50.0,20.0,3.0,4.0,3.0,6.0,6.0,12.0,40.0,11.0,57.0,32.0,16.0,215.0,28.0,0.0,3.0,-2.0,19.0
2020-07-01,22.0,0.0,4.0,29.0,1.0,99.0,3.0,0.0,1.0,39.0,3.0,11.0,20.0,4.0,0.0,0.0,6.0,4.0,4.0,5.0,17.0,2.0,27.0,16.0,4.0,85.0,9.0,0.0,5.0,3.0,-7.0
2020-07-05,24.0,0.0,6.0,27.0,4.0,90.0,0.0,1.0,0.0,56.0,17.0,37.0,14.0,9.0,2.0,2.0,2.0,7.0,6.0,12.0,9.0,6.0,62.0,36.0,5.0,153.0,18.0,1.0,14.0,5.0,-4.0
2020-07-10,11.0,1.0,21.0,17.0,4.0,122.0,1.0,0.0,1.0,56.0,25.0,44.0,16.0,10.0,3.0,2.0,11.0,9.0,5.0,8.0,10.0,13.0,44.0,23.0,11.0,173.0,22.0,0.0,16.0,1.0,6.0
2020-07-13,20.0,4.0,3.0,14.0,1.0,62.0,0.0,0.0,0.0,41.0,15.0,24.0,13.0,3.0,9.0,1.0,3.0,4.0,1.0,2.0,5.0,7.0,33.0,24.0,0.0,70.0,8.0,0.0,3.0,2.0,-2.0
2020-07-17,31.0,5.0,8.0,23.0,1.0,93.0,2.0,0.0,0.0,37.0,15.0,22.0,13.0,11.0,6.0,0.0,2.0,13.0,2.0,1.0,4.0,-2.0,30.0,42.0,2.0,75.0,27.0,3.0,16.0,9.0,1.0
2020-07-20,7.0,4.0,11.0,17.0,1.0,52.0,0.0,0.0,0.0,20.0,4.0,23.0,6.0,7.0,7.0,0.0,0.0,4.0,1.0,0.0,8.0,1.0,21.0,14.0,4.0,45.0,6.0,1.0,5.0,4.0,-4.0
2020-07-24,0.0,3.0,11.0,50.0,4.0,79.0,1.0,2.0,1.0,43.0,2.0,32.0,12.0,-1.0,19.0,3.0,2.0,11.0,2.0,10.0,5.0,4.0,19.0,25.0,1.0,55.0,28.0,1.0,20.0,6.0,-4.0
2020-07-27,10.0,1.0,10.0,28.0,1.0,60.0,0.0,0.0,1.0,48.0,5.0,21.0,10.0,5.0,15.0,2.0,1.0,4.0,1.0,6.0,12.0,2.0,10.0,29.0,0.0,55.0,14.0,0.0,7.0,1.0,11.0
2020-07-31,3.0,1.0,8.0,9.0,3.0,93.0,2.0,0.0,2.0,24.0,4.0,20.0,14.0,8.0,15.0,3.0,1.0,7.0,8.0,9.0,5.0,3.0,16.0,32.0,1.0,55.0,12.0,0.0,5.0,8.0,-1.0
2020-08-03,5.0,0.0,7.0,9.0,2.0,51.0,0.0,0.0,1.0,30.0,4.0,7.0,4.0,4.0,11.0,1.0,1.0,1.0,3.0,0.0,9.0,4.0,9.0,23.0,2.0,17.0,13.0,0.0,2.0,3.0,-4.0
2020-08-07,1.0,0.0,5.0,15.0,2.0,49.0,0.0,1.0,0.0,64.0,11.0,15.0,15.0,6.0,7.0,0.0,0.0,1.0,10.0,10.0,5.0,9.0,27.0,18.0,3.0,89.0,20.0,0.0,3.0,12.0,-1.0
2020-08-10,0.0,0.0,23.0,7.0,13.0,17.0,1.0,-1.0,1.0,24.0,18.0,25.0,17.0,8.0,0.0,3.0,0.0,4.0,5.0,1.0,6.0,3.0,14.0,14.0,1.0,86.0,13.0,0.0,7.0,7.0,0.0
2020-08-14,5.0,4.0,13.0,13.0,11.0,35.0,0.0,1.0,0.0,36.0,13.0,26.0,18.0,6.0,1.0,3.0,0.0,3.0,2.0,4.0,13.0,6.0,21.0,11.0,10.0,73.0,12.0,0.0,-1.0,4.0,1.0
2020-08-17,6.0,0.0,2.0,11.0,11.0,43.0,0.0,0.0,0.0,25.0,9.0,29.0,8.0,4.0,1.0,3.0,0.0,2.0,5.0,1.0,11.0,5.0,17.0,12.0,4.0,73.0,7.0,0.0,6.0,1.0,-33.0
2020-08-21,1.0,4.0,8.0,14.0,9.0,47.0,0.0,0.0,0.0,59.0,5.0,15.0,15.0,-27.0,1.0,2.0,9.0,2.0,4.0,0.0,9.0,2.0,11.0,6.0,17.0,114.0,11.0,0.0,5.0,10.0,-3.0
2020-08-24,5.0,4.0,9.0,4.0,3.0,14.0,2.0,0.0,0.0,67.0,6.0,9.0,8.0,-2.0,0.0,11.0,3.0,1.0,1.0,3.0,1.0,6.0,21.0,6.0,11.0,62.0,4.0,0.0,7.0,12.0,-2.0
2020-08-28,7.0,3.0,12.0,15.0,7.0,22.0,1.0,1.0,0.0,54.0,12.0,26.0,19.0,10.0,5.0,6.0,5.0,2.0,3.0,3.0,0.0,4.0,20.0,8.0,10.0,85.0,16.0,0.0,7.0,-1.0,3.0
2020-08-31,3.0,1.0,4.0,8.0,13.0,37.0,1.0,1.0,2.0,43.0,17.0,8.0,18.0,6.0,2.0,1.0,9.0,1.0,5.0,4.0,0.0,5.0,12.0,12.0,3.0,63.0,7.0,0.0,6.0,3.0,-1.0
2020-09-04,7.0,2.0,11.0,7.0,1.0,41.0,1.0,0.0,0.0,42.0,11.0,24.0,44.0,22.0,0.0,0.0,11.0,1.0,21.0,11.0,1.0,3.0,33.0,20.0,4.0,102.0,18.0,0.0,5.0,3.0,1.0
2020-09-07,4.0,3.0,5.0,9.0,-1.0,18.0,0.0,1.0,0.0,47.0,43.0,26.0,50.0,16.0,2.0,2.0,1.0,0.0,14.0,1.0,0.0,1.0,52.0,15.0,4.0,92.0,10.0,0.0,1.0,5.0,0.0
2020-09-11,6.0,8.0,2.0,15.0,3.0,50.0,4.0,2.0,15.0,33.0,41.0,27.0,58.0,26.0,3.0,1.0,15.0,0.0,15.0,5.0,0.0,3.0,30.0,28.0,0.0,132.0,11.0,0.0,3.0,13.0,-1.0
2020-09-14,7.0,4.0,2.0,5.0,1.0,42.0,0.0,0.0,53.0,9.0,23.0,26.0,26.0,20.0,0.0,1.0,5.0,0.0,3.0,8.0,0.0,2.0,55.0,17.0,4.0,129.0,9.0,0.0,1.0,10.0,-1.0
2020-09-18,3.0,4.0,3.0,5.0,1.0,58.0,1.0,2.0,40.0,33.0,17.0,31.0,37.0,31.0,1.0,0.0,1.0,8.0,8.0,10.0,2.0,31.0,24.0,20.0,3.0,172.0,9.0,0.0,3.0,12.0,3.0
2020-09-21,4.0,3.0,2.0,2.0,3.0,27.0,0.0,0.0,4.0,16.0,11.0,26.0,11.0,21.0,1.0,0.0,5.0,1.0,11.0,2.0,8.0,1.0,37.0,22.0,7.0,110.0,2.0,1.0,2.0,5.0,-3.0
2020-09-25,3.0,2.0,17.0,2.0,8.0,81.0,0.0,4.0,11.0,24.0,20.0,37.0,32.0,25.0,1.0,0.0,3.0,7.0,13.0,15.0,24.0,1.0,25.0,18.0,12.0,167.0,22.0,2.0,2.0,6.0,-4.0
2020-09-28,7.0,4.0,6.0,1.0,1.0,60.0,0.0,5.0,1.0,10.0,28.0,18.0,19.0,18.0,1.0,3.0,2.0,10.0,14.0,7.0,0.0,1.0,39.0,17.0,6.0,120.0,34.0,2.0,1.0,6.0,2.0
2020-10-02,5.0,1.0,21.0,5.0,3.0,64.0,0.0,3.0,2.0,16.0,19.0,45.0,60.0,14.0,2.0,5.0,6.0,3.0,4.0,9.0,11.0,3.0,16.0,19.0,5.0,176.0,14.0,3.0,16.0,2.0,0.0
2020-10-05,1.0,8.0,8.0,1.0,1.0,55.0,0.0,2.0,2.0,14.0,12.0,21.0,9.0,15.0,1.0,0.0,4.0,5.0,19.0,4.0,-1.0,1.0,9.0,13.0,4.0,125.0,12.0,2.0,2.0,1.0,3.0
2020-10-09,5.0,6.0,9.0,0.0,3.0,66.0,0.0,0.0,0.0,9.0,12.0,36.0,25.0,19.0,1.0,7.0,2.0,2.0,9.0,3.0,1.0,1.0,5.0,22.0,5.0,148.0,11.0,0.0,5.0,1.0,-3.0
2020-10-12,4.0,1.0,3.0,12.0,2.0,59.0,0.0,1.0,1.0,14.0,13.0,25.0,11.0,18.0,0.0,0.0,0.0,8.0,5.0,6.0,2.0,2.0,9.0,18.0,0.0,145.0,10.0,1.0,3.0,17.0,0.0
2020-10-16,9.0,1.0,3.0,2.0,2.0,55.0,0.0,0.0,1.0,19.0,5.0,21.0,9.0,14.0,0.0,1.0,0.0,4.0,1.0,2.0,2.0,5.0,2.0,16.0,4.0,48.0,2.0,0.0,8.0,3.0,1.0
2020-10-19,6.0,9.0,14.0,8.0,6.0,82.0,2.0,0.0,0.0,14.0,7.0,23.0,19.0,12.0,0.0,3.0,2.0,5.0,5.0,0.0,6.0,1.0,8.0,15.0,3.0,128.0,6.0,1.0,7.0,3.0,1.0
2020-10-24,11.0,0.0,17.0,10.0,0.0,80.0,0.0,1.0,0.0,20.0,7.0,23.0,13.0,13.0,0.0,1.0,0.0,10.0,9.0,4.0,6.0,1.0,4.0,45.0,7.0,120.0,5.0,0.0,4.0,4.0,2.0
2020-10-26,8.0,0.0,7.0,6.0,1.0,53.0,0.0,0.0,-1.0,7.0,0.0,11.0,8.0,3.0,3.0,3.0,0.0,3.0,2.0,1.0,0.0,1.0,5.0,15.0,0.0,55.0,5.0,0.0,0.0,0.0,0.0
2020-10-30,9.0,7.0,9.0,5.0,1.0,47.0,0.0,0.0,0.0,24.0,1.0,23.0,7.0,15.0,0.0,1.0,0.0,2.0,4.0,0.0,6.0,0.0,17.0,29.0,2.0,99.0,0.0,0.0,1.0,8.0,1.0
2020-11-02,2.0,12.0,9.0,7.0,1.0,39.0,1.0,0.0,0.0,10.0,1.0,11.0,10.0,16.0,2.0,1.0,0.0,4.0,5.0,2.0,2.0,2.0,3.0,28.0,9.0,79.0,2.0,0.0,7.0,1.0,-1.0
2020-11-06,3.0,1.0,4.0,2.0,1.0,37.0,0.0,0.0,0.0,18.0,2.0,17.0,8.0,23.0,2.0,1.0,1.0,10.0,7.0,1.0,1.0,1.0,8.0,12.0,9.0,82.0,2.0,0.0,4.0,0.0,1.0
2020-11-09,6.0,0.0,2.0,6.0,0.0,54.0,0.0,0.0,2.0,13.0,4.0,9.0,6.0,26.0,0.0,1.0,0.0,7.0,9.0,3.0,0.0,5.0,3.0,22.0,1.0,64.0,9.0,0.0,9.0,2.0,0.0
2020-11-13,3.0,0.0,4.0,4.0,0.0,45.0,0.0,0.0,1.0,23.0,1.0,18.0,4.0,37.0,2.0,1.0,0.0,5.0,6.0,10.0,1.0,6.0,3.0,22.0,4.0,65.0,12.0,0.0,2.0,12.0,-2.0
2020-11-16,2.0,0.0,1.0,8.0,1.0,34.0,3.0,1.0,0.0,16.0,3.0,18.0,2.0,32.0,0.0,0.0,3.0,1.0,4.0,7.0,0.0,10.0,1.0,13.0,11.0,58.0,8.0,0.0,3.0,8.0,0.0
2020-11-20,6.0,1.0,0.0,20.0,2.0,32.0,1.0,0.0,0.0,31.0,1.0,42.0,3.0,29.0,2.0,1.0,2.0,0.0,2.0,1.0,0.0,2.0,4.0,13.0,8.0,61.0,12.0,0.0,0.0,9.0,1.0
2020-11-23,0.0,0.0,4.0,14.0,1.0,23.0,0.0,1.0,0.0,24.0,6.0,19.0,4.0,22.0,1.0,0.0,1.0,6.0,0.0,3.0,0.0,3.0,13.0,18.0,3.0,41.0,9.0,0.0,0.0,7.0,1.0
2020-11-27,1.0,2.0,2.0,23.0,2.0,29.0,0.0,0.0,0.0,30.0,9.0,20.0,2.0,32.0,5.0,1.0,6.0,2.0,1.0,2.0,0.0,2.0,9.0,24.0,4.0,41.0,15.0,0.0,2.0,5.0,0.0
2020-11-30,3.0,3.0,4.0,16.0,0.0,31.0,0.0,1.0,0.0,22.0,0.0,21.0,4.0,9.0,1.0,0.0,2.0,5.0,0.0,1.0,2.0,4.0,15.0,20.0,2.0,37.0,19.0,0.0,7.0,1.0,0.0
2020-12-04,20.0,1.0,3.0,7.0,2.0,26.0,3.0,1.0,0.0,11.0,6.0,9.0,2.0,18.0,1.0,0.0,0.0,5.0,1.0,4.0,0.0,3.0,10.0,24.0,3.0,41.0,15.0,0.0,7.0,1.0,0.0
2020-12-07,2.0,2.0,2.0,7.0,7.0,43.0,7.0,0.0,0.0,11.0,0.0,11.0,2.0,16.0,3.0,0.0,1.0,1.0,1.0,5.0,26.0,2.0,5.0,39.0,0.0,42.0,6.0,1.0,6.0,1.0,1.0
2020-12-11,1.0,6.0,0.0,27.0,3.0,128.0,5.0,1.0,0.0,20.0,2.0,11.0,11.0,13.0,0.0,0.0,1.0,1.0,2.0,2.0,7.0,6.0,25.0,25.0,1.0,57.0,13.0,0.0,0.0,4.0,1.0
2020-12-14,2.0,4.0,1.0,13.0,3.0,89.0,1.0,0.0,1.0,22.0,3.0,22.0,12.0,13.0,0.0,0.0,1.0,2.0,1.0,3.0,12.0,7.0,18.0,48.0,1.0,89.0,9.0,4.0,5.0,7.0,1.0
2020-12-18,3.0,5.0,5.0,10.0,4.0,155.0,0.0,5.0,9.0,26.0,6.0,29.0,19.0,8.0,1.0,1.0,0.0,8.0,5.0,1.0,13.0,9.0,15.0,47.0,5.0,117.0,15.0,0.0,21.0,7.0,1.0
2020-12-21,14.0,4.0,0.0,10.0,2.0,154.0,1.0,6.0,4.0,28.0,6.0,20.0,35.0,16.0,2.0,1.0,1.0,5.0,1.0,4.0,21.0,10.0,16.0,47.0,5.0,99.0,28.0,0.0,13.0,4.0,3.0
2020-12-25,17.0,0.0,0.0,17.0,3.0,192.0,8.0,4.0,20.0,21.0,12.0,39.0,25.0,7.0,4.0,3.0,1.0,1.0,1.0,14.0,28.0,28.0,32.0,47.0,6.0,115.0,15.0,3.0,18.0,11.0,1.0
2020-12-28,9.0,4.0,5.0,15.0,8.0,235.0,8.0,4.0,2.0,27.0,3.0,33.0,54.0,8.0,0.0,3.0,5.0,14.0,1.0,11.0,13.0,15.0,17.0,31.0,15.0,127.0,11.0,1.0,10.0,5.0,1.0
2021-01-01,23.0,0.0,18.0,10.0,16.0,244.0,6.0,15.0,3.0,41.0,10.0,51.0,68.0,6.0,2.0,3.0,13.0,14.0,3.0,4.0,35.0,19.0,47.0,55.0,6.0,142.0,21.0,1.0,5.0,18.0,4.0
2021-01-04,6.0,0.0,12.0,23.0,7.0,323.0,7.0,6.0,1.0,38.0,-1.0,50.0,64.0,10.0,2.0,3.0,1.0,10.0,5.0,19.0,7.0,21.0,40.0,44.0,7.0,153.0,32.0,1.0,3.0,20.0,0.0
2021-01-08,8.0,1.0,6.0,22.0,6.0,291.0,4.0,8.0,0.0,43.0,7.0,82.0,88.0,25.0,2.0,9.0,4.0,11.0,13.0,7.0,19.0,23.0,40.0,45.0,5.0,164.0,37.0,0.0,14.0,26.0,3.0
2021-01-11,1.0,1.0,11.0,23.0,3.0,298.0,6.0,2.0,4.0,64.0,12.0,54.0,81.0,21.0,8.0,2.0,1.0,9.0,20.0,5.0,15.0,17.0,36.0,61.0,4.0,148.0,30.0,3.0,8.0,8.0,-3.0
2021-01-15,13.0,1.0,18.0,44.0,1.0,541.0,6.0,3.0,7.0,54.0,10.0,58.0,125.0,29.0,4.0,11.0,4.0,12.0,12.0,20.0,33.0,41.0,55.0,44.0,0.0,265.0,75.0,0.0,12.0,27.0,11.0
2021-01-18,14.0,4.0,29.0,87.0,3.0,231.0,1.0,13.0,3.0,81.0,7.0,64.0,86.0,23.0,11.0,3.0,1.0,7.0,10.0,12.0,18.0,20.0,46.0,61.0,6.0,234.0,37.0,0.0,6.0,7.0,-4.0
2021-01-22,17.0,-2.0,14.0,79.0,2.0,295.0,1.0,9.0,2.0,78.0,10.0,88.0,51.0,37.0,5.0,7.0,3.0,17.0,5.0,17.0,31.0,16.0,56.0,55.0,11.0,313.0,42.0,2.0,16.0,19.0,-1.0
2021-01-25,9.0,0.0,25.0,53.0,3.0,231.0,3.0,1.0,8.0,93.0,16.0,43.0,45.0,25.0,4.0,7.0,0.0,17.0,5.0,5.0,35.0,6.0,33.0,53.0,2.0,219.0,28.0,4.0,11.0,7.0,5.0
2021-01-29,28.0,2.0,17.0,64.0,6.0,284.0,8.0,5.0,10.0,84.0,13.0,97.0,83.0,43.0,5.0,3.0,13.0,17.0,5.0,9.0,25.0,12.0,74.0,33.0,7.0,365.0,35.0,5.0,15.0,9.0,-1.0
2021-02-01,27.0,2.0,13.0,86.0,13.0,197.0,0.0,7.0,9.0,72.0,13.0,60.0,57.0,41.0,5.0,2.0,9.0,10.0,12.0,14.0,23.0,8.0,63.0,43.0,11.0,295.0,20.0,18.0,6.0,10.0,16.0
2021-02-05,19.0,2.0,20.0,91.0,2.0,172.0,9.0,9.0,17.0,86.0,21.0,55.0,48.0,39.0,6.0,1.0,27.0,9.0,7.0,8.0,22.0,22.0,39.0,54.0,6.0,314.0,25.0,63.0,11.0,13.0,-10.0
2021-02-08,11.0,1.0,14.0,37.0,10.0,158.0,28.0,6.0,16.0,89.0,21.0,52.0,35.0,51.0,5.0,14.0,19.0,2.0,11.0,12.0,19.0,9.0,34.0,28.0,8.0,270.0,27.0,62.0,10.0,16.0,8.0
2021-02-12,15.0,0.0,30.0,76.0,11.0,178.0,13.0,8.0,20.0,90.0,34.0,65.0,37.0,39.0,10.0,7.0,21.0,4.0,9.0,5.0,14.0,13.0,70.0,37.0,8.0,221.0,16.0,8.0,2.0,19.0,0.0
2021-02-15,18.0,1.0,13.0,31.0,9.0,92.0,9.0,13.0,9.0,91.0,25.0,28.0,23.0,42.0,7.0,4.0,16.0,1.0,13.0,21.0,9.0,7.0,61.0,39.0,4.0,204.0,11.0,10.0,14.0,11.0,-6.0
2021-02-19,10.0,3.0,26.0,66.0,10.0,104.0,6.0,5.0,8.0,129.0,22.0,38.0,29.0,25.0,7.0,2.0,8.0,5.0,6.0,18.0,4.0,5.0,69.0,30.0,10.0,147.0,11.0,11.0,6.0,31.0,0.0
2021-02-22,17.0,3.0,18.0,52.0,0.0,88.0,4.0,7.0,8.0,121.0,40.0,28.0,26.0,47.0,5.0,9.0,12.0,5.0,16.0,17.0,17.0,10.0,45.0,44.0,2.0,184.0,16.0,3.0,6.0,29.0,4.0
2021-02-26,21.0,10.0,12.0,55.0,5.0,161.0,1.0,11.0,10.0,123.0,23.0,52.0,39.0,38.0,5.0,9.0,15.0,7.0,22.0,12.0,40.0,9.0,55.0,39.0,9.0,232.0,37.0,3.0,13.0,13.0,-7.0
2021-03-01,25.0,8.0,29.0,23.0,0.0,155.0,2.0,11.0,9.0,115.0,31.0,52.0,38.0,40.0,16.0,7.0,14.0,3.0,26.0,11.0,31.0,7.0,44.0,32.0,14.0,252.0,24.0,0.0,15.0,35.0,2.0
2021-03-05,28.0,9.0,43.0,45.0,2.0,210.0,0.0,9.0,7.0,148.0,34.0,58.0,41.0,34.0,15.0,8.0,16.0,10.0,25.0,6.0,18.0,14.0,60.0,50.0,11.0,315.0,32.0,2.0,16.0,7.0,5.0
2021-03-08,43.0,11.0,41.0,66.0,1.0,154.0,2.0,2.0,1.0,181.0,44.0,37.0,51.0,58.0,7.0,12.0,8.0,13.0,15.0,10.0,17.0,7.0,29.0,70.0,9.0,278.0,28.0,3.0,34.0,19.0,1.0
2021-03-12,51.0,27.0,36.0,40.0,8.0,251.0,1.0,8.0,3.0,153.0,38.0,66.0,43.0,30.0,7.0,17.0,5.0,16.0,10.0,13.0,19.0,4.0,64.0,70.0,13.0,397.0,29.0,5.0,23.0,25.0,3.0
2021-03-15,42.0,15.0,19.0,16.0,10.0,204.0,1.0,6.0,9.0,127.0,30.0,59.0,62.0,35.0,15.0,3.0,11.0,13.0,8.0,2.0,9.0,2.0,40.0,50.0,6.0,319.0,35.0,6.0,6.0,23.0,2.0
2021-03-19,64.0,20.0,32.0,37.0,1.0,316.0,3.0,14.0,2.0,161.0,38.0,112.0,59.0,20.0,4.0,7.0,17.0,23.0,20.0,14.0,31.0,9.0,69.0,91.0,14.0,380.0,33.0,5.0,28.0,21.0,5.0
2021-03-22,50.0,8.0,41.0,39.0,10.0,365.0,5.0,8.0,17.0,160.0,34.0,70.0,74.0,24.0,15.0,3.0,14.0,32.0,5.0,14.0,28.0,11.0,61.0,77.0,14.0,347.0,40.0,2.0,17.0,29.0,5.0
2021-03-26,60.0,12.0,24.0,65.0,8.0,414.0,1.0,5.0,0.0,158.0,48.0,63.0,68.0,30.0,17.0,26.0,12.0,36.0,9.0,34.0,16.0,12.0,67.0,131.0,22.0,426.0,50.0,8.0,8.0,55.0,2.0
2021-03-29,77.0,12.0,24.0,88.0,3.0,367.0,13.0,17.0,3.0,236.0,32.0,74.0,70.0,20.0,14.0,14.0,6.0,22.0,13.0,30.0,17.0,8.0,71.0,78.0,28.0,297.0,44.0,5.0,10.0,34.0,30.0
2021-04-02,33.0,18.0,30.0,116.0,8.0,438.0,2.0,35.0,2.0,214.0,51.0,111.0,146.0,50.0,16.0,1.0,9.0,18.0,18.0,55.0,41.0,12.0,98.0,111.0,16.0,377.0,69.0,6.0,38.0,39.0,-20.0
2021-04-05,36.0,15.0,43.0,111.0,1.0,415.0,6.0,23.0,4.0,166.0,32.0,68.0,138.0,28.0,20.0,6.0,6.0,47.0,17.0,27.0,35.0,22.0,137.0,89.0,21.0,280.0,59.0,3.0,18.0,42.0,-9.0
2021-04-09,62.0,4.0,61.0,138.0,8.0,519.0,3.0,19.0,9.0,266.0,92.0,85.0,153.0,45.0,10.0,6.0,9.0,89.0,25.0,47.0,27.0,34.0,117.0,111.0,7.0,334.0,70.0,1.0,13.0,39.0,9.0
2021-04-12,47.0,8.0,59.0,124.0,9.0,426.0,4.0,12.0,8.0,225.0,73.0,71.0,107.0,50.0,18.0,4.0,4.0,59.0,35.0,43.0,39.0,22.0,73.0,99.0,30.0,321.0,76.0,5.0,21.0,51.0,9.0
2021-04-16,45.0,15.0,90.0,166.0,6.0,574.0,9.0,30.0,17.0,245.0,138.0,94.0,193.0,83.0,23.0,11.0,2.0,62.0,50.0,24.0,45.0,41.0,96.0,139.0,13.0,277.0,102.0,11.0,11.0,57.0,-8.0
2021-04-19,71.0,5.0,69.0,164.0,11.0,451.0,6.0,15.0,20.0,213.0,100.0,36.0,174.0,101.0,26.0,14.0,2.0,26.0,51.0,28.0,18.0,32.0,73.0,116.0,8.0,212.0,91.0,6.0,19.0,34.0,-4.0
2021-04-23,33.0,8.0,55.0,182.0,7.0,493.0,8.0,25.0,13.0,221.0,122.0,65.0,144.0,130.0,29.0,20.0,13.0,42.0,56.0,55.0,38.0,43.0,100.0,117.0,17.0,172.0,105.0,4.0,26.0,35.0,2.0
2021-04-26,49.0,6.0,38.0,123.0,4.0,409.0,1.0,9.0,10.0,203.0,104.0,66.0,117.0,71.0,23.0,6.0,14.0,46.0,31.0,20.0,40.0,33.0,39.0,71.0,28.0,166.0,100.0,3.0,15.0,40.0,-1.0
2021-04-30,60.0,8.0,60.0,192.0,8.0,463.0,11.0,14.0,10.0,200.0,143.0,69.0,111.0,153.0,19.0,8.0,22.0,15.0,47.0,27.0,72.0,31.0,56.0,99.0,12.0,224.0,82.0,3.0,25.0,22.0,9.0
2021-05-03,45.0,3.0,38.0,150.0,22.0,313.0,8.0,6.0,4.0,153.0,100.0,52.0,101.0,81.0,11.0,4.0,20.0,30.0,44.0,28.0,32.0,33.0,28.0,120.0,6.0,201.0,49.0,10.0,13.0,16.0,-12.0
2021-05-07,30.0,1.0,57.0,144.0,10.0,363.0,6.0,9.0,10.0,159.0,84.0,79.0,79.0,68.0,28.0,3.0,27.0,15.0,38.0,42.0,46.0,33.0,41.0,87.0,7.0,269.0,58.0,4.0,22.0,19.0,3.0
2021-05-10,36.0,2.0,50.0,100.0,19.0,320.0,5.0,9.0,7.0,150.0,84.0,57.0,80.0,89.0,7.0,2.0,6.0,23.0,34.0,21.0,27.0,41.0,44.0,73.0,19.0,222.0,46.0,5.0,29.0,44.0,9.0
2021-05-14,41.0,3.0,22.0,80.0,14.0,348.0,3.0,17.0,5.0,153.0,125.0,78.0,69.0,80.0,5.0,2.0,23.0,2.0,18.0,35.0,24.0,28.0,58.0,63.0,18.0,310.0,51.0,2.0,24.0,38.0,4.0
2021-05-17,31.0,3.0,24.0,82.0,16.0,302.0,2.0,22.0,3.0,86.0,65.0,94.0,68.0,76.0,6.0,10.0,6.0,18.0,29.0,43.0,30.0,61.0,22.0,57.0,23.0,288.0,50.0,0.0,15.0,30.0,5.0
2021-05-21,52.0,5.0,46.0,78.0,-2.0,305.0,0.0,23.0,35.0,122.0,99.0,136.0,60.0,103.0,14.0,11.0,6.0,30.0,38.0,26.0,32.0,25.0,41.0,70.0,23.0,410.0,49.0,0.0,22.0,48.0,-4.0
2021-05-24,33.0,3.0,34.0,74.0,9.0,282.0,3.0,8.0,6.0,81.0,77.0,74.0,57.0,94.0,18.0,4.0,11.0,25.0,38.0,35.0,14.0,46.0,50.0,85.0,26.0,259.0,47.0,2.0,37.0,50.0,-3.0
2021-05-28,48.0,21.0,38.0,77.0,13.0,250.0,1.0,26.0,23.0,171.0,97.0,107.0,82.0,89.0,22.0,9.0,24.0,30.0,35.0,47.0,44.0,59.0,90.0,78.0,38.0,436.0,44.0,6.0,44.0,32.0,8.0
2021-05-31,28.0,6.0,38.0,61.0,22.0,255.0,3.0,11.0,7.0,147.0,67.0,84.0,54.0,83.0,24.0,14.0,22.0,27.0,48.0,26.0,25.0,43.0,49.0,56.0,29.0,347.0,36.0,7.0,38.0,21.0,3.0
2021-06-04,49.0,11.0,31.0,68.0,19.0,284.0,2.0,9.0,7.0,182.0,89.0,116.0,58.0,126.0,26.0,20.0,27.0,20.0,39.0,35.0,65.0,31.0,75.0,73.0,39.0,424.0,40.0,6.0,41.0,46.0,12.0
2021-06-07,41.0,5.0,23.0,51.0,20.0,191.0,2.0,9.0,6.0,148.0,50.0,77.0,56.0,78.0,13.0,34.0,7.0,20.0,37.0,22.0,32.0,36.0,47.0,35.0,22.0,327.0,34.0,13.0,28.0,28.0,-6.0
2021-06-11,46.0,5.0,73.0,46.0,19.0,221.0,3.0,30.0,6.0,197.0,107.0,108.0,41.0,142.0,24.0,27.0,16.0,7.0,43.0,19.0,20.0,15.0,90.0,70.0,25.0,376.0,35.0,1.0,45.0,38.0,-2.0
2021-06-14,41.0,5.0,60.0,65.0,16.0,170.0,6.0,6.0,3.0,115.0,67.0,73.0,66.0,115.0,17.0,20.0,19.0,9.0,21.0,18.0,27.0,25.0,60.0,47.0,26.0,305.0,56.0,4.0,21.0,27.0,2.0
2021-06-18,48.0,18.0,49.0,70.0,6.0,186.0,3.0,4.0,5.0,161.0,91.0,70.0,61.0,99.0,20.0,13.0,10.0,13.0,25.0,3.0,31.0,26.0,110.0,71.0,23.0,299.0,69.0,5.0,22.0,39.0,2.0
2021-06-21,57.0,12.0,40.0,50.0,11.0,157.0,7.0,10.0,1.0,109.0,36.0,54.0,51.0,80.0,12.0,21.0,15.0,7.0,50.0,10.0,13.0,16.0,76.0,35.0,20.0,246.0,40.0,2.0,18.0,33.0,-2.0
2021-06-25,42.0,5.0,32.0,69.0,10.0,99.0,1.0,8.0,7.0,118.0,34.0,59.0,45.0,55.0,5.0,11.0,4.0,11.0,29.0,2.0,5.0,21.0,65.0,37.0,21.0,178.0,34.0,-1.0,20.0,25.0,-2.0
2021-06-28,56.0,10.0,45.0,68.0,9.0,106.0,2.0,9.0,5.0,107.0,27.0,48.0,38.0,77.0,4.0,26.0,9.0,9.0,32.0,4.0,11.0,16.0,45.0,32.0,14.0,216.0,39.0,3.0,9.0,27.0,-1.0
2021-07-02,54.0,2.0,25.0,79.0,3.0,50.0,5.0,10.0,11.0,80.0,9.0,30.0,61.0,56.0,1.0,9.0,0.0,8.0,32.0,23.0,12.0,4.0,47.0,21.0,25.0,188.0,10.0,3.0,21.0,15.0,6.0
2021-07-05,31.0,1.0,18.0,71.0,1.0,52.0,8.0,10.0,6.0,96.0,15.0,37.0,14.0,42.0,-1.0,12.0,2.0,6.0,36.0,18.0,8.0,4.0,29.0,20.0,11.0,148.0,12.0,1.0,12.0,10.0,-2.0
2021-07-09,46.0,4.0,24.0,49.0,2.0,84.0,0.0,28.0,4.0,80.0,14.0,39.0,21.0,31.0,2.0,8.0,1.0,0.0,23.0,8.0,13.0,11.0,14.0,20.0,7.0,132.0,14.0,1.0,2.0,19.0,1.0
2021-07-12,20.0,4.0,15.0,26.0,3.0,72.0,1.0,8.0,6.0,59.0,8.0,19.0,19.0,29.0,1.0,4.0,0.0,1.0,17.0,22.0,15.0,7.0,14.0,27.0,16.0,76.0,26.0,0.0,14.0,0.0,5.0
2021-07-16,28.0,2.0,12.0,21.0,0.0,30.0,1.0,4.0,6.0,74.0,7.0,13.0,7.0,22.0,-1.0,3.0,2.0,9.0,12.0,12.0,-3.0,13.0,24.0,19.0,11.0,76.0,21.0,0.0,13.0,8.0,-6.0
2021-07-19,17.0,1.0,7.0,7.0,1.0,19.0,0.0,4.0,1.0,164.0,5.0,2.0,7.0,17.0,0.0,1.0,0.0,8.0,3.0,8.0,3.0,6.0,6.0,22.0,5.0,45.0,12.0,1.0,7.0,2.0,1.0
2021-07-23,28.0,1.0,8.0,23.0,2.0,32.0,0.0,1.0,1.0,53.0,10.0,11.0,9.0,19.0,1.0,3.0,0.0,8.0,5.0,7.0,1.0,6.0,10.0,6.0,4.0,83.0,21.0,0.0,12.0,7.0,0.0
2021-07-26,35.0,3.0,1.0,11.0,0.0,18.0,1.0,4.0,1.0,27.0,6.0,16.0,6.0,10.0,4.0,3.0,1.0,1.0,2.0,3.0,0.0,4.0,21.0,14.0,2.0,77.0,12.0,0.0,6.0,4.0,0.0
2021-07-30,36.0,1.0,0.0,12.0,6.0,28.0,1.0,3.0,5.0,28.0,9.0,7.0,9.0,19.0,2.0,1.0,1.0,0.0,1.0,3.0,1.0,7.0,13.0,18.0,3.0,93.0,7.0,0.0,-1.0,5.0,1.0
2021-08-02,24.0,1.0,0.0,9.0,1.0,20.0,0.0,4.0,12.0,23.0,0.0,8.0,6.0,6.0,4.0,0.0,2.0,0.0,1.0,4.0,2.0,12.0,21.0,12.0,4.0,61.0,8.0,0.0,1.0,1.0,-1.0
2021-08-06,17.0,0.0,1.0,2.0,5.0,23.0,4.0,2.0,5.0,15.0,2.0,8.0,13.0,6.0,6.0,2.0,1.0,1.0,2.0,10.0,5.0,3.0,11.0,22.0,1.0,47.0,4.0,1.0,4.0,5.0,0.0
2021-08-09,17.0,0.0,2.0,10.0,2.0,22.0,0.0,7.0,6.0,5.0,7.0,4.0,5.0,1.0,14.0,1.0,0.0,2.0,0.0,1.0,0.0,0.0,8.0,12.0,-1.0,57.0,2.0,6.0,3.0,0.0,0.0
2021-08-13,26.0,0.0,1.0,8.0,0.0,20.0,1.0,18.0,8.0,6.0,7.0,13.0,5.0,4.0,11.0,7.0,0.0,0.0,0.0,2.0,5.0,1.0,11.0,15.0,0.0,59.0,1.0,6.0,2.0,2.0,-3.0
2021-08-16,7.0,2.0,7.0,12.0,0.0,9.0,0.0,10.0,9.0,9.0,13.0,2.0,4.0,7.0,4.0,0.0,1.0,3.0,0.0,3.0,-3.0,2.0,4.0,9.0,0.0,40.0,6.0,8.0,0.0,1.0,0.0
2021-08-20,11.0,0.0,2.0,4.0,0.0,25.0,0.0,9.0,6.0,2.0,18.0,9.0,9.0,0.0,1.0,4.0,8.0,1.0,0.0,1.0,1.0,0.0,4.0,12.0,1.0,80.0,1.0,0.0,2.0,7.0,-3.0
2021-08-23,22.0,0.0,0.0,2.0,0.0,14.0,0.0,1.0,6.0,5.0,4.0,6.0,4.0,5.0,2.0,12.0,1.0,5.0,3.0,0.0,1.0,1.0,2.0,5.0,1.0,34.0,2.0,4.0,-1.0,8.0,2.0
2021-08-27,31.0,0.0,0.0,6.0,1.0,18.0,0.0,1.0,0.0,8.0,6.0,3.0,3.0,1.0,0.0,5.0,9.0,4.0,0.0,0.0,0.0,0.0,3.0,2.0,4.0,30.0,3.0,0.0,0.0,8.0,-4.0
2021-08-30,10.0,1.0,4.0,2.0,0.0,8.0,0.0,0.0,0.0,4.0,5.0,12.0,5.0,3.0,0.0,6.0,1.0,3.0,3.0,0.0,0.0,0.0,7.0,4.0,0.0,19.0,3.0,0.0,0.0,2.0,-1.0
2021-09-03,21.0,0.0,0.0,2.0,1.0,10.0,0.0,2.0,1.0,2.0,4.0,7.0,0.0,1.0,0.0,4.0,0.0,2.0,0.0,2.0,2.0,1.0,3.0,2.0,2.0,27.0,2.0,4.0,0.0,6.0,-6.0
2021-09-06,13.0,0.0,2.0,0.0,-1.0,8.0,0.0,0.0,1.0,11.0,0.0,2.0,2.0,1.0,0.0,0.0,0.0,0.0,0.0,3.0,2.0,1.0,14.0,1.0,0.0,20.0,1.0,2.0,0.0,3.0,0.0
2021-09-10,25.0,3.0,0.0,0.0,0.0,11.0,0.0,1.0,-1.0,4.0,1.0,4.0,5.0,1.0,0.0,0.0,-1.0,0.0,0.0,0.0,2.0,0.0,4.0,2.0,0.0,11.0,0.0,1.0,0.0,4.0,-1.0
2021-09-13,39.0,3.0,0.0,1.0,0.0,5.0,0.0,0.0,0.0,5.0,1.0,3.0,0.0,3.0,0.0,0.0,1.0,0.0,0.0,-1.0,3.0,1.0,5.0,0.0,1.0,12.0,1.0,-1.0,0.0,1.0,2.0
2021-09-17,42.0,-2.0,0.0,0.0,0.0,5.0,0.0,0.0,0.0,10.0,16.0,3.0,1.0,6.0,3.0,0.0,-1.0,1.0,1.0,1.0,1.0,0.0,4.0,0.0,1.0,23.0,3.0,0.0,0.0,0.0,-2.0
2021-09-20,17.0,1.0,1.0,0.0,0.0,7.0,0.0,0.0,0.0,1.0,2.0,5.0,2.0,10.0,0.0,1.0,0.0,0.0,0.0,0.0,1.0,0.0,6.0,0.0,0.0,28.0,1.0,0.0,0.0,0.0,1.0
2021-09-24,17.0,0.0,0.0,1.0,0.0,12.0,1.0,0.0,0.0,6.0,3.0,2.0,1.0,23.0,3.0,3.0,4.0,0.0,0.0,0.0,1.0,0.0,5.0,3.0,0.0,18.0,-1.0,0.0,0.0,5.0,-1.0
2021-09-27,15.0,1.0,0.0,2.0,1.0,21.0,1.0,0.0,0.0,10.0,5.0,6.0,1.0,29.0,0.0,3.0,0.0,0.0,1.0,3.0,8.0,0.0,2.0,5.0,0.0,30.0,1.0,0.0,2.0,5.0,0.0
2021-10-01,17.0,0.0,7.0,8.0,1.0,10.0,0.0,0.0,0.0,8.0,3.0,4.0,3.0,33.0,0.0,2.0,0.0,0.0,5.0,4.0,11.0,0.0,7.0,1.0,1.0,21.0,3.0,1.0,3.0,3.0,2.0
2021-10-04,10.0,1.0,0.0,3.0,0.0,12.0,1.0,0.0,0.0,9.0,0.0,0.0,1.0,35.0,0.0,1.0,0.0,0.0,1.0,2.0,3.0,1.0,0.0,7.0,0.0,8.0,2.0,0.0,1.0,0.0,-1.0
2021-10-08,5.0,2.0,1.0,3.0,0.0,8.0,0.0,1.0,0.0,15.0,0.0,3.0,3.0,48.0,0.0,4.0,0.0,1.0,12.0,2.0,8.0,0.0,0.0,7.0,0.0,22.0,0.0,0.0,4.0,0.0,1.0
2021-10-11,6.0,-1.0,2.0,0.0,0.0,20.0,0.0,0.0,0.0,25.0,1.0,13.0,2.0,20.0,1.0,3.0,0.0,0.0,16.0,3.0,6.0,1.0,6.0,6.0,0.0,46.0,1.0,0.0,1.0,3.0,-2.0
2021-10-15,5.0,0.0,1.0,7.0,1.0,20.0,0.0,2.0,0.0,37.0,9.0,17.0,10.0,46.0,-1.0,2.0,3.0,0.0,23.0,2.0,5.0,0.0,12.0,7.0,0.0,45.0,6.0,0.0,2.0,6.0,0.0
2021-10-18,15.0,0.0,2.0,3.0,-1.0,21.0,0.0,4.0,0.0,50.0,5.0,11.0,10.0,29.0,0.0,13.0,1.0,3.0,32.0,1.0,8.0,1.0,5.0,17.0,2.0,46.0,2.0,0.0,0.0,3.0,1.0
2021-10-22,22.0,1.0,9.0,1.0,0.0,42.0,1.0,8.0,0.0,69.0,9.0,26.0,8.0,37.0,0.0,6.0,1.0,3.0,62.0,2.0,5.0,1.0,6.0,14.0,1.0,65.0,5.0,1.0,3.0,5.0,2.0
2021-10-25,9.0,1.0,4.0,1.0,0.0,28.0,0.0,3.0,0.0,56.0,11.0,14.0,1.0,40.0,1.0,9.0,3.0,1.0,31.0,5.0,-3.0,4.0,8.0,18.0,2.0,68.0,5.0,0.0,2.0,1.0,1.0
2021-10-29,21.0,1.0,3.0,8.0,0.0,52.0,-1.0,8.0,1.0,59.0,18.0,22.0,3.0,36.0,1.0,1.0,7.0,1.0,36.0,0.0,3.0,0.0,16.0,14.0,2.0,74.0,3.0,0.0,9.0,6.0,1.0
2021-11-01,6.0,2.0,16.0,7.0,0.0,22.0,1.0,7.0,0.0,62.0,5.0,6.0,4.0,47.0,0.0,2.0,4.0,0.0,11.0,2.0,5.0,4.0,13.0,15.0,0.0,52.0,17.0,4.0,6.0,1.0,1.0
2021-11-05,4.0,0.0,5.0,19.0,2.0,50.0,0.0,-2.0,1.0,47.0,9.0,33.0,11.0,54.0,1.0,2.0,-3.0,1.0,15.0,3.0,3.0,4.0,10.0,16.0,0.0,72.0,15.0,0.0,7.0,10.0,-1.0
2021-11-08,6.0,5.0,7.0,7.0,3.0,59.0,5.0,4.0,2.0,51.0,13.0,35.0,14.0,31.0,0.0,4.0,0.0,2.0,8.0,2.0,8.0,3.0,24.0,18.0,1.0,80.0,12.0,0.0,4.0,0.0,1.0
2021-11-12,11.0,3.0,12.0,14.0,3.0,98.0,1.0,16.0,3.0,39.0,16.0,24.0,18.0,38.0,2.0,7.0,0.0,10.0,15.0,9.0,22.0,4.0,27.0,30.0,0.0,105.0,11.0,0.0,8.0,4.0,0.0
2021-11-15,9.0,2.0,6.0,10.0,0.0,107.0,2.0,9.0,1.0,42.0,12.0,12.0,10.0,42.0,5.0,1.0,0.0,2.0,10.0,0.0,11.0,7.0,15.0,25.0,0.0,79.0,10.0,0.0,11.0,6.0,1.0
2021-11-19,24.0,0.0,10.0,23.0,11.0,154.0,1.0,16.0,1.0,39.0,7.0,18.0,18.0,32.0,3.0,3.0,0.0,7.0,13.0,2.0,18.0,13.0,13.0,32.0,2.0,90.0,36.0,4.0,9.0,6.0,1.0
2021-11-22,12.0,0.0,3.0,13.0,6.0,143.0,0.0,15.0,2.0,28.0,17.0,19.0,19.0,25.0,0.0,2.0,8.0,3.0,9.0,12.0,13.0,14.0,19.0,28.0,1.0,74.0,23.0,4.0,12.0,3.0,0.0
2021-11-26,28.0,2.0,5.0,23.0,6.0,162.0,0.0,1.0,1.0,28.0,20.0,15.0,13.0,19.0,0.0,3.0,4.0,7.0,11.0,16.0,15.0,14.0,15.0,22.0,5.0,106.0,17.0,0.0,13.0,2.0,2.0
2021-11-29,24.0,0.0,2.0,14.0,3.0,61.0,0.0,1.0,3.0,10.0,7.0,9.0,7.0,15.0,4.0,1.0,3.0,4.0,7.0,8.0,7.0,4.0,21.0,33.0,5.0,70.0,9.0,0.0,13.0,5.0,2.0
2021-12-03,28.0,1.0,3.0,14.0,2.0,102.0,0.0,-1.0,1.0,12.0,6.0,19.0,12.0,10.0,0.0,2.0,3.0,17.0,0.0,3.0,7.0,6.0,19.0,9.0,0.0,72.0,12.0,0.0,5.0,1.0,5.0
2021-12-06,23.0,0.0,1.0,12.0,3.0,73.0,0.0,1.0,2.0,8.0,11.0,9.0,11.0,5.0,0.0,0.0,2.0,5.0,3.0,4.0,1.0,4.0,12.0,18.0,0.0,54.0,6.0,2.0,9.0,3.0,1.0
2021-12-10,24.0,0.0,-1.0,13.0,4.0,55.0,0.0,7.0,0.0,26.0,11.0,16.0,8.0,6.0,1.0,0.0,3.0,4.0,3.0,12.0,0.0,4.0,8.0,10.0,3.0,53.0,5.0,0.0,7.0,2.0,0.0
2021-12-13,15.0,-1.0,1.0,4.0,-2.0,40.0,0.0,4.0,1.0,10.0,9.0,9.0,7.0,6.0,2.0,0.0,0.0,3.0,1.0,1.0,1.0,0.0,2.0,15.0,1.0,48.0,4.0,0.0,2.0,2.0,-1.0
2021-12-17,31.0,0.0,1.0,5.0,0.0,31.0,1.0,0.0,5.0,11.0,8.0,11.0,3.0,4.0,2.0,2.0,0.0,0.0,1.0,0.0,1.0,0.0,22.0,8.0,1.0,42.0,8.0,2.0,0.0,4.0,1.0
2021-12-20,28.0,0.0,4.0,9.0,1.0,38.0,0.0,2.0,2.0,17.0,5.0,14.0,7.0,1.0,2.0,2.0,0.0,6.0,0.0,3.0,5.0,0.0,10.0,4.0,1.0,31.0,7.0,0.0,1.0,1.0,3.0
2021-12-24,44.0,1.0,2.0,9.0,0.0,5.0,2.0,3.0,3.0,7.0,2.0,15.0,9.0,3.0,3.0,1.0,0.0,1.0,1.0,4.0,6.0,1.0,13.0,4.0,4.0,39.0,5.0,0.0,1.0,2.0,1.0
2021-12-27,18.0,0.0,0.0,7.0,1.0,22.0,2.0,1.0,1.0,6.0,0.0,7.0,6.0,2.0,0.0,7.0,0.0,2.0,2.0,4.0,3.0,1.0,3.0,3.0,1.0,26.0,0.0,0.0,0.0,0.0,2.0
2021-12-31,20.0,0.0,5.0,4.0,0.0,37.0,2.0,1.0,0.0,10.0,4.0,8.0,10.0,3.0,3.0,8.0,1.0,4.0,1.0,1.0,4.0,5.0,7.0,7.0,-1.0,56.0,5.0,0.0,9.0,1.0,2.0
2022-01-03,12.0,1.0,3.0,8.0,0.0,28.0,4.0,2.0,0.0,5.0,1.0,9.0,10.0,1.0,3.0,4.0,5.0,5.0,1.0,0.0,4.0,1.0,3.0,2.0,0.0,18.0,4.0,0.0,2.0,1.0,0.0
2022-01-07,16.0,0.0,1.0,9.0,1.0,43.0,0.0,0.0,3.0,13.0,6.0,9.0,13.0,11.0,3.0,3.0,3.0,1.0,5.0,3.0,0.0,3.0,3.0,10.0,0.0,46.0,6.0,2.0,2.0,0.0,8.0
2022-01-10,13.0,1.0,8.0,5.0,1.0,42.0,0.0,2.0,2.0,22.0,6.0,11.0,25.0,4.0,4.0,6.0,15.0,0.0,0.0,1.0,3.0,2.0,12.0,13.0,0.0,57.0,8.0,5.0,5.0,2.0,-3.0
2022-01-14,32.0,1.0,7.0,18.0,8.0,102.0,1.0,2.0,3.0,32.0,7.0,27.0,28.0,7.0,4.0,9.0,5.0,6.0,5.0,4.0,8.0,4.0,14.0,12.0,7.0,151.0,2.0,6.0,5.0,2.0,11.0
2022-01-17,17.0,0.0,7.0,19.0,5.0,127.0,1.0,3.0,4.0,51.0,8.0,23.0,36.0,12.0,7.0,8.0,2.0,6.0,6.0,18.0,7.0,6.0,36.0,24.0,9.0,160.0,7.0,6.0,11.0,3.0,-3.0
2022-01-21,31.0,1.0,29.0,23.0,7.0,197.0,9.0,2.0,2.0,107.0,23.0,44.0,79.0,17.0,9.0,18.0,10.0,15.0,9.0,13.0,18.0,19.0,30.0,44.0,5.0,270.0,23.0,2.0,19.0,8.0,73.0
2022-01-24,66.0,5.0,36.0,42.0,10.0,264.0,10.0,5.0,0.0,186.0,46.0,79.0,72.0,46.0,11.0,13.0,10.0,9.0,19.0,4.0,23.0,23.0,57.0,67.0,14.0,319.0,33.0,10.0,10.0,14.0,114.0
2022-01-28,153.0,22.0,68.0,112.0,17.0,623.0,27.0,14.0,13.0,386.0,106.0,159.0,202.0,88.0,33.0,36.0,24.0,34.0,48.0,37.0,80.0,39.0,133.0,145.0,45.0,971.0,83.0,3.0,60.0,57.0,-213.0
2022-01-31,170.0,39.0,104.0,88.0,21.0,547.0,38.0,32.0,18.0,427.0,104.0,133.0,136.0,119.0,30.0,44.0,13.0,11.0,36.0,40.0,53.0,43.0,83.0,131.0,22.0,962.0,64.0,9.0,50.0,53.0,2.0
2022-02-04,264.0,61.0,163.0,217.0,27.0,1206.0,36.0,37.0,35.0,748.0,193.0,295.0,368.0,182.0,84.0,74.0,26.0,47.0,113.0,82.0,125.0,93.0,210.0,305.0,62.0,1930.0,103.0,8.0,98.0,88.0,1.0
2022-02-07,286.0,40.0,124.0,218.0,33.0,925.0,25.0,41.0,24.0,436.0,159.0,266.0,212.0,189.0,60.0,53.0,41.0,47.0,97.0,105.0,87.0,83.0,252.0,241.0,58.0,1723.0,143.0,10.0,104.0,67.0,1.0
2022-02-11,335.0,54.0,242.0,345.0,51.0,1407.0,45.0,71.0,48.0,892.0,264.0,335.0,326.0,399.0,79.0,77.0,87.0,36.0,135.0,131.0,140.0,88.0,439.0,404.0,122.0,2407.0,139.0,10.0,137.0,144.0,3.0
2022-02-14,326.0,39.0,175.0,273.0,50.0,1212.0,28.0,59.0,20.0,851.0,244.0,312.0,316.0,342.0,83.0,96.0,17.0,88.0,96.0,67.0,113.0,118.0,212.0,327.0,57.0,2211.0,163.0,7.0,140.0,114.0,-1.0
2022-02-18,490.0,76.0,392.0,265.0,87.0,1502.0,62.0,84.0,60.0,1134.0,454.0,418.0,526.0,453.0,62.0,103.0,64.0,105.0,175.0,106.0,153.0,161.0,230.0,468.0,98.0,3013.0,332.0,17.0,168.0,147.0,-2.0
2022-02-21,440.0,29.0,249.0,438.0,64.0,1058.0,53.0,72.0,40.0,744.0,193.0,482.0,409.0,294.0,125.0,58.0,73.0,67.0,144.0,150.0,115.0,124.0,487.0,428.0,143.0,2831.0,209.0,18.0,149.0,179.0,0.0
2022-02-25,445.0,58.0,220.0,523.0,86.0,1210.0,82.0,71.0,48.0,889.0,349.0,497.0,391.0,393.0,87.0,112.0,98.0,85.0,157.0,184.0,137.0,160.0,485.0,368.0,169.0,2794.0,284.0,26.0,190.0,121.0,0.0
2022-02-28,450.0,64.0,192.0,346.0,43.0,943.0,36.0,51.0,37.0,1000.0,147.0,375.0,295.0,344.0,115.0,100.0,50.0,64.0,195.0,123.0,100.0,103.0,348.0,413.0,98.0,1744.0,225.0,11.0,169.0,125.0,1.0
2022-03-04,446.0,47.0,203.0,417.0,68.0,972.0,49.0,58.0,53.0,1081.0,251.0,371.0,298.0,633.0,92.0,109.0,82.0,98.0,233.0,87.0,97.0,129.0,429.0,502.0,111.0,2218.0,187.0,21.0,194.0,200.0,1.0
2022-03-07,296.0,20.0,135.0,279.0,43.0,649.0,29.0,47.0,39.0,622.0,212.0,252.0,227.0,281.0,72.0,44.0,59.0,55.0,158.0,79.0,61.0,120.0,233.0,290.0,98.0,1383.0,137.0,9.0,104.0,125.0,0.0
2022-03-11,307.0,40.0,189.0,424.0,52.0,818.0,31.0,66.0,57.0,745.0,143.0,323.0,234.0,289.0,76.0,41.0,78.0,69.0,135.0,70.0,55.0,101.0,314.0,316.0,90.0,1469.0,145.0,23.0,107.0,141.0,0.0
2022-03-14,184.0,26.0,150.0,222.0,54.0,541.0,29.0,37.0,37.0,501.0,102.0,230.0,165.0,187.0,55.0,33.0,37.0,55.0,111.0,54.0,61.0,88.0,159.0,215.0,69.0,1025.0,91.0,15.0,80.0,79.0,0.0
2022-03-18,242.0,39.0,213.0,310.0,50.0,642.0,38.0,55.0,49.0,672.0,103.0,230.0,165.0,296.0,74.0,55.0,52.0,63.0,125.0,62.0,72.0,101.0,226.0,242.0,50.0,1319.0,106.0,12.0,118.0,100.0,0.0
2022-03-21,87.0,26.0,91.0,188.0,14.0,424.0,18.0,35.0,19.0,339.0,64.0,152.0,119.0,192.0,36.0,18.0,17.0,28.0,71.0,30.0,39.0,32.0,119.0,177.0,33.0,586.0,70.0,4.0,65.0,64.0,0.0
2022-03-25,194.0,39.0,71.0,117.0,17.0,355.0,16.0,24.0,21.0,313.0,84.0,147.0,98.0,142.0,34.0,17.0,20.0,19.0,78.0,34.0,36.0,36.0,134.0,170.0,34.0,655.0,39.0,6.0,66.0,54.0,0.0
2022-03-28,104.0,19.0,53.0,46.0,13.0,217.0,2.0,16.0,22.0,207.0,26.0,81.0,51.0,65.0,6.0,11.0,8.0,13.0,25.0,28.0,20.0,25.0,81.0,83.0,12.0,355.0,31.0,4.0,19.0,26.0,0.0
2022-04-01,77.0,10.0,53.0,47.0,10.0,178.0,7.0,6.0,13.0,201.0,35.0,104.0,50.0,95.0,7.0,4.0,7.0,20.0,29.0,14.0,19.0,14.0,63.0,68.0,16.0,437.0,33.0,0.0,23.0,25.0,0.0
2022-04-04,42.0,4.0,9.0,28.0,11.0,105.0,1.0,1.0,6.0,107.0,35.0,45.0,35.0,52.0,10.0,17.0,14.0,8.0,19.0,15.0,12.0,12.0,31.0,42.0,10.0,257.0,9.0,0.0,27.0,15.0,0.0
2022-04-08,29.0,4.0,21.0,34.0,5.0,147.0,5.0,4.0,2.0,144.0,14.0,46.0,41.0,83.0,9.0,7.0,8.0,10.0,47.0,9.0,9.0,6.0,42.0,50.0,13.0,292.0,19.0,0.0,10.0,9.0,0.0
2022-04-11,22.0,4.0,11.0,23.0,2.0,62.0,4.0,0.0,1.0,60.0,11.0,35.0,18.0,21.0,10.0,2.0,7.0,4.0,4.0,9.0,1.0,8.0,35.0,29.0,7.0,205.0,15.0,0.0,7.0,2.0,0.0
2022-04-15,21.0,4.0,16.0,17.0,1.0,67.0,10.0,5.0,1.0,58.0,6.0,31.0,30.0,14.0,15.0,4.0,7.0,10.0,5.0,11.0,7.0,7.0,35.0,29.0,13.0,196.0,4.0,3.0,12.0,2.0,0.0
2022-04-18,7.0,0.0,8.0,11.0,0.0,24.0,2.0,1.0,2.0,21.0,12.0,17.0,20.0,4.0,9.0,2.0,5.0,1.0,3.0,14.0,11.0,9.0,31.0,18.0,5.0,118.0,5.0,0.0,4.0,3.0,0.0
2022-04-22,11.0,2.0,15.0,6.0,1.0,59.0,4.0,4.0,1.0,50.0,15.0,49.0,13.0,14.0,7.0,2.0,11.0,1.0,5.0,14.0,14.0,13.0,22.0,27.0,7.0,224.0,21.0,0.0,16.0,10.0,0.0
2022-04-25,11.0,3.0,8.0,7.0,6.0,52.0,3.0,3.0,6.0,28.0,4.0,24.0,12.0,10.0,4.0,3.0,4.0,0.0,4.0,5.0,7.0,10.0,13.0,35.0,2.0,128.0,11.0,2.0,1.0,4.0,0.0
2022-04-29,18.0,1.0,8.0,6.0,1.0,48.0,0.0,2.0,1.0,23.0,11.0,29.0,15.0,7.0,11.0,0.0,8.0,2.0,3.0,2.0,5.0,5.0,13.0,16.0,7.0,158.0,5.0,0.0,6.0,6.0,0.0
2022-05-02,5.0,0.0,5.0,3.0,0.0,50.0,0.0,2.0,1.0,27.0,5.0,26.0,11.0,7.0,1.0,1.0,8.0,1.0,2.0,7.0,4.0,7.0,10.0,15.0,3.0,102.0,9.0,0.0,3.0,4.0,0.0
2022-05-06,13.0,0.0,6.0,11.0,3.0,55.0,0.0,5.0,0.0,49.0,7.0,28.0,16.0,18.0,14.0,0.0,5.0,5.0,13.0,4.0,13.0,8.0,20.0,17.0,20.0,148.0,16.0,0.0,17.0,3.0,0.0
2022-05-09,4.0,0.0,5.0,5.0,1.0,57.0,1.0,2.0,6.0,34.0,5.0,20.0,11.0,15.0,5.0,0.0,2.0,4.0,9.0,13.0,6.0,17.0,21.0,23.0,10.0,122.0,3.0,1.0,6.0,4.0,0.0
2022-05-13,12.0,1.0,10.0,9.0,6.0,93.0,0.0,3.0,6.0,54.0,10.0,37.0,17.0,8.0,2.0,0.0,8.0,3.0,3.0,13.0,22.0,12.0,31.0,21.0,21.0,253.0,7.0,1.0,10.0,9.0,-1.0
2022-05-16,13.0,0.0,13.0,18.0,6.0,81.0,0.0,2.0,10.0,50.0,8.0,61.0,21.0,9.0,6.0,1.0,14.0,3.0,4.0,14.0,15.0,25.0,21.0,26.0,20.0,248.0,5.0,6.0,4.0,4.0,0.0
2022-05-20,24.0,6.0,30.0,19.0,3.0,142.0,0.0,4.0,7.0,75.0,9.0,82.0,44.0,9.0,14.0,1.0,22.0,3.0,11.0,19.0,12.0,27.0,39.0,50.0,17.0,355.0,12.0,13.0,21.0,9.0,0.0
2022-05-23,19.0,2.0,23.0,18.0,6.0,134.0,2.0,4.0,4.0,91.0,15.0,72.0,36.0,14.0,13.0,2.0,12.0,8.0,8.0,11.0,7.0,27.0,35.0,52.0,5.0,310.0,14.0,11.0,19.0,6.0,0.0
2022-05-27,36.0,6.0,34.0,30.0,5.0,251.0,3.0,6.0,11.0,108.0,16.0,89.0,36.0,20.0,25.0,4.0,14.0,20.0,15.0,12.0,25.0,23.0,45.0,90.0,14.0,458.0,14.0,3.0,26.0,11.0,0.0
2022-05-30,24.0,1.0,21.0,18.0,7.0,188.0,5.0,0.0,5.0,61.0,14.0,70.0,36.0,22.0,13.0,1.0,12.0,12.0,14.0,7.0,22.0,15.0,33.0,66.0,20.0,429.0,19.0,2.0,19.0,11.0,0.0
2022-06-03,25.0,13.0,18.0,15.0,7.0,251.0,0.0,8.0,0.0,121.0,7.0,103.0,57.0,36.0,17.0,2.0,15.0,20.0,14.0,12.0,24.0,36.0,53.0,59.0,21.0,403.0,25.0,4.0,20.0,11.0,0.0
2022-06-06,33.0,6.0,39.0,24.0,8.0,214.0,1.0,14.0,4.0,154.0,20.0,92.0,51.0,30.0,16.0,6.0,11.0,7.0,14.0,4.0,26.0,25.0,40.0,74.0,12.0,394.0,27.0,2.0,13.0,24.0,0.0
2022-06-10,35.0,13.0,37.0,40.0,18.0,348.0,2.0,21.0,9.0,270.0,34.0,149.0,89.0,56.0,25.0,15.0,24.0,17.0,19.0,19.0,31.0,30.0,74.0,107.0,9.0,709.0,48.0,3.0,28.0,15.0,0.0
2022-06-13,17.0,4.0,21.0,28.0,6.0,205.0,2.0,20.0,-1.0,122.0,25.0,109.0,53.0,34.0,11.0,3.0,12.0,16.0,9.0,14.0,23.0,27.0,43.0,71.0,12.0,471.0,22.0,0.0,8.0,15.0,0.0
2022-06-17,50.0,11.0,29.0,44.0,15.0,290.0,6.0,29.0,1.0,242.0,40.0,113.0,68.0,49.0,21.0,17.0,12.0,24.0,14.0,12.0,20.0,37.0,65.0,94.0,23.0,585.0,30.0,9.0,25.0,14.0,0.0
2022-06-20,37.0,4.0,23.0,34.0,7.0,134.0,4.0,25.0,6.0,150.0,24.0,90.0,145.0,50.0,11.0,18.0,16.0,16.0,16.0,5.0,18.0,36.0,49.0,80.0,13.0,468.0,46.0,1.0,13.0,13.0,1.0
2022-06-24,108.0,7.0,38.0,31.0,9.0,215.0,1.0,19.0,6.0,164.0,24.0,96.0,81.0,50.0,25.0,10.0,10.0,18.0,20.0,24.0,21.0,23.0,47.0,78.0,36.0,467.0,39.0,2.0,37.0,29.0,0.0
2022-06-27,83.0,9.0,28.0,38.0,8.0,174.0,8.0,19.0,4.0,95.0,30.0,100.0,77.0,62.0,22.0,17.0,23.0,14.0,12.0,35.0,9.0,24.0,72.0,56.0,28.0,441.0,60.0,2.0,18.0,32.0,1.0
2022-07-01,88.0,7.0,38.0,40.0,12.0,197.0,10.0,27.0,4.0,156.0,18.0,90.0,54.0,49.0,18.0,17.0,23.0,14.0,17.0,40.0,18.0,25.0,29.0,73.0,16.0,422.0,42.0,2.0,36.0,26.0,0.0
2022-07-04,57.0,7.0,25.0,41.0,11.0,192.0,6.0,20.0,8.0,99.0,23.0,62.0,68.0,38.0,20.0,10.0,7.0,12.0,25.0,33.0,8.0,28.0,58.0,38.0,11.0,419.0,31.0,7.0,31.0,12.0,0.0
2022-07-08,88.0,9.0,47.0,36.0,21.0,237.0,2.0,19.0,9.0,176.0,25.0,92.0,64.0,47.0,17.0,10.0,21.0,6.0,25.0,26.0,21.0,35.0,86.0,88.0,5.0,521.0,39.0,3.0,44.0,26.0,0.0
2022-07-11,56.0,7.0,21.0,56.0,18.0,160.0,2.0,13.0,5.0,84.0,18.0,82.0,66.0,70.0,14.0,7.0,19.0,5.0,20.0,33.0,16.0,38.0,43.0,49.0,8.0,318.0,20.0,0.0,22.0,16.0,1.0
2022-07-15,80.0,7.0,37.0,64.0,46.0,265.0,5.0,14.0,5.0,89.0,35.0,97.0,49.0,84.0,5.0,11.0,30.0,25.0,42.0,34.0,15.0,15.0,61.0,79.0,19.0,471.0,49.0,4.0,18.0,15.0,-1.0
2022-07-18,37.0,9.0,38.0,30.0,22.0,161.0,2.0,8.0,4.0,91.0,18.0,88.0,45.0,64.0,10.0,11.0,7.0,20.0,32.0,13.0,26.0,18.0,52.0,48.0,12.0,292.0,16.0,3.0,19.0,6.0,0.0
2022-07-22,79.0,4.0,57.0,41.0,20.0,237.0,0.0,15.0,6.0,129.0,22.0,91.0,66.0,65.0,15.0,12.0,10.0,22.0,33.0,14.0,22.0,21.0,75.0,80.0,24.0,435.0,42.0,2.0,43.0,23.0,0.0
2022-07-25,46.0,5.0,26.0,46.0,18.0,232.0,3.0,10.0,15.0,111.0,12.0,80.0,60.0,36.0,18.0,12.0,5.0,22.0,10.0,17.0,27.0,32.0,54.0,51.0,16.0,316.0,32.0,4.0,24.0,20.0,0.0
2022-07-29,62.0,13.0,67.0,53.0,21.0,332.0,8.0,14.0,20.0,190.0,53.0,90.0,81.0,60.0,17.0,19.0,3.0,36.0,33.0,20.0,28.0,36.0,64.0,103.0,16.0,409.0,81.0,5.0,59.0,18.0,1.0
2022-08-01,68.0,4.0,51.0,32.0,21.0,255.0,9.0,15.0,12.0,116.0,40.0,99.0,62.0,76.0,17.0,15.0,6.0,32.0,11.0,23.0,28.0,30.0,62.0,90.0,10.0,378.0,39.0,8.0,44.0,23.0,-1.0
2022-08-05,113.0,31.0,94.0,74.0,34.0,453.0,9.0,20.0,6.0,289.0,66.0,173.0,177.0,104.0,32.0,21.0,22.0,37.0,25.0,37.0,64.0,46.0,110.0,106.0,46.0,747.0,89.0,14.0,70.0,31.0,0.0
2022-08-08,77.0,24.0,58.0,90.0,24.0,325.0,5.0,35.0,16.0,182.0,56.0,108.0,157.0,80.0,17.0,10.0,20.0,21.0,19.0,30.0,48.0,28.0,77.0,99.0,20.0,494.0,44.0,2.0,42.0,20.0,0.0
2022-08-12,136.0,16.0,123.0,119.0,20.0,598.0,3.0,29.0,16.0,327.0,103.0,224.0,227.0,155.0,52.0,17.0,59.0,71.0,65.0,32.0,101.0,87.0,114.0,171.0,52.0,881.0,74.0,7.0,58.0,47.0,0.0
2022-08-15,98.0,11.0,78.0,82.0,32.0,442.0,16.0,24.0,20.0,184.0,61.0,137.0,166.0,146.0,31.0,12.0,30.0,39.0,59.0,44.0,72.0,78.0,67.0,123.0,28.0,620.0,55.0,9.0,41.0,47.0,0.0
2022-08-19,76.0,17.0,100.0,99.0,34.0,478.0,21.0,29.0,9.0,271.0,98.0,212.0,141.0,83.0,45.0,19.0,27.0,23.0,67.0,37.0,57.0,91.0,70.0,143.0,26.0,687.0,93.0,9.0,62.0,48.0,0.0
2022-08-22,77.0,9.0,83.0,137.0,19.0,382.0,7.0,22.0,25.0,240.0,54.0,140.0,160.0,98.0,38.0,10.0,10.0,29.0,80.0,30.0,45.0,69.0,42.0,150.0,20.0,585.0,78.0,4.0,40.0,64.0,0.0
2022-08-26,82.0,12.0,81.0,105.0,18.0,428.0,7.0,33.0,17.0,226.0,60.0,173.0,140.0,108.0,32.0,6.0,19.0,28.0,77.0,32.0,49.0,66.0,90.0,127.0,31.0,789.0,78.0,6.0,37.0,60.0,0.0
2022-08-29,54.0,6.0,33.0,78.0,12.0,288.0,3.0,17.0,8.0,109.0,40.0,153.0,108.0,73.0,19.0,9.0,19.0,23.0,53.0,26.0,31.0,36.0,41.0,107.0,23.0,513.0,41.0,3.0,32.0,53.0,0.0
2022-09-02,71.0,16.0,59.0,78.0,8.0,279.0,1.0,25.0,9.0,158.0,50.0,132.0,89.0,88.0,27.0,9.0,18.0,17.0,45.0,36.0,35.0,44.0,66.0,121.0,25.0,551.0,58.0,6.0,21.0,53.0,0.0
2022-09-05,56.0,7.0,33.0,57.0,19.0,190.0,3.0,18.0,4.0,84.0,36.0,70.0,57.0,65.0,31.0,6.0,14.0,17.0,40.0,16.0,21.0,36.0,27.0,83.0,15.0,284.0,24.0,2.0,11.0,30.0,0.0
2022-09-09,68.0,15.0,43.0,59.0,9.0,193.0,3.0,11.0,4.0,138.0,48.0,91.0,85.0,100.0,22.0,7.0,11.0,20.0,54.0,33.0,23.0,62.0,46.0,74.0,17.0,437.0,23.0,0.0,25.0,23.0,0.0
2022-09-12,46.0,5.0,30.0,31.0,10.0,171.0,2.0,11.0,2.0,54.0,29.0,52.0,74.0,52.0,10.0,5.0,6.0,21.0,27.0,7.0,16.0,49.0,38.0,54.0,14.0,200.0,17.0,3.0,7.0,20.0,0.0
2022-09-19,100.0,16.0,48.0,40.0,19.0,227.0,7.0,28.0,7.0,144.0,27.0,112.0,86.0,88.0,29.0,9.0,12.0,16.0,40.0,23.0,28.0,64.0,64.0,91.0,23.0,442.0,40.0,0.0,29.0,18.0,0.0
2022-09-23,86.0,0.0,23.0,30.0,19.0,83.0,8.0,17.0,5.0,103.0,31.0,82.0,44.0,58.0,39.0,4.0,5.0,6.0,33.0,17.0,23.0,15.0,68.0,60.0,14.0,251.0,13.0,1.0,14.0,13.0,0.0
2022-09-26,80.0,3.0,43.0,25.0,14.0,90.0,7.0,20.0,7.0,104.0,18.0,64.0,65.0,71.0,25.0,15.0,4.0,7.0,19.0,11.0,22.0,21.0,47.0,64.0,24.0,224.0,15.0,1.0,26.0,19.0,0.0
2022-10-03,111.0,3.0,75.0,80.0,20.0,182.0,19.0,15.0,12.0,208.0,49.0,105.0,108.0,102.0,33.0,11.0,14.0,8.0,47.0,36.0,35.0,42.0,83.0,90.0,35.0,457.0,40.0,3.0,51.0,21.0,0.0
2022-10-10,119.0,4.0,63.0,72.0,13.0,141.0,15.0,11.0,26.0,196.0,39.0,80.0,72.0,88.0,23.0,27.0,11.0,9.0,34.0,29.0,23.0,22.0,41.0,101.0,31.0,449.0,26.0,6.0,29.0,16.0,0.0
2022-10-14,56.0,3.0,42.0,49.0,14.0,79.0,9.0,6.0,16.0,139.0,15.0,87.0,64.0,27.0,15.0,5.0,13.0,10.0,35.0,4.0,8.0,18.0,26.0,41.0,21.0,324.0,17.0,1.0,22.0,2.0,0.0
2022-10-17,40.0,3.0,25.0,65.0,8.0,69.0,5.0,6.0,9.0,103.0,18.0,53.0,50.0,50.0,10.0,13.0,2.0,2.0,25.0,14.0,8.0,23.0,36.0,39.0,10.0,310.0,19.0,2.0,21.0,9.0,0.0
2022-10-21,63.0,3.0,49.0,66.0,10.0,106.0,4.0,11.0,10.0,234.0,32.0,115.0,70.0,60.0,37.0,8.0,22.0,1.0,51.0,10.0,9.0,29.0,79.0,84.0,12.0,500.0,22.0,0.0,23.0,14.0,1.0
2022-10-24,64.0,3.0,24.0,36.0,14.0,66.0,6.0,10.0,6.0,110.0,20.0,91.0,67.0,49.0,25.0,5.0,12.0,6.0,37.0,8.0,16.0,21.0,49.0,85.0,6.0,332.0,9.0,1.0,15.0,7.0,0.0
2022-10-28,114.0,4.0,42.0,70.0,13.0,99.0,6.0,18.0,14.0,169.0,41.0,114.0,68.0,58.0,33.0,22.0,19.0,7.0,35.0,4.0,9.0,41.0,80.0,136.0,22.0,451.0,22.0,1.0,28.0,9.0,0.0
2022-10-31,66.0,3.0,28.0,74.0,15.0,69.0,3.0,6.0,4.0,107.0,21.0,55.0,60.0,56.0,11.0,7.0,6.0,6.0,30.0,11.0,7.0,10.0,36.0,52.0,15.0,253.0,25.0,0.0,9.0,10.0,0.0
2022-11-04,88.0,2.0,57.0,39.0,19.0,76.0,1.0,11.0,3.0,64.0,37.0,59.0,53.0,41.0,16.0,4.0,20.0,5.0,20.0,8.0,14.0,25.0,22.0,37.0,25.0,246.0,24.0,0.0,23.0,5.0,0.0
2022-11-07,101.0,1.0,54.0,59.0,20.0,96.0,8.0,21.0,7.0,138.0,39.0,95.0,103.0,99.0,21.0,9.0,13.0,4.0,31.0,19.0,14.0,20.0,51.0,94.0,15.0,504.0,20.0,0.0,24.0,18.0,0.0
2022-11-11,92.0,5.0,45.0,57.0,19.0,126.0,13.0,31.0,8.0,168.0,49.0,91.0,109.0,65.0,28.0,7.0,27.0,11.0,49.0,12.0,25.0,44.0,57.0,146.0,20.0,564.0,26.0,2.0,27.0,21.0,0.0
2022-11-14,62.0,2.0,29.0,37.0,14.0,81.0,5.0,24.0,6.0,63.0,27.0,62.0,99.0,69.0,9.0,2.0,14.0,7.0,35.0,5.0,17.0,28.0,58.0,50.0,19.0,383.0,26.0,1.0,13.0,16.0,0.0
2022-11-18,97.0,4.0,44.0,54.0,13.0,111.0,3.0,20.0,7.0,129.0,60.0,72.0,114.0,81.0,24.0,13.0,23.0,9.0,43.0,13.0,28.0,26.0,46.0,71.0,25.0,470.0,49.0,5.0,24.0,11.0,0.0
2022-11-21,51.0,4.0,24.0,22.0,15.0,74.0,3.0,10.0,5.0,71.0,31.0,46.0,71.0,53.0,3.0,1.0,13.0,8.0,34.0,4.0,20.0,21.0,25.0,59.0,11.0,308.0,28.0,0.0,9.0,7.0,0.0
2022-11-25,65.0,3.0,35.0,44.0,12.0,100.0,6.0,6.0,5.0,115.0,43.0,68.0,76.0,84.0,12.0,6.0,22.0,14.0,38.0,7.0,21.0,19.0,24.0,73.0,12.0,333.0,29.0,1.0,12.0,17.0,0.0
2022-11-28,42.0,2.0,20.0,11.0,8.0,60.0,15.0,4.0,7.0,94.0,17.0,32.0,47.0,72.0,4.0,0.0,19.0,5.0,22.0,7.0,14.0,13.0,17.0,55.0,9.0,192.0,30.0,0.0,13.0,9.0,0.0
2022-12-02,62.0,1.0,23.0,17.0,3.0,74.0,12.0,15.0,3.0,128.0,24.0,58.0,55.0,90.0,10.0,9.0,7.0,9.0,27.0,10.0,4.0,15.0,20.0,45.0,13.0,235.0,26.0,1.0,21.0,13.0,0.0
2022-12-05,37.0,0.0,20.0,14.0,9.0,50.0,5.0,12.0,2.0,56.0,18.0,29.0,59.0,45.0,1.0,4.0,5.0,3.0,32.0,2.0,5.0,10.0,4.0,22.0,13.0,113.0,19.0,0.0,8.0,17.0,0.0
2022-12-09,69.0,7.0,8.0,23.0,3.0,76.0,4.0,7.0,2.0,96.0,28.0,30.0,73.0,58.0,11.0,2.0,7.0,4.0,17.0,8.0,11.0,20.0,7.0,39.0,14.0,191.0,17.0,0.0,17.0,9.0,0.0
2022-12-12,18.0,0.0,11.0,3.0,2.0,59.0,1.0,6.0,2.0,29.0,18.0,31.0,49.0,47.0,6.0,1.0,3.0,8.0,11.0,8.0,5.0,10.0,6.0,34.0,6.0,103.0,11.0,0.0,9.0,5.0,0.0
2022-12-16,34.0,0.0,18.0,18.0,8.0,81.0,0.0,14.0,2.0,101.0,27.0,37.0,52.0,64.0,4.0,6.0,3.0,11.0,23.0,9.0,7.0,10.0,21.0,45.0,17.0,222.0,21.0,2.0,12.0,24.0,0.0
2022-12-19,19.0,1.0,7.0,14.0,4.0,39.0,2.0,3.0,0.0,63.0,33.0,25.0,45.0,38.0,3.0,2.0,4.0,1.0,12.0,4.0,7.0,9.0,9.0,19.0,14.0,129.0,21.0,-1.0,17.0,13.0,0.0
2022-12-23,22.0,0.0,14.0,14.0,11.0,63.0,1.0,8.0,1.0,80.0,32.0,32.0,44.0,53.0,4.0,4.0,7.0,4.0,15.0,3.0,7.0,8.0,13.0,46.0,9.0,174.0,26.0,1.0,15.0,14.0,0.0
2022-12-26,19.0,0.0,16.0,9.0,4.0,52.0,0.0,2.0,1.0,37.0,12.0,27.0,39.0,42.0,7.0,3.0,14.0,0.0,21.0,2.0,8.0,12.0,8.0,23.0,9.0,159.0,20.0,1.0,21.0,16.0,0.0
2022-12-30,42.0,0.0,45.0,24.0,10.0,102.0,2.0,11.0,0.0,148.0,51.0,86.0,66.0,94.0,11.0,4.0,15.0,12.0,27.0,12.0,21.0,18.0,21.0,59.0,36.0,346.0,38.0,0.0,19.0,30.0,0.0
2023-01-05,50.0,4.0,40.0,36.0,29.0,110.0,2.0,12.0,3.0,101.0,30.0,63.0,58.0,85.0,6.0,4.0,18.0,5.0,23.0,7.0,16.0,19.0,22.0,74.0,16.0,205.0,18.0,0.0,19.0,14.0,0.0
2023-01-09,23.0,1.0,25.0,18.0,14.0,74.0,2.0,4.0,5.0,29.0,19.0,54.0,43.0,34.0,11.0,6.0,7.0,0.0,9.0,8.0,5.0,9.0,30.0,55.0,20.0,122.0,24.0,0.0,8.0,6.0,0.0
