,Angol,Carahue,Cholchol,Collipulli,Cunco,Curacautin,Curarrehue,Ercilla,Freire,Galvarino,Gorbea,Lautaro,Loncoche,Lonquimay,Los Sauces,Lumaco,Melipeuco,Nueva Imperial,Padre Las Casas,Perquenco,Pitrufquen,Pucon,Puren,Renaico,Saavedra,Temuco,Teodoro Schmidt,Tolten,Traiguen,Victoria,Vilcun,Villarrica,Desconocido Araucania
2020-04-01,6.0,0.0,0.0,0.0,0.0,0.0,0.0,0.0,0.0,0.0,2.0,8.0,0.0,0.0,0.0,0.0,0.0,0.0,5.0,0.0,2.0,0.0,0.0,0.0,0.0,71.0,4.0,0.0,0.0,2.0,1.0,4.0,0.0
2020-04-03,-1.0,0.0,0.0,0.0,0.0,0.0,0.0,0.0,5.0,0.0,1.0,2.0,4.0,0.0,0.0,0.0,0.0,11.0,19.0,0.0,1.0,0.0,0.0,0.0,0.0,68.0,-4.0,4.0,0.0,4.0,6.0,2.0,0.0
2020-04-06,3.0,0.0,0.0,0.0,5.0,0.0,0.0,0.0,0.0,0.0,3.0,6.0,0.0,0.0,0.0,0.0,0.0,5.0,11.0,0.0,4.0,4.0,0.0,0.0,0.0,72.0,0.0,1.0,0.0,1.0,7.0,5.0,0.0
2020-04-08,8.0,6.0,0.0,0.0,0.0,0.0,4.0,0.0,0.0,0.0,0.0,3.0,2.0,0.0,0.0,0.0,0.0,4.0,5.0,0.0,1.0,1.0,0.0,0.0,0.0,42.0,0.0,2.0,0.0,3.0,2.0,4.0,0.0
2020-04-10,1.0,0.0,4.0,0.0,0.0,5.0,0.0,0.0,0.0,0.0,0.0,0.0,0.0,0.0,0.0,0.0,0.0,2.0,0.0,0.0,0.0,0.0,0.0,0.0,0.0,36.0,4.0,0.0,0.0,0.0,0.0,0.0,0.0
2020-04-13,4.0,12.0,0.0,1.0,0.0,0.0,0.0,3.0,0.0,2.0,0.0,3.0,0.0,0.0,0.0,0.0,0.0,3.0,0.0,3.0,4.0,0.0,2.0,2.0,1.0,28.0,1.0,0.0,2.0,0.0,4.0,3.0,0.0
2020-04-15,8.0,2.0,0.0,0.0,1.0,0.0,0.0,0.0,0.0,0.0,0.0,3.0,3.0,0.0,0.0,0.0,0.0,7.0,3.0,0.0,2.0,1.0,0.0,0.0,-1.0,35.0,0.0,-1.0,0.0,-2.0,3.0,1.0,0.0
2020-04-17,2.0,2.0,1.0,-1.0,0.0,0.0,0.0,1.0,0.0,0.0,0.0,2.0,0.0,0.0,0.0,0.0,0.0,2.0,6.0,1.0,-1.0,4.0,0.0,0.0,1.0,41.0,0.0,0.0,0.0,0.0,2.0,-2.0,0.0
2020-04-20,13.0,4.0,0.0,1.0,0.0,0.0,0.0,3.0,1.0,0.0,0.0,3.0,0.0,0.0,0.0,0.0,0.0,3.0,13.0,2.0,2.0,1.0,0.0,1.0,7.0,58.0,0.0,0.0,1.0,15.0,8.0,1.0,0.0
2020-04-24,24.0,4.0,0.0,1.0,0.0,1.0,0.0,1.0,1.0,0.0,2.0,4.0,0.0,0.0,0.0,0.0,0.0,-1.0,7.0,0.0,0.0,1.0,0.0,1.0,7.0,39.0,1.0,0.0,0.0,27.0,2.0,1.0,0.0
2020-04-27,5.0,1.0,0.0,1.0,0.0,0.0,0.0,0.0,0.0,0.0,0.0,4.0,1.0,0.0,0.0,1.0,0.0,8.0,9.0,0.0,0.0,2.0,0.0,0.0,1.0,21.0,0.0,0.0,0.0,3.0,0.0,0.0,0.0
2020-05-01,26.0,-1.0,1.0,1.0,-1.0,-1.0,0.0,2.0,0.0,0.0,0.0,0.0,8.0,0.0,1.0,5.0,0.0,3.0,11.0,-1.0,1.0,0.0,1.0,0.0,8.0,8.0,0.0,0.0,-1.0,12.0,5.0,1.0,0.0
2020-05-04,4.0,4.0,0.0,0.0,0.0,1.0,0.0,0.0,0.0,0.0,0.0,2.0,0.0,0.0,0.0,0.0,0.0,0.0,1.0,0.0,0.0,0.0,1.0,1.0,9.0,10.0,0.0,0.0,0.0,1.0,1.0,0.0,0.0
2020-05-08,2.0,1.0,-2.0,2.0,1.0,0.0,0.0,1.0,0.0,2.0,1.0,5.0,2.0,5.0,0.0,1.0,0.0,-6.0,1.0,0.0,-2.0,2.0,2.0,7.0,9.0,28.0,-1.0,2.0,0.0,7.0,3.0,1.0,0.0
2020-05-11,6.0,1.0,0.0,0.0,0.0,1.0,0.0,0.0,2.0,0.0,0.0,8.0,0.0,4.0,0.0,0.0,0.0,3.0,1.0,0.0,0.0,0.0,1.0,0.0,10.0,23.0,0.0,0.0,0.0,0.0,2.0,1.0,0.0
2020-05-15,4.0,-1.0,1.0,0.0,0.0,0.0,0.0,0.0,10.0,0.0,1.0,2.0,0.0,9.0,0.0,0.0,0.0,8.0,14.0,0.0,0.0,1.0,0.0,2.0,15.0,18.0,0.0,0.0,1.0,2.0,8.0,-1.0,0.0
2020-05-18,2.0,1.0,0.0,1.0,1.0,0.0,0.0,0.0,7.0,0.0,1.0,0.0,0.0,13.0,0.0,0.0,0.0,0.0,4.0,0.0,2.0,1.0,0.0,2.0,7.0,30.0,0.0,0.0,2.0,0.0,2.0,1.0,0.0
2020-05-22,3.0,3.0,1.0,5.0,13.0,0.0,0.0,0.0,3.0,-1.0,2.0,1.0,1.0,24.0,0.0,1.0,0.0,0.0,8.0,0.0,5.0,1.0,0.0,3.0,6.0,11.0,2.0,0.0,3.0,1.0,3.0,0.0,0.0
2020-05-25,11.0,6.0,0.0,8.0,6.0,0.0,0.0,0.0,11.0,1.0,1.0,5.0,0.0,5.0,0.0,0.0,3.0,1.0,8.0,0.0,8.0,5.0,0.0,2.0,2.0,19.0,-1.0,6.0,1.0,3.0,7.0,1.0,0.0
2020-05-29,11.0,5.0,0.0,6.0,3.0,0.0,0.0,0.0,17.0,4.0,1.0,5.0,14.0,1.0,1.0,0.0,2.0,1.0,8.0,0.0,8.0,3.0,1.0,1.0,2.0,12.0,2.0,1.0,0.0,6.0,13.0,2.0,0.0
2020-06-01,8.0,3.0,1.0,3.0,0.0,1.0,0.0,5.0,9.0,9.0,1.0,12.0,6.0,0.0,0.0,3.0,0.0,1.0,11.0,0.0,6.0,9.0,1.0,3.0,3.0,6.0,2.0,1.0,0.0,3.0,8.0,6.0,0.0
2020-06-05,15.0,10.0,9.0,1.0,2.0,0.0,0.0,0.0,7.0,30.0,0.0,11.0,5.0,1.0,2.0,3.0,3.0,1.0,9.0,6.0,11.0,14.0,0.0,0.0,0.0,8.0,0.0,0.0,6.0,20.0,1.0,2.0,0.0
2020-06-08,13.0,6.0,6.0,4.0,8.0,0.0,0.0,0.0,8.0,14.0,5.0,5.0,0.0,2.0,2.0,0.0,0.0,8.0,2.0,0.0,5.0,2.0,0.0,1.0,4.0,11.0,0.0,0.0,4.0,7.0,4.0,2.0,0.0
2020-06-12,41.0,-1.0,2.0,4.0,6.0,2.0,0.0,0.0,9.0,26.0,5.0,5.0,3.0,2.0,1.0,0.0,0.0,16.0,1.0,4.0,5.0,3.0,0.0,0.0,1.0,8.0,0.0,0.0,3.0,14.0,4.0,6.0,0.0
2020-06-15,36.0,1.0,0.0,3.0,4.0,8.0,0.0,2.0,5.0,10.0,3.0,3.0,0.0,0.0,0.0,1.0,0.0,9.0,2.0,0.0,2.0,5.0,0.0,3.0,3.0,14.0,1.0,0.0,6.0,19.0,2.0,8.0,0.0
2020-06-19,30.0,1.0,1.0,4.0,0.0,5.0,0.0,2.0,9.0,16.0,5.0,6.0,17.0,3.0,1.0,13.0,0.0,11.0,8.0,1.0,4.0,9.0,5.0,3.0,4.0,26.0,13.0,1.0,8.0,12.0,3.0,9.0,14.0
2020-06-23,39.0,10.0,1.0,8.0,2.0,0.0,0.0,0.0,4.0,1.0,2.0,3.0,4.0,3.0,1.0,3.0,0.0,9.0,5.0,7.0,7.0,4.0,5.0,6.0,1.0,29.0,10.0,0.0,3.0,-5.0,1.0,13.0,-7.0
2020-06-28,18.0,2.0,-1.0,4.0,5.0,0.0,0.0,-1.0,-1.0,2.0,-2.0,11.0,0.0,-1.0,0.0,11.0,0.0,3.0,-1.0,3.0,11.0,-1.0,2.0,16.0,-2.0,25.0,-1.0,-1.0,5.0,1.0,10.0,19.0,1.0
2020-07-01,11.0,0.0,0.0,3.0,1.0,0.0,0.0,0.0,5.0,3.0,0.0,-1.0,7.0,0.0,1.0,-3.0,0.0,5.0,3.0,9.0,6.0,1.0,2.0,6.0,0.0,17.0,1.0,0.0,2.0,0.0,8.0,7.0,0.0
2020-07-05,21.0,0.0,-1.0,5.0,0.0,2.0,0.0,0.0,-1.0,11.0,0.0,4.0,4.0,-1.0,8.0,2.0,1.0,7.0,5.0,4.0,-6.0,-2.0,1.0,-11.0,-2.0,25.0,-5.0,0.0,1.0,10.0,-6.0,1.0,1.0
2020-07-10,27.0,2.0,2.0,2.0,5.0,0.0,0.0,1.0,1.0,3.0,1.0,-1.0,1.0,0.0,3.0,-1.0,1.0,1.0,14.0,0.0,0.0,0.0,0.0,0.0,2.0,40.0,1.0,2.0,2.0,1.0,2.0,0.0,-1.0
2020-07-13,10.0,1.0,5.0,1.0,2.0,0.0,0.0,3.0,0.0,0.0,0.0,0.0,1.0,0.0,0.0,1.0,1.0,2.0,1.0,1.0,1.0,1.0,2.0,3.0,1.0,19.0,1.0,0.0,0.0,2.0,5.0,2.0,1.0
2020-07-17,15.0,2.0,1.0,0.0,10.0,5.0,0.0,6.0,1.0,0.0,0.0,6.0,0.0,0.0,0.0,0.0,0.0,0.0,4.0,2.0,2.0,6.0,4.0,1.0,0.0,28.0,0.0,-1.0,0.0,3.0,1.0,3.0,-8.0
2020-07-20,4.0,0.0,0.0,1.0,6.0,0.0,0.0,0.0,3.0,0.0,-1.0,5.0,1.0,0.0,0.0,0.0,0.0,1.0,5.0,1.0,0.0,1.0,5.0,0.0,0.0,17.0,0.0,0.0,0.0,4.0,1.0,1.0,1.0
2020-07-24,14.0,1.0,4.0,0.0,2.0,1.0,0.0,1.0,3.0,0.0,0.0,15.0,-1.0,1.0,1.0,1.0,0.0,2.0,3.0,0.0,2.0,0.0,3.0,0.0,0.0,24.0,0.0,0.0,2.0,9.0,7.0,-1.0,2.0
2020-07-27,13.0,6.0,0.0,1.0,1.0,0.0,0.0,12.0,3.0,0.0,0.0,6.0,0.0,0.0,1.0,0.0,0.0,1.0,3.0,1.0,2.0,0.0,0.0,4.0,0.0,29.0,0.0,0.0,2.0,7.0,7.0,2.0,-1.0
2020-07-31,22.0,9.0,2.0,1.0,2.0,2.0,0.0,13.0,2.0,0.0,1.0,10.0,0.0,0.0,14.0,0.0,0.0,2.0,6.0,-1.0,1.0,6.0,4.0,4.0,0.0,32.0,0.0,1.0,4.0,7.0,5.0,2.0,-1.0
2020-08-03,9.0,2.0,1.0,5.0,2.0,1.0,0.0,0.0,-1.0,2.0,0.0,5.0,0.0,0.0,17.0,0.0,0.0,1.0,3.0,1.0,3.0,3.0,2.0,0.0,0.0,41.0,0.0,0.0,1.0,2.0,3.0,-1.0,0.0
2020-08-07,13.0,13.0,0.0,12.0,2.0,0.0,0.0,3.0,3.0,-1.0,0.0,3.0,0.0,0.0,5.0,0.0,1.0,5.0,2.0,0.0,2.0,2.0,1.0,0.0,0.0,60.0,0.0,0.0,0.0,8.0,7.0,1.0,0.0
2020-08-10,20.0,2.0,0.0,21.0,3.0,0.0,0.0,3.0,-1.0,0.0,6.0,0.0,0.0,0.0,0.0,0.0,1.0,2.0,4.0,0.0,1.0,3.0,0.0,0.0,0.0,16.0,0.0,0.0,2.0,1.0,6.0,2.0,-1.0
2020-08-14,9.0,1.0,1.0,27.0,9.0,1.0,0.0,6.0,0.0,0.0,0.0,9.0,0.0,0.0,0.0,1.0,0.0,2.0,9.0,11.0,0.0,0.0,1.0,0.0,0.0,21.0,0.0,0.0,3.0,3.0,15.0,0.0,0.0
2020-08-17,17.0,9.0,0.0,27.0,5.0,0.0,0.0,1.0,0.0,0.0,0.0,2.0,0.0,0.0,0.0,1.0,0.0,7.0,10.0,2.0,0.0,0.0,0.0,0.0,0.0,4.0,0.0,0.0,1.0,5.0,6.0,1.0,1.0
2020-08-21,0.0,10.0,0.0,12.0,16.0,5.0,0.0,20.0,1.0,0.0,0.0,15.0,0.0,0.0,0.0,0.0,1.0,7.0,-1.0,4.0,2.0,0.0,0.0,0.0,0.0,34.0,0.0,0.0,0.0,16.0,11.0,0.0,3.0
2020-08-24,11.0,2.0,1.0,29.0,0.0,1.0,0.0,0.0,0.0,0.0,0.0,6.0,0.0,0.0,1.0,0.0,1.0,0.0,11.0,2.0,1.0,0.0,0.0,0.0,-1.0,18.0,0.0,0.0,0.0,3.0,1.0,0.0,0.0
2020-08-28,15.0,7.0,1.0,20.0,4.0,2.0,1.0,3.0,3.0,0.0,1.0,10.0,-1.0,1.0,0.0,0.0,4.0,2.0,-1.0,10.0,6.0,1.0,0.0,1.0,0.0,17.0,0.0,0.0,0.0,11.0,7.0,0.0,-4.0
2020-08-31,6.0,1.0,0.0,14.0,0.0,0.0,0.0,5.0,0.0,0.0,0.0,5.0,0.0,0.0,0.0,0.0,2.0,12.0,4.0,7.0,11.0,2.0,0.0,1.0,2.0,26.0,0.0,0.0,1.0,4.0,3.0,0.0,0.0
2020-09-04,23.0,6.0,4.0,53.0,1.0,0.0,1.0,7.0,1.0,0.0,2.0,3.0,0.0,1.0,2.0,1.0,0.0,3.0,7.0,9.0,4.0,2.0,0.0,10.0,10.0,44.0,2.0,0.0,0.0,5.0,4.0,3.0,2.0
2020-09-07,17.0,8.0,-3.0,20.0,0.0,0.0,0.0,14.0,1.0,0.0,-1.0,4.0,6.0,0.0,0.0,0.0,3.0,2.0,18.0,0.0,2.0,1.0,1.0,4.0,0.0,41.0,0.0,0.0,0.0,4.0,1.0,2.0,-1.0
2020-09-11,17.0,27.0,0.0,23.0,5.0,0.0,3.0,10.0,2.0,1.0,1.0,3.0,12.0,7.0,0.0,0.0,9.0,7.0,21.0,5.0,1.0,0.0,2.0,4.0,5.0,57.0,15.0,0.0,0.0,2.0,4.0,21.0,5.0
2020-09-14,24.0,15.0,3.0,16.0,-1.0,0.0,0.0,0.0,1.0,1.0,0.0,1.0,14.0,16.0,3.0,1.0,-1.0,22.0,21.0,3.0,0.0,0.0,-1.0,2.0,0.0,55.0,6.0,5.0,1.0,6.0,1.0,12.0,-3.0
2020-09-18,21.0,15.0,2.0,14.0,0.0,0.0,0.0,20.0,0.0,12.0,0.0,5.0,7.0,15.0,0.0,1.0,4.0,14.0,15.0,5.0,-1.0,0.0,0.0,3.0,0.0,80.0,24.0,10.0,0.0,6.0,6.0,27.0,-1.0
2020-09-21,11.0,9.0,5.0,11.0,2.0,0.0,0.0,23.0,1.0,5.0,3.0,5.0,9.0,13.0,0.0,9.0,0.0,5.0,14.0,0.0,3.0,-1.0,1.0,4.0,-4.0,55.0,34.0,-4.0,1.0,6.0,2.0,13.0,0.0
2020-09-25,25.0,20.0,9.0,0.0,12.0,1.0,0.0,37.0,6.0,4.0,3.0,27.0,41.0,4.0,2.0,3.0,1.0,11.0,27.0,3.0,13.0,2.0,1.0,6.0,10.0,139.0,18.0,3.0,1.0,7.0,2.0,30.0,1.0
2020-09-28,27.0,28.0,4.0,6.0,3.0,2.0,0.0,17.0,3.0,3.0,8.0,13.0,19.0,13.0,1.0,3.0,0.0,6.0,11.0,0.0,1.0,1.0,0.0,14.0,6.0,108.0,26.0,0.0,0.0,9.0,3.0,19.0,0.0
2020-10-02,23.0,60.0,5.0,4.0,15.0,1.0,0.0,24.0,1.0,5.0,4.0,13.0,29.0,12.0,2.0,10.0,0.0,10.0,23.0,1.0,6.0,0.0,4.0,7.0,20.0,140.0,32.0,2.0,8.0,10.0,2.0,36.0,2.0
2020-10-05,10.0,46.0,3.0,9.0,0.0,1.0,1.0,17.0,2.0,5.0,3.0,21.0,16.0,6.0,0.0,2.0,2.0,7.0,20.0,1.0,3.0,13.0,0.0,5.0,15.0,151.0,17.0,1.0,3.0,19.0,16.0,54.0,-2.0
2020-10-09,28.0,34.0,6.0,21.0,2.0,1.0,0.0,5.0,15.0,30.0,14.0,24.0,27.0,6.0,6.0,2.0,0.0,15.0,51.0,10.0,16.0,23.0,1.0,13.0,23.0,178.0,8.0,1.0,9.0,8.0,13.0,80.0,1.0
2020-10-12,31.0,39.0,8.0,16.0,5.0,0.0,1.0,11.0,13.0,19.0,0.0,12.0,1.0,4.0,6.0,0.0,2.0,14.0,42.0,5.0,4.0,1.0,0.0,8.0,6.0,142.0,10.0,1.0,3.0,9.0,13.0,24.0,0.0
2020-10-16,28.0,35.0,4.0,10.0,17.0,1.0,0.0,0.0,13.0,32.0,5.0,21.0,4.0,7.0,1.0,4.0,0.0,18.0,48.0,21.0,12.0,17.0,1.0,28.0,9.0,172.0,0.0,3.0,2.0,8.0,14.0,66.0,0.0
2020-10-19,26.0,18.0,4.0,5.0,14.0,0.0,0.0,2.0,18.0,23.0,5.0,13.0,16.0,0.0,0.0,0.0,0.0,8.0,55.0,2.0,3.0,16.0,0.0,5.0,15.0,202.0,4.0,1.0,6.0,12.0,7.0,34.0,2.0
2020-10-24,22.0,27.0,11.0,11.0,4.0,5.0,0.0,6.0,33.0,52.0,3.0,20.0,6.0,1.0,0.0,5.0,1.0,25.0,97.0,3.0,16.0,30.0,2.0,14.0,21.0,324.0,5.0,3.0,8.0,25.0,22.0,85.0,-2.0
2020-10-26,2.0,12.0,2.0,3.0,9.0,0.0,0.0,0.0,18.0,10.0,15.0,16.0,0.0,0.0,1.0,1.0,1.0,14.0,35.0,5.0,17.0,8.0,0.0,1.0,8.0,158.0,0.0,3.0,1.0,5.0,20.0,14.0,3.0
2020-10-30,7.0,34.0,2.0,19.0,16.0,7.0,0.0,0.0,12.0,30.0,27.0,31.0,3.0,0.0,1.0,3.0,8.0,11.0,81.0,14.0,19.0,9.0,7.0,0.0,8.0,283.0,2.0,0.0,2.0,14.0,12.0,35.0,4.0
2020-11-02,23.0,12.0,8.0,16.0,2.0,5.0,0.0,0.0,16.0,20.0,14.0,20.0,0.0,0.0,1.0,1.0,5.0,22.0,42.0,10.0,14.0,4.0,2.0,0.0,5.0,216.0,0.0,0.0,7.0,7.0,21.0,69.0,-1.0
2020-11-06,46.0,9.0,11.0,30.0,4.0,19.0,0.0,0.0,33.0,8.0,12.0,67.0,4.0,0.0,0.0,6.0,11.0,17.0,80.0,8.0,19.0,11.0,4.0,1.0,8.0,302.0,7.0,2.0,24.0,5.0,21.0,23.0,-3.0
2020-11-09,36.0,9.0,20.0,8.0,20.0,10.0,0.0,1.0,21.0,2.0,8.0,36.0,0.0,2.0,2.0,4.0,4.0,9.0,70.0,3.0,4.0,3.0,4.0,3.0,3.0,267.0,4.0,4.0,22.0,20.0,11.0,8.0,2.0
2020-11-13,47.0,3.0,12.0,35.0,5.0,17.0,0.0,4.0,13.0,5.0,5.0,55.0,1.0,1.0,5.0,5.0,6.0,9.0,87.0,3.0,8.0,9.0,15.0,1.0,14.0,263.0,13.0,7.0,28.0,26.0,18.0,18.0,0.0
2020-11-16,28.0,6.0,19.0,9.0,2.0,1.0,3.0,0.0,15.0,4.0,7.0,20.0,3.0,6.0,13.0,4.0,1.0,12.0,59.0,8.0,-1.0,1.0,2.0,2.0,1.0,269.0,3.0,14.0,4.0,8.0,6.0,20.0,0.0
2020-11-20,28.0,6.0,32.0,12.0,5.0,5.0,1.0,0.0,32.0,7.0,4.0,37.0,7.0,2.0,12.0,8.0,1.0,15.0,62.0,9.0,4.0,12.0,5.0,2.0,6.0,286.0,4.0,18.0,3.0,9.0,17.0,17.0,1.0
2020-11-23,14.0,7.0,30.0,14.0,4.0,7.0,21.0,0.0,7.0,7.0,1.0,17.0,9.0,1.0,2.0,27.0,0.0,4.0,68.0,3.0,2.0,8.0,3.0,2.0,2.0,220.0,6.0,5.0,2.0,4.0,15.0,18.0,6.0
2020-11-27,30.0,6.0,12.0,8.0,5.0,4.0,22.0,1.0,24.0,7.0,2.0,45.0,2.0,3.0,7.0,2.0,0.0,11.0,96.0,7.0,7.0,8.0,0.0,5.0,5.0,265.0,6.0,10.0,2.0,16.0,6.0,22.0,-11.0
2020-11-30,56.0,25.0,11.0,11.0,9.0,3.0,21.0,0.0,11.0,7.0,7.0,38.0,3.0,0.0,7.0,11.0,0.0,13.0,52.0,16.0,4.0,11.0,3.0,10.0,5.0,144.0,2.0,17.0,0.0,9.0,2.0,12.0,-1.0
2020-12-04,60.0,25.0,11.0,13.0,6.0,3.0,12.0,0.0,9.0,7.0,4.0,51.0,11.0,2.0,38.0,1.0,0.0,21.0,110.0,0.0,9.0,17.0,8.0,22.0,16.0,223.0,6.0,1.0,5.0,21.0,11.0,28.0,0.0
2020-12-07,59.0,21.0,6.0,7.0,10.0,8.0,4.0,6.0,16.0,29.0,8.0,37.0,4.0,1.0,34.0,7.0,0.0,5.0,50.0,4.0,8.0,9.0,10.0,1.0,1.0,141.0,1.0,2.0,5.0,11.0,14.0,30.0,5.0
2020-12-11,77.0,18.0,4.0,6.0,5.0,1.0,25.0,6.0,9.0,11.0,11.0,51.0,12.0,9.0,9.0,12.0,1.0,10.0,65.0,20.0,11.0,16.0,15.0,8.0,7.0,125.0,0.0,4.0,7.0,17.0,18.0,33.0,-5.0
2020-12-14,77.0,6.0,23.0,4.0,4.0,1.0,2.0,2.0,5.0,18.0,13.0,39.0,10.0,2.0,1.0,8.0,2.0,12.0,49.0,5.0,10.0,13.0,4.0,5.0,3.0,167.0,0.0,1.0,10.0,6.0,20.0,13.0,5.0
2020-12-18,78.0,6.0,2.0,19.0,5.0,5.0,6.0,3.0,7.0,11.0,5.0,46.0,9.0,0.0,4.0,39.0,1.0,37.0,66.0,4.0,28.0,20.0,6.0,4.0,9.0,179.0,1.0,2.0,7.0,13.0,18.0,48.0,-4.0
2020-12-21,53.0,8.0,17.0,25.0,5.0,0.0,3.0,1.0,9.0,17.0,8.0,32.0,16.0,4.0,1.0,12.0,0.0,34.0,54.0,3.0,10.0,14.0,4.0,1.0,4.0,182.0,10.0,3.0,10.0,19.0,54.0,50.0,5.0
2020-12-25,66.0,13.0,13.0,14.0,7.0,11.0,0.0,1.0,18.0,12.0,7.0,42.0,8.0,9.0,13.0,16.0,2.0,7.0,107.0,42.0,13.0,26.0,8.0,13.0,13.0,209.0,2.0,3.0,5.0,23.0,38.0,61.0,-2.0
2020-12-28,57.0,13.0,11.0,18.0,7.0,2.0,7.0,4.0,3.0,19.0,8.0,40.0,9.0,16.0,17.0,26.0,0.0,16.0,37.0,2.0,6.0,15.0,17.0,3.0,4.0,138.0,1.0,4.0,16.0,18.0,11.0,35.0,1.0
2021-01-01,52.0,14.0,12.0,3.0,6.0,7.0,0.0,3.0,23.0,5.0,11.0,38.0,15.0,12.0,2.0,6.0,0.0,25.0,68.0,24.0,17.0,19.0,6.0,17.0,30.0,289.0,6.0,15.0,6.0,11.0,16.0,34.0,1.0
2021-01-04,63.0,15.0,10.0,11.0,4.0,6.0,0.0,0.0,24.0,17.0,10.0,23.0,26.0,21.0,5.0,28.0,0.0,7.0,35.0,10.0,9.0,21.0,5.0,14.0,28.0,219.0,7.0,12.0,16.0,28.0,24.0,42.0,3.0
2021-01-08,35.0,27.0,17.0,1.0,9.0,24.0,3.0,2.0,27.0,27.0,19.0,19.0,13.0,13.0,2.0,11.0,0.0,30.0,88.0,12.0,10.0,34.0,5.0,20.0,28.0,381.0,13.0,18.0,8.0,65.0,7.0,51.0,1.0
2021-01-11,57.0,9.0,7.0,4.0,13.0,17.0,4.0,3.0,22.0,22.0,23.0,20.0,32.0,7.0,2.0,25.0,1.0,28.0,68.0,12.0,25.0,21.0,7.0,14.0,11.0,297.0,5.0,13.0,15.0,67.0,21.0,38.0,-1.0
2021-01-15,46.0,27.0,13.0,9.0,9.0,31.0,4.0,6.0,25.0,21.0,36.0,50.0,32.0,6.0,3.0,28.0,6.0,41.0,92.0,22.0,14.0,43.0,12.0,7.0,31.0,454.0,4.0,17.0,22.0,98.0,19.0,63.0,4.0
2021-01-18,30.0,19.0,11.0,8.0,7.0,36.0,5.0,1.0,20.0,19.0,18.0,27.0,11.0,2.0,4.0,4.0,3.0,35.0,54.0,14.0,7.0,32.0,15.0,11.0,22.0,351.0,7.0,9.0,48.0,39.0,24.0,40.0,2.0
2021-01-22,50.0,10.0,20.0,24.0,15.0,17.0,10.0,1.0,22.0,27.0,21.0,67.0,28.0,0.0,4.0,8.0,1.0,50.0,131.0,12.0,26.0,84.0,21.0,4.0,10.0,463.0,24.0,9.0,18.0,84.0,34.0,61.0,-5.0
2021-01-25,38.0,15.0,12.0,17.0,14.0,14.0,9.0,1.0,12.0,28.0,29.0,57.0,24.0,0.0,0.0,6.0,1.0,40.0,69.0,8.0,19.0,51.0,24.0,7.0,14.0,352.0,13.0,19.0,18.0,48.0,45.0,28.0,13.0
2021-01-29,33.0,32.0,15.0,11.0,47.0,30.0,6.0,2.0,20.0,21.0,11.0,41.0,31.0,0.0,0.0,9.0,5.0,48.0,113.0,10.0,28.0,107.0,17.0,2.0,22.0,335.0,32.0,12.0,26.0,70.0,27.0,65.0,-11.0
2021-02-01,29.0,11.0,16.0,61.0,19.0,5.0,14.0,5.0,27.0,24.0,9.0,59.0,24.0,4.0,9.0,7.0,4.0,39.0,86.0,10.0,19.0,46.0,18.0,8.0,6.0,261.0,24.0,16.0,31.0,40.0,23.0,47.0,15.0
2021-02-05,31.0,18.0,9.0,52.0,16.0,23.0,9.0,9.0,13.0,8.0,21.0,47.0,35.0,0.0,4.0,7.0,10.0,51.0,86.0,6.0,21.0,50.0,26.0,2.0,35.0,307.0,15.0,6.0,47.0,65.0,12.0,58.0,-10.0
2021-02-08,22.0,26.0,28.0,31.0,12.0,7.0,4.0,7.0,12.0,7.0,3.0,46.0,36.0,1.0,10.0,7.0,12.0,25.0,67.0,4.0,12.0,42.0,9.0,5.0,19.0,217.0,11.0,4.0,21.0,22.0,21.0,46.0,17.0
2021-02-12,38.0,16.0,18.0,29.0,27.0,8.0,9.0,14.0,26.0,8.0,18.0,52.0,33.0,3.0,3.0,8.0,12.0,55.0,127.0,7.0,16.0,50.0,18.0,25.0,26.0,361.0,8.0,12.0,29.0,55.0,31.0,54.0,-9.0
2021-02-15,35.0,38.0,12.0,44.0,17.0,6.0,5.0,8.0,22.0,9.0,23.0,39.0,34.0,4.0,7.0,29.0,8.0,45.0,117.0,6.0,22.0,40.0,15.0,9.0,19.0,274.0,13.0,10.0,20.0,54.0,23.0,56.0,16.0
2021-02-19,42.0,30.0,7.0,63.0,33.0,11.0,2.0,6.0,28.0,21.0,13.0,45.0,40.0,1.0,0.0,2.0,12.0,79.0,91.0,4.0,18.0,38.0,27.0,8.0,25.0,325.0,2.0,18.0,21.0,75.0,32.0,43.0,-18.0
2021-02-22,30.0,20.0,16.0,75.0,25.0,3.0,5.0,10.0,30.0,5.0,10.0,24.0,37.0,14.0,7.0,15.0,12.0,42.0,116.0,4.0,13.0,23.0,21.0,8.0,23.0,215.0,7.0,23.0,47.0,41.0,40.0,48.0,-1.0
2021-02-26,75.0,29.0,10.0,63.0,57.0,7.0,9.0,34.0,60.0,16.0,16.0,21.0,46.0,11.0,6.0,14.0,12.0,45.0,179.0,8.0,58.0,29.0,11.0,15.0,37.0,446.0,18.0,39.0,37.0,63.0,60.0,76.0,-7.0
2021-03-01,80.0,38.0,15.0,66.0,35.0,11.0,3.0,17.0,44.0,9.0,13.0,26.0,20.0,12.0,11.0,17.0,0.0,66.0,127.0,9.0,57.0,12.0,22.0,29.0,24.0,393.0,22.0,23.0,39.0,30.0,52.0,80.0,36.0
2021-03-05,139.0,32.0,24.0,66.0,37.0,9.0,1.0,18.0,60.0,4.0,11.0,46.0,44.0,11.0,9.0,12.0,14.0,53.0,176.0,12.0,94.0,31.0,44.0,47.0,29.0,640.0,26.0,23.0,42.0,63.0,71.0,153.0,-30.0
2021-03-08,75.0,20.0,16.0,61.0,31.0,13.0,13.0,16.0,22.0,12.0,16.0,38.0,18.0,13.0,38.0,20.0,3.0,57.0,143.0,11.0,71.0,20.0,22.0,29.0,26.0,462.0,5.0,16.0,51.0,43.0,69.0,97.0,16.0
2021-03-12,113.0,34.0,6.0,62.0,58.0,28.0,15.0,24.0,76.0,30.0,13.0,47.0,44.0,24.0,29.0,19.0,13.0,62.0,197.0,22.0,115.0,17.0,10.0,43.0,35.0,725.0,13.0,38.0,49.0,50.0,93.0,96.0,-24.0
2021-03-15,65.0,29.0,16.0,54.0,40.0,24.0,20.0,23.0,47.0,30.0,15.0,46.0,22.0,30.0,13.0,45.0,5.0,46.0,140.0,7.0,67.0,23.0,14.0,29.0,31.0,537.0,10.0,20.0,20.0,32.0,68.0,80.0,20.0
2021-03-19,74.0,41.0,13.0,74.0,54.0,25.0,30.0,23.0,84.0,34.0,12.0,58.0,47.0,22.0,16.0,45.0,9.0,44.0,255.0,16.0,86.0,53.0,6.0,20.0,29.0,844.0,11.0,19.0,42.0,37.0,91.0,83.0,-18.0
2021-03-22,63.0,37.0,17.0,60.0,29.0,18.0,5.0,35.0,64.0,31.0,32.0,26.0,55.0,9.0,5.0,21.0,5.0,55.0,204.0,16.0,56.0,24.0,11.0,23.0,28.0,708.0,9.0,5.0,34.0,38.0,67.0,93.0,98.0
2021-03-26,115.0,39.0,25.0,66.0,56.0,35.0,12.0,45.0,80.0,61.0,36.0,69.0,35.0,5.0,12.0,39.0,23.0,78.0,330.0,20.0,77.0,33.0,10.0,23.0,31.0,857.0,39.0,21.0,35.0,62.0,80.0,99.0,-55.0
2021-03-29,75.0,44.0,22.0,55.0,23.0,26.0,10.0,31.0,50.0,53.0,17.0,72.0,31.0,13.0,12.0,35.0,18.0,48.0,151.0,28.0,53.0,47.0,13.0,19.0,28.0,642.0,22.0,7.0,27.0,52.0,108.0,78.0,97.0
2021-04-02,107.0,46.0,12.0,75.0,28.0,9.0,20.0,27.0,71.0,42.0,25.0,102.0,32.0,9.0,27.0,30.0,15.0,69.0,232.0,24.0,85.0,45.0,15.0,27.0,14.0,913.0,19.0,12.0,44.0,65.0,110.0,95.0,-56.0
2021-04-05,72.0,52.0,4.0,39.0,38.0,14.0,19.0,18.0,50.0,52.0,19.0,92.0,42.0,16.0,4.0,27.0,18.0,37.0,157.0,9.0,42.0,43.0,20.0,19.0,9.0,622.0,24.0,12.0,22.0,29.0,63.0,61.0,15.0
2021-04-09,132.0,50.0,21.0,44.0,47.0,39.0,27.0,21.0,50.0,53.0,21.0,92.0,35.0,16.0,10.0,25.0,7.0,65.0,252.0,10.0,96.0,52.0,16.0,33.0,7.0,965.0,18.0,10.0,46.0,39.0,94.0,58.0,-62.0
2021-04-12,117.0,29.0,16.0,39.0,44.0,19.0,28.0,18.0,35.0,45.0,40.0,105.0,20.0,1.0,3.0,25.0,19.0,44.0,158.0,11.0,49.0,23.0,19.0,27.0,15.0,553.0,21.0,13.0,42.0,36.0,80.0,52.0,112.0
2021-04-16,155.0,68.0,10.0,90.0,73.0,43.0,12.0,49.0,43.0,24.0,38.0,134.0,40.0,4.0,6.0,17.0,15.0,59.0,243.0,31.0,54.0,68.0,13.0,32.0,27.0,983.0,21.0,14.0,41.0,89.0,99.0,95.0,-56.0
2021-04-19,121.0,47.0,16.0,59.0,30.0,25.0,9.0,24.0,58.0,32.0,36.0,113.0,28.0,1.0,5.0,16.0,12.0,75.0,202.0,14.0,46.0,44.0,20.0,40.0,17.0,675.0,18.0,9.0,23.0,49.0,84.0,89.0,62.0
2021-04-23,150.0,61.0,5.0,80.0,42.0,19.0,8.0,20.0,33.0,16.0,12.0,147.0,39.0,9.0,25.0,18.0,9.0,63.0,239.0,35.0,55.0,54.0,21.0,66.0,21.0,818.0,7.0,13.0,34.0,91.0,83.0,119.0,-64.0
2021-04-26,126.0,63.0,12.0,43.0,12.0,28.0,16.0,10.0,39.0,33.0,23.0,154.0,17.0,8.0,7.0,19.0,9.0,67.0,160.0,20.0,24.0,23.0,21.0,62.0,11.0,482.0,9.0,9.0,28.0,37.0,67.0,98.0,-19.0
2021-04-30,200.0,66.0,14.0,82.0,1.0,27.0,31.0,42.0,33.0,32.0,34.0,105.0,28.0,5.0,13.0,31.0,9.0,70.0,234.0,40.0,51.0,44.0,31.0,49.0,14.0,518.0,6.0,25.0,59.0,109.0,52.0,74.0,-3.0
2021-05-03,129.0,58.0,19.0,59.0,4.0,46.0,31.0,43.0,25.0,34.0,29.0,106.0,26.0,7.0,6.0,31.0,7.0,49.0,142.0,16.0,30.0,11.0,13.0,75.0,7.0,427.0,8.0,18.0,36.0,63.0,49.0,90.0,9.0
2021-05-07,122.0,71.0,13.0,72.0,11.0,27.0,21.0,28.0,37.0,36.0,25.0,102.0,29.0,13.0,22.0,18.0,5.0,48.0,159.0,19.0,63.0,26.0,17.0,46.0,18.0,459.0,42.0,19.0,55.0,92.0,86.0,113.0,-45.0
2021-05-10,74.0,51.0,8.0,83.0,6.0,32.0,7.0,27.0,42.0,24.0,36.0,96.0,29.0,12.0,25.0,4.0,2.0,63.0,116.0,16.0,35.0,15.0,19.0,47.0,10.0,290.0,11.0,41.0,28.0,72.0,44.0,75.0,17.0
2021-05-14,104.0,34.0,9.0,65.0,8.0,21.0,29.0,27.0,38.0,42.0,13.0,68.0,52.0,11.0,28.0,4.0,4.0,51.0,144.0,19.0,18.0,36.0,33.0,135.0,15.0,405.0,29.0,44.0,47.0,85.0,78.0,87.0,-15.0
2021-05-17,87.0,38.0,9.0,31.0,8.0,12.0,5.0,18.0,31.0,54.0,18.0,65.0,38.0,13.0,21.0,1.0,3.0,44.0,125.0,5.0,33.0,43.0,17.0,72.0,10.0,288.0,21.0,37.0,34.0,127.0,30.0,72.0,11.0
2021-05-21,107.0,29.0,24.0,66.0,23.0,32.0,22.0,25.0,37.0,81.0,19.0,68.0,56.0,9.0,28.0,9.0,3.0,66.0,149.0,12.0,41.0,38.0,20.0,49.0,11.0,382.0,19.0,50.0,43.0,77.0,63.0,98.0,-8.0
2021-05-24,79.0,16.0,16.0,30.0,18.0,20.0,4.0,16.0,20.0,81.0,18.0,51.0,27.0,7.0,18.0,7.0,1.0,44.0,86.0,13.0,36.0,63.0,7.0,22.0,32.0,259.0,8.0,7.0,26.0,65.0,26.0,68.0,27.0
2021-05-28,138.0,25.0,13.0,71.0,21.0,19.0,34.0,22.0,25.0,56.0,20.0,76.0,44.0,6.0,11.0,3.0,13.0,74.0,163.0,15.0,37.0,81.0,21.0,47.0,36.0,369.0,28.0,29.0,33.0,73.0,62.0,98.0,-32.0
2021-05-31,78.0,31.0,21.0,43.0,23.0,19.0,18.0,23.0,40.0,94.0,17.0,54.0,35.0,21.0,11.0,9.0,11.0,55.0,113.0,10.0,60.0,80.0,18.0,29.0,38.0,268.0,20.0,11.0,26.0,28.0,50.0,86.0,15.0
2021-06-04,85.0,42.0,20.0,74.0,15.0,22.0,19.0,35.0,40.0,45.0,33.0,51.0,42.0,8.0,11.0,4.0,17.0,52.0,108.0,17.0,67.0,111.0,12.0,28.0,44.0,363.0,23.0,28.0,37.0,35.0,62.0,83.0,-10.0
2021-06-07,81.0,35.0,14.0,60.0,16.0,27.0,38.0,23.0,36.0,62.0,14.0,47.0,27.0,34.0,24.0,10.0,5.0,40.0,93.0,14.0,35.0,89.0,9.0,30.0,30.0,243.0,36.0,22.0,6.0,24.0,35.0,112.0,43.0
2021-06-11,75.0,27.0,8.0,40.0,25.0,29.0,14.0,15.0,51.0,42.0,25.0,56.0,52.0,32.0,20.0,11.0,11.0,32.0,110.0,24.0,38.0,122.0,7.0,6.0,32.0,291.0,43.0,31.0,19.0,21.0,28.0,121.0,-50.0
2021-06-14,34.0,36.0,18.0,72.0,18.0,30.0,16.0,9.0,51.0,41.0,35.0,37.0,24.0,26.0,15.0,5.0,8.0,27.0,66.0,5.0,41.0,99.0,0.0,4.0,30.0,229.0,18.0,10.0,18.0,35.0,38.0,148.0,17.0
2021-06-18,40.0,34.0,19.0,65.0,28.0,30.0,24.0,22.0,51.0,28.0,17.0,46.0,31.0,21.0,18.0,9.0,9.0,33.0,94.0,6.0,54.0,127.0,9.0,8.0,27.0,278.0,38.0,25.0,26.0,27.0,46.0,148.0,-9.0
2021-06-21,28.0,41.0,19.0,31.0,35.0,12.0,25.0,18.0,34.0,30.0,22.0,32.0,41.0,35.0,23.0,4.0,10.0,24.0,107.0,11.0,34.0,58.0,1.0,18.0,27.0,217.0,32.0,29.0,23.0,18.0,30.0,141.0,26.0
2021-06-25,32.0,44.0,14.0,64.0,33.0,24.0,10.0,7.0,30.0,22.0,21.0,45.0,45.0,15.0,17.0,4.0,1.0,30.0,81.0,9.0,46.0,51.0,5.0,13.0,24.0,238.0,55.0,19.0,16.0,24.0,46.0,140.0,-27.0
2021-06-28,57.0,23.0,7.0,37.0,10.0,30.0,17.0,20.0,42.0,33.0,25.0,65.0,28.0,26.0,17.0,6.0,7.0,14.0,54.0,8.0,30.0,54.0,2.0,11.0,18.0,218.0,23.0,17.0,19.0,23.0,22.0,156.0,8.0
2021-07-02,29.0,17.0,14.0,37.0,3.0,17.0,11.0,6.0,12.0,37.0,5.0,45.0,30.0,21.0,9.0,2.0,0.0,40.0,61.0,5.0,27.0,64.0,2.0,23.0,19.0,187.0,50.0,16.0,22.0,21.0,25.0,114.0,-9.0
2021-07-05,25.0,13.0,8.0,31.0,1.0,13.0,18.0,9.0,11.0,44.0,17.0,47.0,24.0,20.0,10.0,8.0,0.0,13.0,44.0,5.0,17.0,50.0,1.0,3.0,8.0,165.0,9.0,13.0,11.0,11.0,31.0,111.0,5.0
2021-07-09,25.0,25.0,12.0,37.0,7.0,23.0,12.0,11.0,17.0,12.0,30.0,34.0,37.0,27.0,4.0,5.0,0.0,41.0,58.0,9.0,30.0,41.0,10.0,0.0,16.0,144.0,44.0,29.0,12.0,14.0,30.0,86.0,-10.0
2021-07-12,-11.0,-4.0,3.0,-23.0,-18.0,6.0,2.0,-4.0,6.0,0.0,14.0,11.0,-6.0,2.0,1.0,7.0,0.0,8.0,-26.0,4.0,-2.0,9.0,7.0,-3.0,-1.0,-96.0,24.0,-3.0,3.0,2.0,-17.0,21.0,20.0
2021-07-16,1.0,0.0,3.0,-14.0,7.0,7.0,3.0,2.0,3.0,0.0,10.0,11.0,20.0,18.0,2.0,5.0,15.0,7.0,7.0,0.0,14.0,15.0,9.0,1.0,5.0,0.0,53.0,-7.0,5.0,1.0,8.0,65.0,-19.0
2021-07-19,9.0,-1.0,1.0,4.0,3.0,4.0,4.0,5.0,5.0,3.0,9.0,5.0,6.0,23.0,0.0,5.0,4.0,17.0,9.0,3.0,8.0,21.0,19.0,0.0,5.0,50.0,23.0,10.0,7.0,3.0,4.0,38.0,7.0
2021-07-23,8.0,16.0,11.0,3.0,4.0,4.0,7.0,4.0,9.0,4.0,1.0,4.0,9.0,26.0,1.0,0.0,3.0,11.0,36.0,5.0,8.0,15.0,8.0,2.0,4.0,114.0,6.0,16.0,6.0,6.0,17.0,45.0,-9.0
2021-07-26,9.0,7.0,4.0,7.0,4.0,3.0,8.0,7.0,3.0,7.0,1.0,10.0,2.0,7.0,0.0,2.0,0.0,5.0,23.0,5.0,8.0,16.0,-1.0,0.0,4.0,44.0,16.0,5.0,4.0,8.0,9.0,25.0,6.0
2021-07-30,13.0,7.0,3.0,1.0,10.0,4.0,10.0,0.0,9.0,4.0,4.0,9.0,14.0,10.0,6.0,1.0,-1.0,12.0,50.0,3.0,9.0,9.0,7.0,-1.0,4.0,73.0,14.0,12.0,14.0,3.0,9.0,22.0,-2.0
2021-08-02,12.0,6.0,2.0,1.0,9.0,0.0,8.0,0.0,5.0,2.0,3.0,11.0,4.0,21.0,2.0,1.0,1.0,3.0,16.0,0.0,8.0,20.0,2.0,0.0,0.0,36.0,21.0,2.0,3.0,3.0,7.0,13.0,0.0
2021-08-06,14.0,5.0,1.0,1.0,24.0,1.0,8.0,3.0,13.0,6.0,1.0,6.0,9.0,15.0,0.0,4.0,2.0,-2.0,17.0,0.0,2.0,18.0,7.0,0.0,-1.0,72.0,6.0,4.0,2.0,4.0,20.0,16.0,-2.0
2021-08-09,5.0,3.0,1.0,4.0,9.0,3.0,4.0,3.0,-2.0,2.0,0.0,6.0,4.0,14.0,0.0,0.0,1.0,3.0,19.0,0.0,3.0,8.0,0.0,0.0,0.0,39.0,7.0,0.0,4.0,3.0,4.0,17.0,1.0
2021-08-13,2.0,1.0,7.0,6.0,-2.0,5.0,6.0,0.0,1.0,0.0,0.0,4.0,1.0,-1.0,0.0,0.0,0.0,3.0,5.0,1.0,5.0,3.0,1.0,0.0,0.0,40.0,8.0,2.0,7.0,14.0,6.0,11.0,-20.0
2021-08-16,-1.0,1.0,2.0,11.0,1.0,10.0,1.0,1.0,-1.0,2.0,5.0,2.0,1.0,7.0,0.0,2.0,0.0,1.0,1.0,2.0,3.0,1.0,1.0,0.0,2.0,19.0,6.0,2.0,1.0,9.0,1.0,6.0,0.0
2021-08-20,2.0,0.0,1.0,3.0,4.0,15.0,0.0,0.0,1.0,4.0,1.0,10.0,1.0,11.0,0.0,1.0,1.0,5.0,6.0,1.0,-1.0,4.0,0.0,0.0,7.0,25.0,2.0,2.0,9.0,5.0,5.0,6.0,0.0
2021-08-23,2.0,4.0,0.0,4.0,0.0,7.0,0.0,0.0,0.0,1.0,-1.0,6.0,3.0,7.0,0.0,4.0,0.0,-2.0,5.0,1.0,0.0,4.0,0.0,0.0,-1.0,20.0,4.0,0.0,5.0,1.0,3.0,3.0,0.0
2021-08-27,4.0,6.0,1.0,2.0,0.0,13.0,2.0,0.0,0.0,1.0,0.0,2.0,3.0,14.0,0.0,5.0,0.0,1.0,8.0,1.0,1.0,4.0,2.0,0.0,2.0,25.0,9.0,0.0,3.0,5.0,3.0,3.0,2.0
2021-08-30,1.0,6.0,1.0,0.0,0.0,3.0,0.0,1.0,5.0,2.0,0.0,0.0,1.0,10.0,0.0,4.0,0.0,2.0,4.0,0.0,0.0,3.0,2.0,1.0,1.0,25.0,2.0,0.0,5.0,5.0,0.0,0.0,3.0
2021-09-03,2.0,6.0,0.0,1.0,0.0,23.0,6.0,0.0,4.0,0.0,0.0,-1.0,8.0,4.0,0.0,1.0,0.0,5.0,8.0,1.0,2.0,17.0,4.0,0.0,0.0,24.0,2.0,0.0,3.0,5.0,2.0,6.0,-6.0
2021-09-06,1.0,3.0,0.0,0.0,0.0,0.0,5.0,0.0,0.0,0.0,0.0,1.0,1.0,3.0,0.0,3.0,0.0,11.0,8.0,0.0,-1.0,6.0,0.0,0.0,0.0,11.0,0.0,0.0,7.0,1.0,0.0,1.0,3.0
2021-09-10,1.0,3.0,0.0,0.0,1.0,1.0,7.0,0.0,0.0,0.0,0.0,1.0,2.0,2.0,0.0,3.0,0.0,5.0,3.0,0.0,0.0,7.0,0.0,0.0,2.0,13.0,1.0,1.0,0.0,4.0,1.0,8.0,-2.0
2021-09-13,1.0,4.0,0.0,0.0,0.0,0.0,13.0,0.0,0.0,0.0,0.0,1.0,1.0,2.0,0.0,0.0,0.0,2.0,4.0,0.0,0.0,9.0,0.0,1.0,0.0,6.0,0.0,0.0,6.0,0.0,0.0,1.0,0.0
2021-09-17,5.0,2.0,0.0,2.0,0.0,1.0,0.0,0.0,1.0,2.0,3.0,1.0,3.0,2.0,0.0,0.0,0.0,2.0,0.0,0.0,0.0,0.0,1.0,1.0,0.0,12.0,0.0,0.0,1.0,0.0,3.0,11.0,0.0
2021-09-20,6.0,1.0,0.0,5.0,-1.0,2.0,1.0,0.0,2.0,1.0,2.0,-1.0,2.0,0.0,0.0,0.0,0.0,2.0,6.0,0.0,0.0,7.0,0.0,12.0,1.0,4.0,0.0,0.0,0.0,1.0,1.0,-1.0,-1.0
2021-09-24,13.0,0.0,0.0,5.0,2.0,2.0,2.0,0.0,3.0,0.0,2.0,0.0,-1.0,2.0,0.0,1.0,1.0,0.0,5.0,0.0,0.0,2.0,4.0,-1.0,1.0,3.0,0.0,0.0,0.0,2.0,0.0,7.0,1.0
2021-09-27,13.0,2.0,0.0,7.0,0.0,0.0,1.0,0.0,1.0,0.0,2.0,0.0,0.0,1.0,0.0,0.0,0.0,0.0,6.0,0.0,0.0,0.0,1.0,1.0,5.0,16.0,1.0,0.0,0.0,-1.0,0.0,3.0,0.0
2021-10-01,25.0,4.0,0.0,3.0,12.0,1.0,2.0,0.0,1.0,3.0,0.0,2.0,0.0,0.0,0.0,0.0,1.0,0.0,8.0,0.0,0.0,3.0,2.0,3.0,2.0,9.0,1.0,0.0,0.0,0.0,1.0,2.0,1.0
2021-10-04,24.0,1.0,1.0,3.0,1.0,3.0,0.0,1.0,0.0,2.0,0.0,1.0,1.0,1.0,0.0,0.0,0.0,1.0,6.0,0.0,1.0,4.0,3.0,1.0,0.0,15.0,0.0,0.0,0.0,1.0,1.0,6.0,2.0
2021-10-08,31.0,0.0,-1.0,3.0,0.0,2.0,3.0,1.0,0.0,0.0,1.0,0.0,1.0,1.0,0.0,0.0,1.0,5.0,2.0,0.0,-1.0,3.0,0.0,3.0,0.0,15.0,0.0,0.0,0.0,1.0,5.0,11.0,0.0
2021-10-11,12.0,1.0,1.0,0.0,0.0,0.0,3.0,1.0,0.0,0.0,0.0,1.0,0.0,1.0,0.0,0.0,0.0,2.0,3.0,0.0,0.0,1.0,0.0,3.0,1.0,27.0,0.0,0.0,0.0,1.0,-1.0,5.0,0.0
2021-10-15,21.0,1.0,0.0,1.0,-1.0,1.0,0.0,0.0,0.0,4.0,1.0,-1.0,2.0,0.0,0.0,1.0,1.0,1.0,5.0,0.0,3.0,0.0,3.0,-1.0,2.0,34.0,0.0,0.0,0.0,1.0,2.0,9.0,1.0
2021-10-18,5.0,1.0,0.0,1.0,0.0,1.0,1.0,1.0,0.0,4.0,1.0,9.0,2.0,0.0,0.0,0.0,0.0,4.0,2.0,0.0,0.0,3.0,0.0,1.0,1.0,27.0,0.0,0.0,0.0,0.0,4.0,4.0,1.0
2021-10-22,18.0,0.0,0.0,1.0,4.0,0.0,0.0,5.0,9.0,3.0,0.0,0.0,5.0,1.0,0.0,0.0,3.0,3.0,3.0,0.0,7.0,5.0,0.0,1.0,1.0,40.0,1.0,0.0,0.0,2.0,5.0,7.0,1.0
2021-10-25,5.0,1.0,-3.0,-1.0,-6.0,-1.0,1.0,0.0,-3.0,1.0,-1.0,0.0,2.0,-1.0,0.0,-2.0,7.0,-10.0,-13.0,0.0,2.0,3.0,-3.0,-7.0,1.0,-18.0,5.0,-1.0,-7.0,-7.0,-1.0,-1.0,-5.0
2021-10-29,12.0,1.0,0.0,5.0,0.0,4.0,0.0,0.0,0.0,0.0,0.0,2.0,3.0,5.0,0.0,1.0,1.0,0.0,16.0,3.0,0.0,6.0,1.0,0.0,2.0,57.0,9.0,0.0,4.0,5.0,0.0,15.0,3.0
2021-11-01,4.0,0.0,0.0,2.0,-1.0,2.0,0.0,-1.0,1.0,0.0,2.0,8.0,-1.0,-1.0,0.0,2.0,1.0,3.0,6.0,2.0,-2.0,10.0,-2.0,-3.0,2.0,34.0,3.0,3.0,1.0,1.0,-3.0,23.0,10.0
2021-11-05,-3.0,1.0,0.0,4.0,0.0,0.0,1.0,-2.0,1.0,0.0,3.0,8.0,8.0,-3.0,0.0,0.0,0.0,4.0,21.0,1.0,5.0,4.0,0.0,0.0,5.0,54.0,5.0,4.0,-3.0,9.0,3.0,27.0,-6.0
2021-11-08,6.0,3.0,0.0,10.0,0.0,3.0,0.0,0.0,2.0,0.0,2.0,8.0,6.0,1.0,0.0,0.0,0.0,9.0,21.0,3.0,3.0,10.0,7.0,-1.0,1.0,96.0,7.0,3.0,0.0,9.0,3.0,24.0,10.0
2021-11-12,10.0,13.0,4.0,12.0,0.0,2.0,1.0,0.0,5.0,0.0,2.0,11.0,4.0,5.0,4.0,0.0,1.0,10.0,36.0,6.0,3.0,22.0,13.0,1.0,3.0,141.0,26.0,8.0,2.0,15.0,9.0,28.0,-11.0
2021-11-15,7.0,10.0,5.0,8.0,2.0,2.0,0.0,0.0,5.0,0.0,3.0,7.0,7.0,5.0,7.0,0.0,1.0,4.0,22.0,3.0,9.0,9.0,4.0,0.0,0.0,112.0,14.0,2.0,1.0,9.0,4.0,44.0,20.0
2021-11-19,12.0,5.0,4.0,13.0,2.0,-1.0,1.0,0.0,12.0,0.0,3.0,7.0,10.0,6.0,1.0,1.0,2.0,8.0,24.0,11.0,11.0,11.0,9.0,4.0,2.0,159.0,10.0,8.0,1.0,7.0,2.0,23.0,-13.0
2021-11-22,6.0,5.0,1.0,13.0,16.0,2.0,2.0,1.0,18.0,0.0,1.0,4.0,3.0,3.0,3.0,1.0,2.0,6.0,43.0,9.0,5.0,20.0,7.0,2.0,1.0,123.0,17.0,1.0,0.0,16.0,9.0,44.0,-3.0
2021-11-26,26.0,0.0,1.0,3.0,18.0,3.0,4.0,4.0,18.0,0.0,5.0,8.0,9.0,8.0,2.0,4.0,8.0,12.0,34.0,12.0,5.0,11.0,11.0,5.0,8.0,141.0,16.0,17.0,0.0,11.0,12.0,28.0,1.0
2021-11-29,11.0,1.0,0.0,8.0,3.0,2.0,0.0,4.0,14.0,2.0,0.0,8.0,2.0,18.0,3.0,0.0,1.0,6.0,33.0,3.0,1.0,10.0,1.0,2.0,5.0,107.0,21.0,1.0,5.0,13.0,8.0,18.0,1.0
2021-12-03,9.0,1.0,1.0,21.0,18.0,1.0,4.0,3.0,11.0,1.0,0.0,1.0,5.0,10.0,0.0,0.0,2.0,5.0,26.0,2.0,0.0,10.0,9.0,2.0,4.0,145.0,12.0,1.0,2.0,4.0,6.0,12.0,-7.0
2021-12-06,11.0,3.0,1.0,10.0,15.0,3.0,2.0,1.0,8.0,1.0,0.0,4.0,4.0,22.0,0.0,0.0,-1.0,6.0,42.0,1.0,1.0,6.0,0.0,10.0,0.0,103.0,10.0,8.0,0.0,2.0,4.0,5.0,4.0
2021-12-10,19.0,5.0,1.0,14.0,3.0,1.0,0.0,2.0,10.0,0.0,1.0,6.0,8.0,12.0,0.0,0.0,1.0,7.0,27.0,2.0,1.0,8.0,1.0,5.0,3.0,117.0,5.0,3.0,0.0,5.0,4.0,7.0,3.0
2021-12-13,14.0,3.0,0.0,6.0,4.0,0.0,0.0,1.0,10.0,0.0,0.0,14.0,6.0,8.0,3.0,1.0,0.0,11.0,30.0,2.0,6.0,8.0,2.0,2.0,3.0,119.0,22.0,7.0,2.0,3.0,5.0,8.0,-7.0
2021-12-17,27.0,3.0,3.0,1.0,6.0,1.0,1.0,0.0,4.0,0.0,0.0,10.0,4.0,9.0,0.0,0.0,2.0,10.0,45.0,2.0,3.0,2.0,0.0,2.0,3.0,118.0,2.0,4.0,0.0,6.0,2.0,11.0,0.0
2021-12-20,19.0,6.0,0.0,3.0,0.0,-1.0,0.0,0.0,2.0,0.0,0.0,6.0,1.0,5.0,0.0,0.0,0.0,1.0,35.0,4.0,6.0,3.0,0.0,6.0,3.0,133.0,1.0,7.0,1.0,6.0,0.0,2.0,2.0
2021-12-24,20.0,7.0,2.0,10.0,2.0,1.0,0.0,-1.0,6.0,2.0,1.0,5.0,3.0,12.0,2.0,3.0,1.0,8.0,22.0,1.0,6.0,5.0,1.0,2.0,4.0,105.0,6.0,1.0,1.0,13.0,8.0,6.0,4.0
2021-12-27,26.0,5.0,4.0,3.0,4.0,0.0,0.0,0.0,9.0,3.0,3.0,8.0,5.0,4.0,1.0,0.0,0.0,11.0,33.0,1.0,0.0,11.0,2.0,5.0,1.0,96.0,4.0,2.0,0.0,5.0,2.0,9.0,-6.0
2021-12-31,18.0,8.0,5.0,7.0,10.0,0.0,2.0,1.0,10.0,2.0,3.0,6.0,9.0,3.0,2.0,1.0,2.0,8.0,29.0,3.0,3.0,15.0,1.0,7.0,0.0,163.0,1.0,0.0,0.0,4.0,7.0,18.0,27.0
2022-01-03,18.0,5.0,2.0,3.0,9.0,0.0,2.0,1.0,6.0,1.0,1.0,12.0,12.0,3.0,5.0,2.0,3.0,7.0,35.0,0.0,1.0,15.0,8.0,3.0,0.0,174.0,3.0,0.0,1.0,4.0,8.0,6.0,-9.0
2022-01-07,44.0,7.0,4.0,19.0,5.0,0.0,2.0,5.0,4.0,1.0,10.0,12.0,1.0,4.0,0.0,1.0,4.0,11.0,44.0,0.0,1.0,37.0,7.0,3.0,3.0,224.0,0.0,0.0,2.0,14.0,3.0,15.0,14.0
2022-01-10,40.0,5.0,2.0,16.0,10.0,4.0,8.0,2.0,18.0,1.0,14.0,21.0,7.0,3.0,0.0,2.0,0.0,13.0,71.0,1.0,14.0,53.0,4.0,3.0,9.0,330.0,2.0,1.0,0.0,15.0,7.0,30.0,30.0
2022-01-14,61.0,8.0,4.0,11.0,17.0,10.0,4.0,3.0,19.0,6.0,20.0,33.0,10.0,16.0,3.0,5.0,5.0,19.0,92.0,0.0,8.0,62.0,12.0,1.0,14.0,537.0,1.0,0.0,5.0,22.0,21.0,67.0,55.0
2022-01-17,60.0,12.0,10.0,19.0,26.0,5.0,13.0,7.0,27.0,6.0,34.0,30.0,11.0,5.0,2.0,6.0,4.0,14.0,117.0,8.0,31.0,97.0,9.0,4.0,21.0,581.0,5.0,3.0,5.0,46.0,41.0,64.0,33.0
2022-01-21,114.0,13.0,19.0,41.0,35.0,6.0,17.0,8.0,31.0,11.0,28.0,92.0,36.0,14.0,4.0,2.0,8.0,51.0,202.0,9.0,34.0,113.0,22.0,10.0,25.0,752.0,25.0,8.0,28.0,53.0,58.0,142.0,-39.0
2022-01-24,147.0,29.0,27.0,53.0,37.0,26.0,17.0,17.0,46.0,16.0,35.0,81.0,33.0,11.0,8.0,3.0,10.0,112.0,205.0,29.0,27.0,112.0,53.0,18.0,39.0,783.0,13.0,18.0,29.0,53.0,67.0,211.0,228.0
2022-01-28,269.0,29.0,41.0,155.0,68.0,25.0,50.0,33.0,74.0,32.0,70.0,159.0,77.0,34.0,24.0,12.0,19.0,87.0,501.0,45.0,82.0,254.0,73.0,63.0,58.0,1820.0,28.0,30.0,77.0,135.0,111.0,425.0,-346.0
2022-01-31,246.0,60.0,60.0,124.0,50.0,34.0,15.0,18.0,66.0,55.0,55.0,202.0,74.0,36.0,14.0,10.0,32.0,140.0,407.0,14.0,122.0,255.0,103.0,48.0,47.0,1654.0,14.0,37.0,62.0,156.0,144.0,401.0,0.0
2022-02-04,406.0,116.0,76.0,172.0,99.0,55.0,88.0,37.0,109.0,93.0,89.0,188.0,128.0,92.0,31.0,19.0,22.0,196.0,423.0,62.0,120.0,287.0,93.0,61.0,127.0,2405.0,62.0,75.0,125.0,149.0,202.0,534.0,1.0
2022-02-07,360.0,124.0,73.0,130.0,33.0,53.0,12.0,47.0,103.0,68.0,85.0,239.0,136.0,58.0,36.0,40.0,22.0,178.0,496.0,24.0,170.0,272.0,74.0,69.0,97.0,2456.0,86.0,41.0,103.0,241.0,145.0,354.0,1.0
2022-02-11,617.0,270.0,121.0,255.0,171.0,84.0,76.0,86.0,173.0,114.0,133.0,313.0,191.0,95.0,49.0,49.0,31.0,271.0,672.0,67.0,203.0,349.0,89.0,132.0,118.0,3228.0,107.0,155.0,171.0,379.0,270.0,757.0,-1.0
2022-02-14,529.0,137.0,61.0,213.0,134.0,46.0,76.0,64.0,173.0,43.0,92.0,258.0,81.0,47.0,73.0,44.0,74.0,270.0,500.0,33.0,178.0,285.0,70.0,102.0,130.0,2408.0,93.0,107.0,140.0,258.0,186.0,632.0,0.0
2022-02-18,576.0,142.0,58.0,283.0,216.0,145.0,76.0,98.0,186.0,124.0,65.0,285.0,120.0,144.0,101.0,93.0,80.0,221.0,598.0,72.0,288.0,316.0,118.0,52.0,61.0,3719.0,104.0,105.0,186.0,395.0,233.0,603.0,1.0
2022-02-21,518.0,167.0,38.0,193.0,80.0,179.0,52.0,53.0,134.0,54.0,53.0,215.0,73.0,59.0,80.0,87.0,17.0,241.0,394.0,45.0,146.0,196.0,129.0,177.0,105.0,2369.0,131.0,83.0,154.0,299.0,157.0,450.0,1.0
2022-02-25,470.0,191.0,49.0,238.0,257.0,135.0,91.0,65.0,114.0,93.0,102.0,293.0,115.0,103.0,89.0,59.0,95.0,236.0,567.0,80.0,223.0,244.0,102.0,88.0,81.0,2590.0,119.0,68.0,147.0,305.0,189.0,498.0,0.0
2022-02-28,279.0,94.0,60.0,106.0,128.0,118.0,56.0,34.0,95.0,51.0,68.0,165.0,119.0,69.0,39.0,24.0,36.0,183.0,439.0,60.0,142.0,162.0,73.0,73.0,95.0,1770.0,79.0,71.0,104.0,221.0,123.0,313.0,0.0
2022-03-04,302.0,114.0,41.0,217.0,137.0,115.0,82.0,51.0,99.0,47.0,70.0,210.0,103.0,51.0,50.0,44.0,42.0,194.0,394.0,61.0,201.0,152.0,89.0,42.0,70.0,1895.0,86.0,59.0,107.0,242.0,192.0,404.0,1.0
2022-03-07,299.0,115.0,24.0,87.0,103.0,65.0,24.0,16.0,100.0,27.0,75.0,153.0,66.0,20.0,30.0,41.0,30.0,101.0,347.0,27.0,119.0,100.0,71.0,73.0,46.0,1071.0,65.0,49.0,61.0,155.0,99.0,347.0,0.0
2022-03-11,283.0,125.0,15.0,114.0,109.0,82.0,37.0,24.0,101.0,40.0,73.0,153.0,120.0,31.0,42.0,33.0,32.0,103.0,258.0,18.0,166.0,108.0,58.0,60.0,23.0,1334.0,59.0,38.0,103.0,178.0,105.0,259.0,0.0
2022-03-14,220.0,111.0,21.0,103.0,69.0,64.0,18.0,20.0,40.0,21.0,44.0,125.0,87.0,28.0,16.0,23.0,27.0,103.0,222.0,18.0,117.0,82.0,42.0,30.0,23.0,1041.0,40.0,45.0,59.0,151.0,91.0,214.0,7.0
2022-03-18,233.0,102.0,19.0,97.0,76.0,50.0,28.0,28.0,68.0,44.0,68.0,124.0,128.0,29.0,14.0,27.0,16.0,93.0,253.0,38.0,142.0,136.0,31.0,32.0,15.0,1159.0,44.0,43.0,127.0,147.0,127.0,238.0,0.0
2022-03-21,141.0,90.0,10.0,54.0,66.0,63.0,49.0,9.0,50.0,30.0,28.0,94.0,46.0,19.0,9.0,15.0,17.0,72.0,158.0,15.0,63.0,71.0,22.0,17.0,19.0,879.0,20.0,43.0,42.0,102.0,67.0,124.0,3.0
2022-03-25,105.0,57.0,7.0,44.0,53.0,28.0,25.0,14.0,45.0,15.0,27.0,68.0,54.0,27.0,9.0,18.0,6.0,41.0,154.0,26.0,59.0,88.0,27.0,21.0,16.0,765.0,19.0,27.0,41.0,61.0,89.0,117.0,-1.0
2022-03-28,57.0,34.0,4.0,39.0,29.0,21.0,9.0,9.0,34.0,6.0,19.0,57.0,40.0,27.0,1.0,10.0,10.0,36.0,91.0,14.0,39.0,37.0,13.0,20.0,12.0,510.0,10.0,13.0,18.0,34.0,41.0,60.0,0.0
2022-04-01,62.0,25.0,5.0,32.0,18.0,24.0,9.0,5.0,25.0,12.0,11.0,30.0,32.0,22.0,8.0,3.0,8.0,48.0,73.0,13.0,39.0,35.0,12.0,6.0,3.0,557.0,12.0,4.0,28.0,43.0,41.0,67.0,-1.0
2022-04-04,38.0,16.0,5.0,28.0,18.0,19.0,3.0,7.0,11.0,3.0,6.0,21.0,22.0,18.0,4.0,1.0,5.0,22.0,32.0,10.0,17.0,18.0,7.0,6.0,4.0,308.0,1.0,0.0,5.0,15.0,18.0,40.0,0.0
2022-04-08,60.0,5.0,5.0,21.0,7.0,7.0,4.0,4.0,13.0,1.0,4.0,17.0,22.0,17.0,11.0,4.0,4.0,3.0,44.0,13.0,24.0,28.0,16.0,5.0,1.0,271.0,5.0,3.0,8.0,24.0,20.0,42.0,0.0
2022-04-11,21.0,5.0,0.0,5.0,8.0,4.0,0.0,2.0,10.0,1.0,9.0,24.0,7.0,9.0,1.0,2.0,10.0,10.0,41.0,14.0,12.0,15.0,2.0,0.0,2.0,164.0,5.0,1.0,8.0,7.0,21.0,29.0,0.0
2022-04-15,23.0,3.0,4.0,11.0,11.0,8.0,0.0,2.0,4.0,1.0,0.0,14.0,10.0,13.0,6.0,3.0,10.0,8.0,45.0,0.0,10.0,23.0,6.0,3.0,0.0,213.0,2.0,2.0,1.0,16.0,27.0,28.0,0.0
2022-04-18,7.0,4.0,-1.0,8.0,18.0,2.0,0.0,0.0,3.0,0.0,0.0,7.0,4.0,15.0,2.0,0.0,8.0,3.0,7.0,0.0,4.0,11.0,4.0,0.0,1.0,131.0,-1.0,2.0,1.0,8.0,7.0,19.0,0.0
2022-04-22,18.0,0.0,4.0,5.0,15.0,6.0,1.0,1.0,4.0,0.0,0.0,7.0,12.0,11.0,3.0,0.0,16.0,9.0,19.0,0.0,7.0,19.0,2.0,2.0,2.0,162.0,8.0,1.0,0.0,8.0,8.0,11.0,0.0
2022-04-25,6.0,0.0,1.0,2.0,10.0,1.0,5.0,0.0,1.0,0.0,0.0,0.0,9.0,11.0,1.0,0.0,8.0,4.0,29.0,1.0,6.0,10.0,0.0,1.0,4.0,122.0,2.0,2.0,4.0,5.0,2.0,15.0,0.0
2022-04-29,7.0,1.0,2.0,6.0,6.0,2.0,0.0,2.0,10.0,4.0,2.0,3.0,1.0,2.0,6.0,2.0,7.0,4.0,27.0,0.0,13.0,3.0,6.0,-1.0,1.0,139.0,1.0,1.0,2.0,18.0,6.0,17.0,-1.0
2022-05-02,20.0,4.0,2.0,3.0,-2.0,0.0,0.0,2.0,4.0,0.0,0.0,6.0,-2.0,0.0,4.0,1.0,4.0,3.0,36.0,-1.0,18.0,7.0,1.0,0.0,1.0,120.0,-2.0,-2.0,-1.0,6.0,4.0,5.0,0.0
2022-05-06,13.0,1.0,1.0,10.0,6.0,0.0,3.0,4.0,9.0,1.0,3.0,6.0,0.0,1.0,1.0,2.0,2.0,-1.0,25.0,0.0,12.0,2.0,1.0,3.0,0.0,169.0,2.0,2.0,1.0,14.0,5.0,11.0,0.0
2022-05-09,11.0,4.0,2.0,8.0,6.0,-1.0,1.0,0.0,10.0,0.0,3.0,4.0,4.0,2.0,2.0,1.0,5.0,2.0,20.0,3.0,16.0,8.0,3.0,3.0,2.0,132.0,1.0,1.0,0.0,5.0,3.0,29.0,0.0
2022-05-13,14.0,2.0,1.0,8.0,9.0,4.0,1.0,0.0,5.0,0.0,6.0,13.0,2.0,2.0,0.0,0.0,2.0,2.0,33.0,0.0,11.0,17.0,8.0,7.0,5.0,208.0,0.0,2.0,4.0,8.0,5.0,24.0,0.0
2022-05-16,12.0,1.0,0.0,7.0,9.0,3.0,4.0,1.0,7.0,0.0,7.0,10.0,4.0,3.0,2.0,0.0,0.0,10.0,25.0,0.0,8.0,16.0,2.0,1.0,3.0,197.0,1.0,1.0,-2.0,8.0,2.0,23.0,0.0
2022-05-20,10.0,4.0,1.0,24.0,23.0,3.0,4.0,0.0,4.0,2.0,9.0,17.0,6.0,4.0,1.0,0.0,1.0,9.0,60.0,6.0,9.0,23.0,0.0,2.0,1.0,272.0,0.0,6.0,1.0,15.0,5.0,58.0,1.0
2022-05-23,4.0,3.0,1.0,5.0,4.0,1.0,5.0,6.0,6.0,0.0,3.0,1.0,1.0,6.0,1.0,2.0,1.0,6.0,28.0,1.0,11.0,11.0,1.0,2.0,4.0,178.0,1.0,9.0,4.0,21.0,6.0,27.0,-1.0
2022-05-27,11.0,4.0,5.0,26.0,5.0,4.0,3.0,0.0,4.0,0.0,2.0,6.0,4.0,10.0,2.0,1.0,4.0,4.0,29.0,4.0,21.0,20.0,2.0,2.0,0.0,242.0,2.0,11.0,1.0,4.0,14.0,29.0,0.0
2022-05-30,7.0,11.0,3.0,4.0,6.0,8.0,8.0,0.0,9.0,0.0,2.0,9.0,9.0,3.0,1.0,1.0,3.0,6.0,15.0,0.0,3.0,15.0,1.0,2.0,7.0,208.0,1.0,8.0,3.0,6.0,13.0,21.0,0.0
2022-06-03,22.0,3.0,1.0,8.0,13.0,18.0,2.0,4.0,11.0,5.0,3.0,12.0,11.0,6.0,2.0,0.0,5.0,9.0,29.0,2.0,12.0,23.0,3.0,8.0,1.0,231.0,2.0,8.0,0.0,12.0,4.0,27.0,0.0
2022-06-06,12.0,3.0,4.0,14.0,8.0,5.0,9.0,3.0,6.0,1.0,2.0,10.0,8.0,5.0,1.0,1.0,10.0,12.0,18.0,1.0,13.0,15.0,0.0,8.0,3.0,251.0,1.0,12.0,3.0,3.0,11.0,34.0,2.0
2022-06-10,31.0,11.0,3.0,18.0,7.0,25.0,2.0,1.0,17.0,9.0,4.0,27.0,15.0,5.0,4.0,2.0,17.0,20.0,44.0,2.0,9.0,24.0,3.0,12.0,2.0,375.0,9.0,12.0,3.0,12.0,26.0,35.0,0.0
2022-06-13,32.0,14.0,6.0,16.0,7.0,18.0,2.0,1.0,7.0,5.0,7.0,16.0,10.0,3.0,3.0,0.0,22.0,15.0,55.0,6.0,5.0,19.0,2.0,7.0,2.0,378.0,15.0,14.0,7.0,13.0,12.0,25.0,0.0
2022-06-17,55.0,12.0,4.0,16.0,11.0,14.0,3.0,7.0,4.0,4.0,8.0,23.0,10.0,3.0,9.0,0.0,13.0,17.0,65.0,5.0,22.0,14.0,8.0,10.0,6.0,507.0,30.0,22.0,13.0,18.0,9.0,42.0,0.0
2022-06-20,39.0,9.0,3.0,14.0,13.0,17.0,4.0,7.0,12.0,8.0,7.0,31.0,10.0,8.0,3.0,1.0,6.0,25.0,86.0,14.0,14.0,19.0,2.0,4.0,2.0,473.0,13.0,16.0,24.0,26.0,9.0,36.0,0.0
2022-06-24,67.0,5.0,7.0,16.0,18.0,7.0,1.0,5.0,11.0,11.0,2.0,65.0,8.0,6.0,1.0,0.0,4.0,27.0,83.0,8.0,30.0,12.0,4.0,4.0,4.0,549.0,13.0,9.0,8.0,25.0,23.0,31.0,0.0
2022-06-27,64.0,5.0,13.0,10.0,11.0,9.0,0.0,2.0,20.0,3.0,17.0,89.0,19.0,13.0,2.0,1.0,11.0,14.0,86.0,5.0,49.0,11.0,2.0,11.0,10.0,657.0,11.0,9.0,10.0,46.0,19.0,50.0,0.0
2022-07-01,64.0,7.0,6.0,14.0,22.0,8.0,6.0,13.0,18.0,14.0,18.0,72.0,25.0,9.0,9.0,0.0,3.0,13.0,133.0,12.0,42.0,33.0,3.0,8.0,14.0,832.0,15.0,11.0,8.0,32.0,32.0,44.0,1.0
2022-07-04,63.0,8.0,4.0,14.0,15.0,15.0,14.0,10.0,29.0,10.0,33.0,62.0,28.0,13.0,4.0,3.0,3.0,17.0,112.0,4.0,59.0,19.0,3.0,13.0,11.0,618.0,9.0,11.0,29.0,31.0,31.0,45.0,0.0
2022-07-08,77.0,10.0,6.0,19.0,15.0,6.0,12.0,8.0,16.0,17.0,42.0,78.0,40.0,4.0,3.0,2.0,3.0,32.0,128.0,5.0,54.0,48.0,2.0,2.0,12.0,775.0,23.0,14.0,22.0,23.0,42.0,70.0,0.0
2022-07-11,63.0,17.0,9.0,19.0,21.0,14.0,8.0,3.0,23.0,10.0,23.0,51.0,36.0,2.0,1.0,4.0,1.0,26.0,101.0,5.0,73.0,35.0,3.0,15.0,5.0,623.0,12.0,9.0,13.0,33.0,35.0,46.0,0.0
2022-07-15,77.0,8.0,2.0,23.0,9.0,21.0,10.0,10.0,20.0,3.0,22.0,67.0,40.0,-1.0,11.0,2.0,4.0,44.0,117.0,6.0,50.0,71.0,8.0,10.0,5.0,734.0,10.0,11.0,24.0,22.0,29.0,74.0,2.0
2022-07-18,53.0,27.0,2.0,24.0,10.0,12.0,2.0,1.0,18.0,6.0,13.0,66.0,22.0,4.0,1.0,3.0,1.0,29.0,88.0,6.0,36.0,50.0,5.0,10.0,5.0,572.0,12.0,13.0,10.0,27.0,35.0,43.0,0.0
2022-07-22,73.0,27.0,5.0,22.0,19.0,22.0,4.0,13.0,17.0,3.0,21.0,47.0,32.0,3.0,4.0,0.0,4.0,41.0,106.0,19.0,39.0,53.0,15.0,12.0,8.0,597.0,7.0,23.0,12.0,26.0,23.0,40.0,0.0
2022-07-25,64.0,42.0,6.0,16.0,16.0,24.0,9.0,10.0,17.0,5.0,14.0,31.0,22.0,6.0,4.0,2.0,10.0,34.0,115.0,14.0,56.0,41.0,15.0,5.0,11.0,577.0,9.0,4.0,14.0,21.0,27.0,74.0,2.0
2022-07-29,103.0,30.0,5.0,40.0,27.0,36.0,5.0,28.0,27.0,6.0,25.0,40.0,47.0,1.0,16.0,7.0,8.0,47.0,149.0,11.0,52.0,42.0,9.0,8.0,11.0,719.0,30.0,10.0,13.0,44.0,40.0,65.0,-1.0
2022-08-01,104.0,32.0,16.0,32.0,14.0,35.0,11.0,11.0,16.0,10.0,12.0,50.0,36.0,33.0,11.0,10.0,6.0,69.0,84.0,3.0,45.0,38.0,4.0,15.0,13.0,583.0,11.0,13.0,19.0,37.0,32.0,62.0,0.0
2022-08-05,141.0,34.0,19.0,31.0,30.0,47.0,20.0,9.0,16.0,11.0,18.0,68.0,71.0,13.0,28.0,17.0,7.0,79.0,136.0,4.0,63.0,91.0,22.0,28.0,7.0,886.0,31.0,23.0,19.0,31.0,53.0,109.0,0.0
2022-08-08,115.0,43.0,19.0,39.0,35.0,27.0,10.0,1.0,20.0,7.0,37.0,34.0,40.0,13.0,35.0,6.0,2.0,68.0,104.0,24.0,48.0,64.0,39.0,32.0,9.0,780.0,20.0,12.0,30.0,56.0,53.0,124.0,0.0
2022-08-12,155.0,43.0,18.0,51.0,57.0,46.0,11.0,29.0,49.0,36.0,87.0,106.0,64.0,34.0,32.0,10.0,11.0,73.0,193.0,21.0,88.0,124.0,40.0,32.0,10.0,1168.0,22.0,15.0,48.0,81.0,92.0,165.0,0.0
2022-08-15,177.0,47.0,20.0,53.0,36.0,46.0,12.0,17.0,49.0,28.0,48.0,61.0,55.0,24.0,12.0,12.0,19.0,66.0,163.0,27.0,72.0,81.0,45.0,29.0,24.0,905.0,12.0,22.0,34.0,74.0,66.0,143.0,1.0
2022-08-19,121.0,30.0,15.0,58.0,43.0,25.0,13.0,22.0,20.0,35.0,46.0,77.0,77.0,35.0,17.0,9.0,9.0,63.0,183.0,15.0,110.0,79.0,47.0,29.0,19.0,957.0,19.0,25.0,28.0,79.0,90.0,140.0,-1.0
2022-08-22,109.0,35.0,20.0,37.0,53.0,44.0,13.0,18.0,32.0,20.0,40.0,67.0,47.0,28.0,13.0,11.0,8.0,49.0,130.0,11.0,89.0,43.0,30.0,27.0,14.0,966.0,18.0,22.0,20.0,85.0,63.0,100.0,0.0
2022-08-26,127.0,39.0,26.0,43.0,75.0,25.0,8.0,20.0,41.0,14.0,40.0,72.0,64.0,22.0,25.0,13.0,9.0,56.0,113.0,26.0,66.0,60.0,17.0,34.0,10.0,824.0,21.0,21.0,38.0,46.0,60.0,117.0,0.0
2022-08-29,92.0,27.0,15.0,42.0,25.0,19.0,2.0,9.0,40.0,9.0,32.0,76.0,27.0,23.0,10.0,7.0,4.0,46.0,97.0,5.0,55.0,29.0,9.0,18.0,3.0,635.0,21.0,14.0,24.0,39.0,40.0,48.0,0.0
2022-09-02,110.0,27.0,11.0,26.0,24.0,13.0,6.0,12.0,39.0,18.0,24.0,82.0,53.0,7.0,22.0,10.0,5.0,46.0,125.0,8.0,50.0,36.0,12.0,19.0,4.0,561.0,13.0,21.0,16.0,45.0,43.0,70.0,0.0
2022-09-05,58.0,18.0,11.0,33.0,20.0,12.0,2.0,6.0,20.0,9.0,17.0,49.0,18.0,9.0,18.0,3.0,6.0,26.0,63.0,3.0,23.0,17.0,1.0,9.0,7.0,393.0,17.0,12.0,13.0,33.0,22.0,41.0,0.0
2022-09-09,57.0,21.0,8.0,23.0,20.0,16.0,10.0,3.0,30.0,5.0,16.0,52.0,41.0,21.0,14.0,2.0,7.0,32.0,90.0,0.0,19.0,19.0,4.0,16.0,6.0,483.0,12.0,9.0,10.0,27.0,23.0,44.0,0.0
2022-09-12,46.0,23.0,6.0,11.0,0.0,11.0,5.0,0.0,16.0,4.0,15.0,45.0,15.0,14.0,0.0,1.0,4.0,18.0,42.0,1.0,11.0,16.0,14.0,10.0,5.0,310.0,4.0,11.0,11.0,16.0,11.0,38.0,0.0
2022-09-19,80.0,24.0,13.0,29.0,17.0,13.0,1.0,2.0,20.0,14.0,15.0,59.0,20.0,20.0,8.0,2.0,20.0,38.0,79.0,11.0,35.0,30.0,17.0,21.0,12.0,510.0,13.0,15.0,19.0,33.0,25.0,51.0,0.0
2022-09-23,53.0,12.0,2.0,16.0,11.0,8.0,1.0,4.0,8.0,-1.0,9.0,29.0,8.0,6.0,1.0,1.0,4.0,15.0,38.0,3.0,11.0,23.0,7.0,4.0,12.0,241.0,10.0,0.0,6.0,11.0,19.0,27.0,0.0
2022-09-26,53.0,18.0,6.0,7.0,12.0,9.0,1.0,1.0,22.0,0.0,11.0,38.0,15.0,17.0,0.0,5.0,1.0,14.0,42.0,5.0,12.0,18.0,8.0,4.0,5.0,263.0,9.0,14.0,9.0,18.0,22.0,35.0,0.0
2022-10-03,74.0,20.0,8.0,21.0,36.0,18.0,2.0,9.0,21.0,9.0,21.0,51.0,21.0,18.0,10.0,4.0,14.0,22.0,65.0,14.0,28.0,24.0,8.0,10.0,17.0,513.0,11.0,18.0,18.0,21.0,35.0,58.0,0.0
2022-10-10,64.0,14.0,2.0,28.0,27.0,18.0,7.0,1.0,10.0,6.0,12.0,39.0,46.0,21.0,19.0,3.0,11.0,16.0,56.0,9.0,45.0,28.0,11.0,8.0,12.0,526.0,7.0,9.0,19.0,27.0,45.0,44.0,0.0
2022-10-14,31.0,9.0,6.0,12.0,15.0,6.0,4.0,1.0,11.0,2.0,10.0,13.0,18.0,4.0,8.0,1.0,4.0,21.0,48.0,9.0,19.0,12.0,12.0,6.0,5.0,317.0,5.0,11.0,6.0,13.0,29.0,26.0,0.0
2022-10-17,28.0,3.0,1.0,13.0,15.0,5.0,4.0,1.0,11.0,9.0,6.0,19.0,14.0,4.0,3.0,1.0,3.0,14.0,30.0,4.0,11.0,27.0,12.0,12.0,5.0,275.0,4.0,10.0,10.0,28.0,17.0,20.0,0.0
2022-10-21,59.0,21.0,5.0,23.0,24.0,7.0,3.0,3.0,21.0,11.0,12.0,47.0,28.0,5.0,22.0,1.0,3.0,37.0,71.0,6.0,17.0,36.0,16.0,8.0,17.0,452.0,14.0,25.0,15.0,20.0,54.0,35.0,0.0
2022-10-24,99.0,22.0,12.0,53.0,31.0,2.0,7.0,7.0,27.0,19.0,16.0,48.0,21.0,8.0,12.0,5.0,4.0,35.0,80.0,25.0,27.0,24.0,11.0,10.0,13.0,629.0,10.0,23.0,17.0,45.0,53.0,57.0,0.0
2022-10-28,134.0,40.0,25.0,43.0,45.0,19.0,13.0,18.0,28.0,41.0,19.0,76.0,49.0,8.0,21.0,9.0,4.0,65.0,160.0,13.0,58.0,57.0,15.0,41.0,21.0,1003.0,17.0,32.0,20.0,46.0,79.0,78.0,0.0
2022-10-31,46.0,7.0,3.0,10.0,14.0,4.0,8.0,2.0,15.0,10.0,15.0,41.0,11.0,2.0,8.0,2.0,2.0,33.0,59.0,12.0,15.0,15.0,11.0,23.0,3.0,421.0,6.0,12.0,13.0,18.0,38.0,30.0,0.0
2022-11-04,60.0,13.0,2.0,10.0,18.0,8.0,11.0,1.0,8.0,15.0,8.0,26.0,13.0,0.0,2.0,2.0,1.0,19.0,33.0,6.0,16.0,33.0,12.0,11.0,3.0,389.0,7.0,16.0,15.0,9.0,22.0,31.0,0.0
2022-11-07,40.0,17.0,12.0,24.0,22.0,4.0,18.0,8.0,21.0,11.0,10.0,36.0,18.0,2.0,4.0,2.0,2.0,29.0,98.0,3.0,26.0,23.0,9.0,13.0,8.0,509.0,15.0,19.0,18.0,27.0,37.0,50.0,0.0
2022-11-11,80.0,9.0,28.0,28.0,32.0,9.0,16.0,11.0,11.0,21.0,17.0,25.0,24.0,1.0,16.0,6.0,6.0,32.0,103.0,8.0,42.0,25.0,10.0,8.0,4.0,586.0,6.0,6.0,17.0,20.0,32.0,59.0,0.0
2022-11-14,21.0,2.0,22.0,16.0,25.0,1.0,9.0,8.0,12.0,3.0,13.0,25.0,16.0,1.0,5.0,2.0,14.0,23.0,63.0,6.0,12.0,19.0,8.0,11.0,4.0,382.0,2.0,8.0,8.0,24.0,30.0,24.0,0.0
2022-11-18,57.0,17.0,5.0,15.0,15.0,6.0,6.0,9.0,12.0,16.0,18.0,37.0,28.0,2.0,3.0,1.0,19.0,47.0,49.0,9.0,39.0,34.0,8.0,9.0,6.0,370.0,3.0,11.0,24.0,26.0,21.0,40.0,0.0
2022-11-21,34.0,4.0,6.0,19.0,13.0,2.0,6.0,4.0,7.0,10.0,7.0,20.0,10.0,5.0,-1.0,4.0,1.0,15.0,35.0,2.0,12.0,20.0,7.0,4.0,3.0,332.0,3.0,9.0,20.0,9.0,12.0,30.0,0.0
2022-11-25,48.0,14.0,8.0,14.0,14.0,4.0,13.0,7.0,5.0,12.0,6.0,24.0,19.0,5.0,2.0,3.0,7.0,28.0,51.0,3.0,29.0,27.0,7.0,11.0,1.0,373.0,3.0,6.0,27.0,15.0,22.0,46.0,0.0
2022-11-28,30.0,6.0,2.0,12.0,16.0,1.0,10.0,4.0,11.0,10.0,3.0,13.0,13.0,2.0,5.0,4.0,2.0,16.0,34.0,5.0,5.0,20.0,4.0,9.0,3.0,278.0,3.0,3.0,7.0,4.0,5.0,40.0,0.0
2022-12-02,38.0,12.0,12.0,9.0,11.0,9.0,13.0,3.0,10.0,9.0,5.0,16.0,15.0,1.0,2.0,3.0,5.0,17.0,29.0,4.0,29.0,26.0,4.0,15.0,2.0,291.0,11.0,12.0,31.0,9.0,16.0,39.0,0.0
2022-12-05,21.0,3.0,6.0,5.0,10.0,0.0,3.0,1.0,5.0,4.0,1.0,10.0,13.0,4.0,0.0,1.0,2.0,9.0,41.0,4.0,6.0,7.0,0.0,6.0,1.0,208.0,1.0,5.0,10.0,7.0,5.0,21.0,1.0
2022-12-09,45.0,4.0,9.0,22.0,13.0,10.0,6.0,1.0,16.0,5.0,6.0,13.0,14.0,1.0,5.0,3.0,4.0,14.0,21.0,2.0,12.0,16.0,3.0,10.0,2.0,235.0,10.0,11.0,20.0,10.0,15.0,35.0,0.0
2022-12-12,22.0,5.0,2.0,15.0,6.0,0.0,1.0,1.0,5.0,5.0,1.0,14.0,4.0,1.0,1.0,1.0,3.0,8.0,25.0,1.0,7.0,10.0,1.0,6.0,0.0,124.0,4.0,10.0,5.0,5.0,2.0,30.0,0.0
2022-12-16,53.0,2.0,3.0,18.0,6.0,7.0,2.0,2.0,3.0,3.0,5.0,14.0,11.0,2.0,2.0,4.0,5.0,15.0,37.0,7.0,11.0,22.0,4.0,8.0,8.0,258.0,4.0,5.0,7.0,17.0,14.0,53.0,0.0
2022-12-19,21.0,4.0,6.0,15.0,8.0,2.0,9.0,3.0,3.0,3.0,4.0,9.0,10.0,0.0,4.0,1.0,5.0,12.0,23.0,4.0,5.0,9.0,1.0,8.0,6.0,181.0,6.0,3.0,5.0,9.0,13.0,33.0,0.0
2022-12-23,48.0,4.0,3.0,26.0,13.0,6.0,10.0,6.0,9.0,5.0,5.0,10.0,17.0,9.0,1.0,2.0,7.0,24.0,27.0,5.0,18.0,23.0,3.0,8.0,6.0,267.0,4.0,9.0,5.0,9.0,22.0,35.0,0.0
2022-12-26,27.0,3.0,0.0,9.0,8.0,3.0,10.0,1.0,3.0,1.0,0.0,13.0,10.0,0.0,6.0,1.0,3.0,6.0,18.0,1.0,9.0,9.0,2.0,5.0,4.0,198.0,7.0,6.0,7.0,10.0,11.0,28.0,0.0
2022-12-30,55.0,4.0,3.0,26.0,13.0,12.0,17.0,5.0,9.0,9.0,4.0,19.0,25.0,5.0,9.0,3.0,21.0,20.0,27.0,5.0,11.0,28.0,6.0,11.0,5.0,323.0,7.0,9.0,23.0,23.0,27.0,49.0,0.0
2023-01-05,77.0,17.0,12.0,32.0,12.0,3.0,7.0,8.0,9.0,13.0,14.0,6.0,40.0,3.0,2.0,4.0,11.0,26.0,33.0,5.0,23.0,22.0,2.0,3.0,5.0,298.0,4.0,9.0,18.0,17.0,25.0,65.0,0.0
2023-01-09,38.0,15.0,4.0,12.0,7.0,4.0,4.0,6.0,6.0,3.0,6.0,11.0,31.0,6.0,0.0,2.0,3.0,20.0,20.0,3.0,18.0,14.0,2.0,2.0,5.0,195.0,5.0,14.0,5.0,5.0,14.0,37.0,0.0
