,Aysen,Chile Chico,Cisnes,Cochrane,Coyhaique,Guaitecas,Lago Verde,OHiggins,Rio Ibanez,Tortel,Desconocido Aysen
2020-04-01,0.0,0.0,0.0,0.0,0.0,0.0,0.0,0.0,0.0,0.0,0.0
2020-04-03,4.0,0.0,0.0,0.0,0.0,0.0,0.0,0.0,0.0,0.0,0.0
2020-04-06,1.0,0.0,0.0,0.0,0.0,0.0,0.0,0.0,0.0,0.0,0.0
2020-04-08,-1.0,0.0,0.0,0.0,0.0,0.0,0.0,0.0,0.0,0.0,0.0
2020-04-10,0.0,0.0,0.0,0.0,0.0,0.0,0.0,0.0,0.0,0.0,0.0
2020-04-13,-1.0,1.0,0.0,0.0,2.0,0.0,0.0,0.0,0.0,1.0,0.0
2020-04-15,0.0,0.0,0.0,0.0,0.0,0.0,0.0,0.0,0.0,0.0,0.0
2020-04-17,0.0,0.0,0.0,0.0,0.0,0.0,0.0,0.0,0.0,0.0,0.0
2020-04-20,-2.0,0.0,0.0,0.0,1.0,0.0,0.0,0.0,0.0,-1.0,0.0
2020-04-24,0.0,0.0,0.0,0.0,0.0,0.0,0.0,0.0,0.0,0.0,0.0
2020-04-27,0.0,0.0,0.0,0.0,0.0,0.0,0.0,0.0,0.0,0.0,0.0
2020-05-01,0.0,0.0,0.0,0.0,-1.0,0.0,0.0,0.0,0.0,0.0,0.0
2020-05-04,0.0,0.0,0.0,0.0,0.0,0.0,0.0,0.0,0.0,0.0,0.0
2020-05-08,0.0,0.0,0.0,0.0,1.0,0.0,0.0,0.0,0.0,0.0,0.0
2020-05-11,0.0,0.0,0.0,0.0,0.0,0.0,0.0,0.0,0.0,0.0,0.0
2020-05-15,0.0,0.0,0.0,0.0,0.0,0.0,0.0,0.0,0.0,0.0,0.0
2020-05-18,0.0,0.0,0.0,0.0,0.0,0.0,0.0,0.0,0.0,0.0,0.0
2020-05-22,0.0,0.0,0.0,0.0,0.0,0.0,0.0,0.0,0.0,0.0,0.0
2020-05-25,0.0,0.0,0.0,0.0,2.0,0.0,0.0,0.0,0.0,0.0,0.0
2020-05-29,3.0,0.0,0.0,0.0,2.0,0.0,0.0,0.0,0.0,0.0,0.0
2020-06-01,0.0,0.0,0.0,0.0,1.0,0.0,0.0,0.0,0.0,0.0,0.0
2020-06-05,0.0,0.0,0.0,0.0,2.0,0.0,0.0,0.0,0.0,0.0,0.0
2020-06-08,0.0,0.0,0.0,0.0,2.0,0.0,0.0,0.0,0.0,0.0,0.0
2020-06-12,0.0,0.0,0.0,0.0,1.0,0.0,0.0,0.0,0.0,0.0,0.0
2020-06-15,2.0,0.0,0.0,0.0,2.0,0.0,0.0,0.0,0.0,0.0,0.0
2020-06-19,2.0,0.0,0.0,0.0,0.0,0.0,0.0,0.0,0.0,0.0,1.0
2020-06-23,0.0,0.0,0.0,0.0,0.0,0.0,0.0,0.0,0.0,0.0,0.0
2020-06-28,2.0,0.0,0.0,0.0,13.0,0.0,0.0,0.0,0.0,0.0,0.0
2020-07-01,2.0,0.0,0.0,0.0,-2.0,0.0,0.0,0.0,0.0,0.0,0.0
2020-07-05,4.0,0.0,0.0,0.0,2.0,0.0,0.0,0.0,0.0,0.0,0.0
2020-07-10,1.0,0.0,0.0,0.0,0.0,0.0,0.0,0.0,0.0,0.0,0.0
2020-07-13,8.0,0.0,0.0,0.0,1.0,0.0,0.0,0.0,0.0,0.0,0.0
2020-07-17,10.0,0.0,0.0,0.0,1.0,0.0,0.0,0.0,0.0,0.0,0.0
2020-07-20,0.0,0.0,0.0,0.0,0.0,0.0,0.0,0.0,0.0,0.0,0.0
2020-07-24,1.0,0.0,0.0,0.0,0.0,0.0,0.0,0.0,0.0,0.0,0.0
2020-07-27,5.0,0.0,0.0,0.0,0.0,0.0,0.0,0.0,0.0,0.0,0.0
2020-07-31,3.0,0.0,0.0,0.0,2.0,0.0,0.0,0.0,0.0,0.0,0.0
2020-08-03,1.0,0.0,0.0,0.0,4.0,0.0,0.0,0.0,0.0,0.0,0.0
2020-08-07,2.0,0.0,0.0,0.0,0.0,1.0,0.0,0.0,0.0,0.0,0.0
2020-08-10,8.0,0.0,0.0,0.0,1.0,0.0,0.0,0.0,0.0,0.0,0.0
2020-08-14,0.0,0.0,0.0,0.0,0.0,0.0,0.0,0.0,0.0,0.0,0.0
2020-08-17,3.0,0.0,0.0,0.0,0.0,0.0,0.0,0.0,0.0,0.0,0.0
2020-08-21,1.0,0.0,0.0,0.0,0.0,0.0,0.0,0.0,0.0,0.0,0.0
2020-08-24,2.0,0.0,0.0,0.0,1.0,0.0,0.0,0.0,0.0,0.0,0.0
2020-08-28,0.0,0.0,0.0,0.0,12.0,0.0,0.0,0.0,0.0,0.0,0.0
2020-08-31,0.0,0.0,0.0,0.0,10.0,0.0,0.0,0.0,0.0,0.0,0.0
2020-09-04,0.0,0.0,0.0,0.0,0.0,0.0,0.0,0.0,0.0,0.0,1.0
2020-09-07,2.0,0.0,0.0,0.0,10.0,0.0,0.0,0.0,0.0,0.0,-1.0
2020-09-11,1.0,0.0,0.0,0.0,7.0,0.0,0.0,1.0,0.0,0.0,0.0
2020-09-14,1.0,0.0,0.0,0.0,21.0,0.0,0.0,0.0,0.0,0.0,1.0
2020-09-18,0.0,0.0,0.0,0.0,36.0,0.0,0.0,0.0,0.0,0.0,0.0
2020-09-21,4.0,0.0,0.0,0.0,38.0,0.0,0.0,0.0,0.0,0.0,0.0
2020-09-25,0.0,1.0,0.0,0.0,56.0,0.0,0.0,-1.0,0.0,0.0,0.0
2020-09-28,3.0,0.0,0.0,0.0,27.0,0.0,0.0,0.0,1.0,0.0,0.0
2020-10-02,3.0,2.0,0.0,0.0,158.0,1.0,0.0,0.0,2.0,0.0,0.0
2020-10-05,3.0,1.0,0.0,0.0,66.0,0.0,0.0,0.0,0.0,0.0,0.0
2020-10-09,1.0,0.0,0.0,0.0,67.0,0.0,0.0,0.0,2.0,0.0,1.0
2020-10-12,0.0,0.0,1.0,0.0,98.0,0.0,0.0,0.0,3.0,0.0,-1.0
2020-10-16,2.0,1.0,0.0,0.0,91.0,0.0,0.0,0.0,0.0,0.0,0.0
2020-10-19,4.0,9.0,0.0,0.0,60.0,0.0,0.0,0.0,0.0,0.0,0.0
2020-10-24,11.0,15.0,25.0,0.0,75.0,0.0,0.0,0.0,0.0,0.0,0.0
2020-10-26,0.0,1.0,4.0,0.0,13.0,0.0,0.0,0.0,0.0,0.0,0.0
2020-10-30,5.0,1.0,8.0,0.0,35.0,0.0,0.0,0.0,0.0,0.0,4.0
2020-11-02,7.0,1.0,4.0,0.0,29.0,0.0,0.0,0.0,0.0,0.0,0.0
2020-11-06,5.0,3.0,0.0,1.0,36.0,0.0,0.0,0.0,0.0,0.0,-4.0
2020-11-09,6.0,5.0,0.0,0.0,15.0,0.0,0.0,0.0,0.0,0.0,-1.0
2020-11-13,8.0,0.0,0.0,0.0,22.0,0.0,0.0,0.0,0.0,0.0,0.0
2020-11-16,6.0,0.0,0.0,0.0,16.0,1.0,0.0,0.0,0.0,0.0,0.0
2020-11-20,7.0,1.0,0.0,0.0,24.0,0.0,0.0,0.0,0.0,0.0,0.0
2020-11-23,7.0,0.0,3.0,0.0,17.0,0.0,0.0,0.0,0.0,0.0,0.0
2020-11-27,4.0,0.0,6.0,0.0,9.0,0.0,0.0,0.0,0.0,0.0,0.0
2020-11-30,4.0,0.0,7.0,0.0,14.0,0.0,0.0,0.0,0.0,0.0,0.0
2020-12-04,2.0,0.0,5.0,4.0,10.0,0.0,0.0,0.0,0.0,0.0,0.0
2020-12-07,1.0,0.0,3.0,0.0,16.0,0.0,0.0,3.0,0.0,0.0,0.0
2020-12-11,2.0,0.0,5.0,0.0,20.0,0.0,0.0,1.0,0.0,0.0,0.0
2020-12-14,2.0,0.0,2.0,0.0,15.0,0.0,0.0,0.0,0.0,0.0,0.0
2020-12-18,-1.0,0.0,0.0,0.0,32.0,0.0,0.0,0.0,0.0,0.0,5.0
2020-12-21,7.0,2.0,4.0,0.0,31.0,0.0,0.0,0.0,0.0,0.0,-4.0
2020-12-25,3.0,13.0,1.0,4.0,42.0,0.0,0.0,0.0,0.0,0.0,-1.0
2020-12-28,6.0,10.0,2.0,8.0,34.0,0.0,0.0,3.0,0.0,0.0,0.0
2021-01-01,7.0,9.0,4.0,19.0,52.0,0.0,0.0,0.0,1.0,0.0,0.0
2021-01-04,5.0,10.0,1.0,15.0,33.0,0.0,0.0,1.0,1.0,0.0,0.0
2021-01-08,51.0,11.0,4.0,2.0,39.0,0.0,0.0,1.0,1.0,0.0,0.0
2021-01-11,70.0,7.0,3.0,2.0,47.0,1.0,0.0,0.0,2.0,1.0,0.0
2021-01-15,75.0,13.0,13.0,3.0,47.0,0.0,2.0,0.0,1.0,1.0,0.0
2021-01-18,46.0,8.0,7.0,2.0,69.0,0.0,0.0,0.0,2.0,0.0,0.0
2021-01-22,44.0,10.0,6.0,1.0,128.0,5.0,0.0,0.0,3.0,0.0,0.0
2021-01-25,17.0,8.0,9.0,3.0,115.0,0.0,0.0,0.0,6.0,0.0,0.0
2021-01-29,16.0,2.0,5.0,2.0,98.0,1.0,0.0,0.0,0.0,0.0,0.0
2021-02-01,8.0,0.0,6.0,1.0,105.0,4.0,0.0,0.0,2.0,0.0,0.0
2021-02-05,5.0,7.0,3.0,0.0,94.0,0.0,1.0,0.0,3.0,0.0,0.0
2021-02-08,4.0,14.0,1.0,0.0,67.0,2.0,1.0,0.0,0.0,0.0,0.0
2021-02-12,4.0,3.0,0.0,0.0,77.0,3.0,0.0,0.0,1.0,0.0,0.0
2021-02-15,6.0,2.0,3.0,1.0,70.0,4.0,0.0,0.0,0.0,0.0,0.0
2021-02-19,4.0,3.0,2.0,0.0,91.0,5.0,0.0,0.0,1.0,0.0,0.0
2021-02-22,5.0,2.0,0.0,1.0,51.0,3.0,0.0,0.0,2.0,1.0,0.0
2021-02-26,5.0,0.0,1.0,9.0,51.0,1.0,0.0,0.0,1.0,0.0,0.0
2021-03-01,3.0,1.0,0.0,6.0,41.0,3.0,0.0,0.0,2.0,0.0,0.0
2021-03-05,19.0,1.0,2.0,7.0,53.0,1.0,2.0,0.0,3.0,0.0,0.0
2021-03-08,2.0,2.0,1.0,1.0,31.0,0.0,0.0,0.0,1.0,1.0,1.0
2021-03-12,11.0,2.0,1.0,2.0,51.0,3.0,0.0,0.0,2.0,0.0,-1.0
2021-03-15,10.0,0.0,0.0,1.0,31.0,7.0,0.0,0.0,4.0,0.0,1.0
2021-03-19,20.0,8.0,5.0,0.0,53.0,5.0,9.0,0.0,0.0,0.0,-1.0
2021-03-22,7.0,3.0,0.0,6.0,43.0,11.0,0.0,0.0,5.0,0.0,0.0
2021-03-26,13.0,11.0,3.0,0.0,59.0,10.0,0.0,0.0,3.0,0.0,0.0
2021-03-29,6.0,4.0,2.0,0.0,32.0,11.0,1.0,1.0,1.0,0.0,2.0
2021-04-02,10.0,11.0,5.0,0.0,47.0,35.0,1.0,0.0,4.0,0.0,-1.0
2021-04-05,4.0,9.0,3.0,0.0,34.0,24.0,1.0,0.0,0.0,0.0,0.0
2021-04-09,15.0,6.0,11.0,0.0,50.0,14.0,0.0,0.0,12.0,0.0,0.0
2021-04-12,21.0,11.0,22.0,0.0,51.0,7.0,0.0,0.0,7.0,0.0,0.0
2021-04-16,19.0,8.0,28.0,2.0,24.0,4.0,2.0,0.0,7.0,1.0,0.0
2021-04-19,16.0,2.0,9.0,4.0,40.0,1.0,0.0,0.0,3.0,0.0,0.0
2021-04-23,42.0,2.0,23.0,21.0,59.0,3.0,0.0,0.0,0.0,0.0,0.0
2021-04-26,15.0,1.0,22.0,0.0,53.0,0.0,0.0,0.0,2.0,0.0,0.0
2021-04-30,24.0,1.0,37.0,7.0,90.0,11.0,0.0,0.0,0.0,0.0,0.0
2021-05-03,16.0,3.0,16.0,1.0,66.0,-1.0,0.0,0.0,2.0,0.0,0.0
2021-05-07,28.0,0.0,15.0,1.0,140.0,1.0,0.0,0.0,1.0,3.0,2.0
2021-05-10,27.0,0.0,6.0,0.0,112.0,0.0,0.0,0.0,1.0,0.0,-2.0
2021-05-14,32.0,1.0,14.0,0.0,130.0,0.0,0.0,0.0,0.0,0.0,0.0
2021-05-17,39.0,2.0,9.0,1.0,140.0,0.0,1.0,0.0,0.0,0.0,1.0
2021-05-21,65.0,6.0,22.0,12.0,204.0,1.0,3.0,0.0,7.0,0.0,4.0
2021-05-24,45.0,21.0,27.0,14.0,149.0,0.0,4.0,0.0,3.0,1.0,0.0
2021-05-28,76.0,7.0,16.0,4.0,207.0,0.0,4.0,0.0,8.0,6.0,1.0
2021-05-31,54.0,13.0,16.0,3.0,147.0,0.0,3.0,0.0,1.0,1.0,-1.0
2021-06-04,124.0,28.0,3.0,8.0,234.0,0.0,1.0,0.0,14.0,1.0,0.0
2021-06-07,71.0,11.0,13.0,9.0,127.0,0.0,0.0,0.0,6.0,0.0,0.0
2021-06-11,85.0,17.0,16.0,13.0,132.0,2.0,2.0,0.0,20.0,2.0,1.0
2021-06-14,68.0,12.0,33.0,5.0,101.0,0.0,2.0,0.0,12.0,0.0,1.0
2021-06-18,96.0,13.0,12.0,15.0,131.0,0.0,3.0,0.0,12.0,1.0,1.0
2021-06-21,33.0,2.0,10.0,6.0,122.0,3.0,0.0,0.0,19.0,1.0,0.0
2021-06-25,42.0,4.0,8.0,8.0,73.0,0.0,-1.0,0.0,4.0,6.0,0.0
2021-06-28,35.0,5.0,8.0,6.0,71.0,0.0,0.0,0.0,4.0,0.0,-1.0
2021-07-02,26.0,3.0,4.0,5.0,70.0,1.0,0.0,0.0,1.0,0.0,0.0
2021-07-05,20.0,3.0,10.0,0.0,54.0,3.0,0.0,0.0,1.0,0.0,0.0
2021-07-09,37.0,3.0,7.0,4.0,49.0,5.0,0.0,0.0,2.0,0.0,0.0
2021-07-12,44.0,1.0,9.0,6.0,27.0,0.0,-1.0,0.0,2.0,0.0,0.0
2021-07-16,15.0,-1.0,1.0,3.0,12.0,-1.0,3.0,0.0,-1.0,0.0,0.0
2021-07-19,8.0,0.0,-1.0,1.0,5.0,1.0,0.0,0.0,0.0,0.0,0.0
2021-07-23,9.0,0.0,0.0,0.0,7.0,0.0,0.0,0.0,0.0,0.0,0.0
2021-07-26,2.0,3.0,1.0,0.0,10.0,0.0,0.0,0.0,1.0,0.0,0.0
2021-07-30,3.0,0.0,0.0,0.0,4.0,0.0,0.0,0.0,0.0,0.0,0.0
2021-08-02,5.0,1.0,0.0,0.0,1.0,0.0,0.0,0.0,0.0,0.0,0.0
2021-08-06,1.0,0.0,0.0,0.0,4.0,0.0,0.0,0.0,0.0,0.0,0.0
2021-08-09,8.0,0.0,1.0,0.0,5.0,0.0,0.0,0.0,0.0,0.0,-1.0
2021-08-13,9.0,0.0,0.0,0.0,4.0,0.0,0.0,0.0,0.0,0.0,0.0
2021-08-16,11.0,0.0,2.0,0.0,7.0,0.0,0.0,0.0,0.0,0.0,0.0
2021-08-20,11.0,0.0,0.0,0.0,31.0,0.0,0.0,0.0,0.0,0.0,0.0
2021-08-23,5.0,1.0,1.0,0.0,14.0,0.0,0.0,0.0,0.0,0.0,0.0
2021-08-27,1.0,0.0,0.0,0.0,22.0,-1.0,0.0,0.0,1.0,0.0,0.0
2021-08-30,0.0,0.0,0.0,0.0,9.0,0.0,0.0,0.0,1.0,0.0,0.0
2021-09-03,2.0,1.0,0.0,0.0,3.0,0.0,0.0,0.0,0.0,0.0,0.0
2021-09-06,0.0,0.0,0.0,0.0,3.0,0.0,0.0,0.0,0.0,0.0,0.0
2021-09-10,2.0,0.0,3.0,0.0,6.0,1.0,0.0,0.0,0.0,0.0,0.0
2021-09-13,5.0,3.0,3.0,0.0,1.0,0.0,0.0,0.0,0.0,0.0,0.0
2021-09-17,7.0,4.0,8.0,0.0,19.0,0.0,0.0,0.0,0.0,0.0,0.0
2021-09-20,1.0,1.0,4.0,0.0,12.0,0.0,0.0,0.0,0.0,0.0,0.0
2021-09-24,5.0,11.0,10.0,0.0,19.0,4.0,0.0,0.0,0.0,0.0,0.0
2021-09-27,4.0,0.0,9.0,0.0,6.0,1.0,0.0,0.0,1.0,0.0,0.0
2021-10-01,4.0,9.0,11.0,0.0,8.0,2.0,0.0,0.0,0.0,0.0,0.0
2021-10-04,1.0,3.0,4.0,0.0,3.0,0.0,0.0,0.0,1.0,0.0,1.0
2021-10-08,10.0,1.0,4.0,0.0,7.0,0.0,0.0,0.0,0.0,0.0,0.0
2021-10-11,5.0,2.0,1.0,0.0,15.0,0.0,0.0,0.0,1.0,0.0,0.0
2021-10-15,2.0,1.0,5.0,0.0,10.0,0.0,0.0,0.0,4.0,0.0,0.0
2021-10-18,3.0,4.0,1.0,0.0,7.0,0.0,0.0,0.0,3.0,0.0,0.0
2021-10-22,2.0,0.0,3.0,0.0,15.0,0.0,0.0,0.0,0.0,0.0,0.0
2021-10-25,2.0,-1.0,2.0,0.0,14.0,0.0,0.0,0.0,1.0,0.0,1.0
2021-10-29,11.0,1.0,4.0,0.0,42.0,0.0,0.0,0.0,0.0,0.0,-1.0
2021-11-01,22.0,0.0,5.0,0.0,34.0,0.0,0.0,0.0,0.0,0.0,0.0
2021-11-05,14.0,5.0,3.0,0.0,55.0,0.0,0.0,0.0,0.0,0.0,0.0
2021-11-08,52.0,6.0,1.0,0.0,100.0,0.0,0.0,0.0,1.0,0.0,0.0
2021-11-12,60.0,7.0,1.0,2.0,126.0,0.0,0.0,0.0,4.0,0.0,2.0
2021-11-15,74.0,3.0,2.0,3.0,73.0,0.0,0.0,0.0,0.0,0.0,0.0
2021-11-19,87.0,1.0,3.0,2.0,129.0,0.0,2.0,0.0,0.0,0.0,0.0
2021-11-22,71.0,1.0,2.0,0.0,73.0,0.0,0.0,0.0,1.0,0.0,0.0
2021-11-26,82.0,4.0,1.0,1.0,90.0,0.0,0.0,1.0,1.0,0.0,0.0
2021-11-29,33.0,0.0,3.0,0.0,44.0,0.0,0.0,0.0,2.0,0.0,0.0
2021-12-03,61.0,1.0,3.0,1.0,116.0,0.0,0.0,1.0,0.0,0.0,1.0
2021-12-06,22.0,5.0,0.0,0.0,66.0,0.0,0.0,0.0,0.0,0.0,0.0
2021-12-10,45.0,2.0,0.0,0.0,46.0,0.0,0.0,0.0,0.0,0.0,0.0
2021-12-13,21.0,3.0,0.0,1.0,23.0,2.0,0.0,0.0,3.0,0.0,0.0
2021-12-17,15.0,16.0,1.0,1.0,26.0,1.0,2.0,0.0,1.0,0.0,0.0
2021-12-20,11.0,6.0,1.0,2.0,15.0,1.0,0.0,0.0,0.0,0.0,0.0
2021-12-24,19.0,4.0,0.0,8.0,10.0,0.0,1.0,0.0,1.0,0.0,0.0
2021-12-27,10.0,10.0,1.0,3.0,12.0,0.0,0.0,0.0,1.0,0.0,0.0
2021-12-31,10.0,4.0,0.0,0.0,17.0,0.0,1.0,0.0,3.0,0.0,0.0
2022-01-03,24.0,2.0,1.0,0.0,14.0,0.0,0.0,0.0,0.0,0.0,0.0
2022-01-07,17.0,6.0,2.0,0.0,12.0,3.0,0.0,0.0,1.0,0.0,0.0
2022-01-10,9.0,9.0,1.0,2.0,37.0,0.0,0.0,0.0,0.0,0.0,0.0
2022-01-14,19.0,10.0,7.0,5.0,77.0,2.0,0.0,0.0,1.0,1.0,0.0
2022-01-17,16.0,23.0,8.0,12.0,113.0,0.0,0.0,0.0,2.0,5.0,1.0
2022-01-21,29.0,10.0,17.0,64.0,188.0,0.0,0.0,0.0,10.0,2.0,1.0
2022-01-24,59.0,30.0,13.0,67.0,225.0,0.0,0.0,0.0,9.0,5.0,-1.0
2022-01-28,89.0,49.0,42.0,107.0,512.0,2.0,0.0,4.0,28.0,13.0,-1.0
2022-01-31,156.0,60.0,23.0,49.0,374.0,4.0,0.0,0.0,8.0,7.0,0.0
2022-02-04,280.0,62.0,58.0,64.0,681.0,27.0,10.0,14.0,36.0,4.0,0.0
2022-02-07,237.0,53.0,47.0,49.0,637.0,24.0,20.0,4.0,40.0,1.0,0.0
2022-02-11,374.0,57.0,61.0,51.0,811.0,39.0,10.0,11.0,57.0,13.0,0.0
2022-02-14,195.0,31.0,46.0,22.0,546.0,6.0,3.0,2.0,24.0,2.0,1.0
2022-02-18,365.0,43.0,39.0,31.0,681.0,12.0,9.0,9.0,19.0,8.0,0.0
2022-02-21,224.0,36.0,38.0,20.0,411.0,8.0,6.0,5.0,15.0,4.0,0.0
2022-02-25,226.0,32.0,28.0,16.0,545.0,43.0,0.0,12.0,13.0,2.0,0.0
2022-02-28,156.0,33.0,15.0,19.0,302.0,14.0,2.0,7.0,7.0,2.0,0.0
2022-03-04,217.0,18.0,34.0,35.0,500.0,17.0,0.0,1.0,13.0,6.0,0.0
2022-03-07,81.0,10.0,13.0,9.0,169.0,4.0,1.0,4.0,3.0,4.0,0.0
2022-03-11,107.0,15.0,48.0,14.0,288.0,4.0,4.0,11.0,12.0,0.0,0.0
2022-03-14,80.0,5.0,44.0,6.0,150.0,3.0,4.0,4.0,5.0,0.0,0.0
2022-03-18,148.0,20.0,78.0,20.0,289.0,6.0,0.0,5.0,1.0,1.0,0.0
2022-03-21,93.0,20.0,36.0,14.0,162.0,6.0,3.0,0.0,3.0,1.0,0.0
2022-03-25,99.0,12.0,29.0,30.0,149.0,3.0,2.0,2.0,3.0,1.0,0.0
2022-03-28,31.0,6.0,7.0,9.0,87.0,1.0,4.0,1.0,2.0,2.0,0.0
2022-04-01,30.0,8.0,11.0,8.0,90.0,2.0,4.0,0.0,0.0,1.0,0.0
2022-04-04,17.0,4.0,11.0,2.0,33.0,1.0,0.0,1.0,0.0,0.0,0.0
2022-04-08,12.0,3.0,7.0,11.0,31.0,0.0,10.0,3.0,5.0,1.0,0.0
2022-04-11,12.0,2.0,3.0,1.0,32.0,0.0,2.0,0.0,0.0,0.0,0.0
2022-04-15,12.0,0.0,7.0,1.0,49.0,6.0,4.0,0.0,1.0,1.0,0.0
2022-04-18,0.0,2.0,0.0,0.0,17.0,3.0,1.0,0.0,1.0,0.0,0.0
2022-04-22,4.0,0.0,4.0,6.0,53.0,9.0,5.0,0.0,5.0,0.0,0.0
2022-04-25,2.0,3.0,0.0,2.0,22.0,5.0,0.0,0.0,0.0,0.0,0.0
2022-04-29,5.0,1.0,1.0,3.0,33.0,1.0,0.0,0.0,1.0,0.0,0.0
2022-05-02,5.0,2.0,1.0,-1.0,18.0,0.0,0.0,0.0,0.0,0.0,0.0
2022-05-06,4.0,4.0,7.0,5.0,39.0,9.0,0.0,3.0,6.0,0.0,0.0
2022-05-09,2.0,0.0,0.0,0.0,33.0,10.0,0.0,1.0,2.0,0.0,0.0
2022-05-13,0.0,1.0,3.0,1.0,28.0,8.0,0.0,0.0,0.0,1.0,0.0
2022-05-16,1.0,0.0,2.0,0.0,17.0,1.0,0.0,0.0,0.0,0.0,0.0
2022-05-20,6.0,0.0,11.0,0.0,25.0,2.0,2.0,0.0,0.0,0.0,0.0
2022-05-23,4.0,1.0,16.0,-1.0,32.0,2.0,1.0,0.0,1.0,0.0,0.0
2022-05-27,11.0,0.0,4.0,1.0,19.0,1.0,0.0,0.0,0.0,0.0,0.0
2022-05-30,12.0,2.0,3.0,0.0,17.0,1.0,0.0,0.0,0.0,0.0,0.0
2022-06-03,37.0,0.0,4.0,0.0,26.0,-1.0,1.0,0.0,1.0,0.0,0.0
2022-06-06,31.0,1.0,2.0,0.0,15.0,0.0,0.0,0.0,0.0,0.0,0.0
2022-06-10,110.0,1.0,10.0,11.0,43.0,4.0,0.0,0.0,1.0,0.0,0.0
2022-06-13,101.0,0.0,3.0,2.0,32.0,0.0,0.0,0.0,0.0,0.0,0.0
2022-06-17,103.0,9.0,10.0,4.0,66.0,0.0,0.0,0.0,3.0,0.0,0.0
2022-06-20,82.0,8.0,9.0,3.0,67.0,0.0,0.0,0.0,0.0,2.0,0.0
2022-06-24,82.0,7.0,6.0,1.0,84.0,3.0,0.0,1.0,2.0,2.0,0.0
2022-06-27,84.0,11.0,8.0,1.0,103.0,1.0,0.0,0.0,2.0,0.0,0.0
2022-07-01,51.0,3.0,6.0,7.0,136.0,0.0,2.0,0.0,3.0,0.0,0.0
2022-07-04,34.0,9.0,5.0,1.0,102.0,1.0,1.0,-1.0,5.0,0.0,0.0
2022-07-08,59.0,33.0,17.0,8.0,170.0,-1.0,0.0,0.0,6.0,0.0,0.0
2022-07-11,27.0,10.0,9.0,2.0,103.0,0.0,5.0,0.0,0.0,0.0,0.0
2022-07-15,69.0,18.0,3.0,2.0,164.0,2.0,2.0,0.0,0.0,0.0,0.0
2022-07-18,36.0,5.0,6.0,0.0,83.0,1.0,1.0,0.0,0.0,0.0,0.0
2022-07-22,38.0,19.0,4.0,0.0,167.0,2.0,3.0,1.0,2.0,0.0,0.0
2022-07-25,24.0,5.0,5.0,3.0,142.0,0.0,1.0,0.0,0.0,0.0,0.0
2022-07-29,39.0,10.0,25.0,4.0,184.0,0.0,0.0,0.0,1.0,0.0,0.0
2022-08-01,19.0,2.0,10.0,7.0,101.0,1.0,0.0,0.0,0.0,0.0,0.0
2022-08-05,62.0,23.0,19.0,15.0,193.0,2.0,0.0,0.0,3.0,2.0,0.0
2022-08-08,31.0,17.0,29.0,11.0,129.0,2.0,2.0,0.0,2.0,0.0,0.0
2022-08-12,53.0,66.0,73.0,11.0,231.0,4.0,0.0,0.0,4.0,3.0,0.0
2022-08-15,38.0,48.0,37.0,8.0,169.0,0.0,0.0,0.0,0.0,0.0,0.0
2022-08-19,53.0,39.0,30.0,19.0,132.0,0.0,0.0,0.0,5.0,5.0,0.0
2022-08-22,42.0,27.0,36.0,18.0,179.0,1.0,0.0,0.0,2.0,8.0,0.0
2022-08-26,38.0,21.0,35.0,11.0,93.0,0.0,1.0,1.0,5.0,14.0,0.0
2022-08-29,4.0,17.0,15.0,3.0,83.0,0.0,0.0,-1.0,-1.0,11.0,0.0
2022-09-02,19.0,9.0,22.0,6.0,89.0,2.0,0.0,0.0,0.0,3.0,0.0
2022-09-05,12.0,5.0,3.0,2.0,50.0,1.0,0.0,0.0,2.0,0.0,0.0
2022-09-09,20.0,13.0,27.0,12.0,132.0,0.0,0.0,2.0,1.0,2.0,0.0
2022-09-12,8.0,13.0,1.0,5.0,39.0,0.0,0.0,0.0,1.0,0.0,1.0
2022-09-19,21.0,16.0,4.0,1.0,102.0,1.0,2.0,-1.0,1.0,0.0,0.0
2022-09-23,12.0,9.0,0.0,1.0,43.0,4.0,2.0,0.0,2.0,-1.0,0.0
2022-09-26,8.0,3.0,0.0,0.0,43.0,1.0,0.0,0.0,2.0,-3.0,0.0
2022-10-03,23.0,9.0,4.0,2.0,81.0,9.0,0.0,0.0,0.0,4.0,-1.0
2022-10-10,17.0,2.0,3.0,4.0,52.0,5.0,0.0,0.0,0.0,3.0,0.0
2022-10-14,2.0,2.0,10.0,2.0,53.0,1.0,0.0,1.0,0.0,2.0,0.0
2022-10-17,9.0,0.0,6.0,5.0,64.0,6.0,0.0,0.0,3.0,1.0,0.0
2022-10-21,9.0,0.0,8.0,14.0,100.0,1.0,0.0,0.0,4.0,3.0,0.0
2022-10-24,17.0,2.0,1.0,5.0,95.0,3.0,0.0,0.0,2.0,1.0,0.0
2022-10-28,33.0,5.0,11.0,13.0,157.0,5.0,0.0,0.0,4.0,0.0,0.0
2022-10-31,21.0,1.0,3.0,11.0,96.0,3.0,0.0,0.0,1.0,0.0,0.0
2022-11-04,22.0,6.0,10.0,26.0,82.0,1.0,0.0,0.0,1.0,0.0,0.0
2022-11-07,51.0,4.0,11.0,5.0,143.0,3.0,1.0,1.0,1.0,1.0,0.0
2022-11-11,58.0,13.0,19.0,11.0,107.0,5.0,0.0,0.0,0.0,2.0,0.0
2022-11-14,60.0,8.0,5.0,14.0,132.0,7.0,0.0,2.0,1.0,2.0,0.0
2022-11-18,52.0,23.0,25.0,13.0,134.0,4.0,0.0,3.0,1.0,3.0,0.0
2022-11-21,26.0,6.0,11.0,4.0,64.0,1.0,0.0,0.0,2.0,0.0,0.0
2022-11-25,22.0,16.0,18.0,5.0,58.0,2.0,0.0,1.0,1.0,0.0,0.0
2022-11-28,25.0,7.0,11.0,4.0,82.0,3.0,0.0,3.0,3.0,0.0,0.0
2022-12-02,27.0,13.0,10.0,9.0,69.0,1.0,0.0,2.0,6.0,2.0,0.0
2022-12-05,24.0,8.0,3.0,0.0,35.0,0.0,0.0,2.0,1.0,0.0,0.0
2022-12-09,38.0,11.0,24.0,1.0,91.0,2.0,0.0,2.0,2.0,2.0,0.0
2022-12-12,9.0,4.0,9.0,0.0,37.0,0.0,0.0,0.0,1.0,0.0,0.0
2022-12-16,43.0,11.0,15.0,0.0,103.0,2.0,0.0,2.0,3.0,1.0,0.0
2022-12-19,18.0,7.0,2.0,4.0,44.0,0.0,0.0,4.0,1.0,0.0,0.0
2022-12-23,27.0,9.0,5.0,1.0,71.0,1.0,0.0,4.0,2.0,0.0,-1.0
2022-12-26,14.0,10.0,2.0,1.0,23.0,1.0,0.0,0.0,1.0,0.0,0.0
2022-12-30,24.0,15.0,12.0,5.0,81.0,6.0,1.0,0.0,1.0,0.0,0.0
2023-01-05,24.0,13.0,15.0,6.0,92.0,11.0,3.0,2.0,2.0,1.0,0.0
2023-01-09,16.0,1.0,4.0,1.0,26.0,1.0,1.0,0.0,1.0,0.0,0.0
